Date;BA;CAT;KO;DIS;JPM;MMM;MSFT;PFE;WMT;XOM;Y05;Y10;Y15;Y20;Y30
1996-01-12;23.880096435546875;6.895904064178467;8.294347763061523;14.57537841796875;7.939786434173584;11.426000595092773;3.2531676292419434;3.405158519744873;2.2925186157226562;7.695721626281738;0.05424448657916;0.0586796512295;0.06167673655655;0.06352749067188;0.06495561155063
1996-01-19;24.072053909301758;7.00000524520874;8.36560344696045;14.57537841796875;8.492895126342773;11.008516311645508;3.4855363368988037;3.4259233474731445;2.0478122234344482;7.840692520141602;0.05257494027394;0.05665631195973;0.05956501104793;0.06149745386631;0.06332398442276001
1996-01-26;23.572954177856445;7.38559627532959;8.493865966796875;14.757570266723633;8.992476463317871;11.469947814941406;3.433372974395752;3.647397756576538;2.0606906414031982;7.707801342010498;0.053543065415979994;0.057673503927359995;0.0604439376872;0.062219012835139996;0.06378716186167
1996-02-02;23.956886291503906;7.519073009490967;8.56512451171875;15.061225891113281;9.313633918762207;11.535869598388672;3.5282180309295654;3.758134603500366;2.2152411937713623;7.804447650909424;0.05254323989695;0.05791181723001;0.06140198131825;0.06348166501808;0.06493036239797
1996-02-09;25.45682716369629;7.667378902435303;9.078169822692871;15.243428230285645;9.545585632324219;12.019277572631836;3.7985241413116455;3.8304636478424072;2.3053977489471436;8.059837341308594;0.05242845256985;0.05807681271898;0.061641897530380005;0.06364997324268;0.06476157285968
1996-02-16;25.148733139038086;7.949159145355225;9.177937507629395;15.577442169189453;9.67048454284668;11.689681053161621;3.7131643295288086;3.7818024158477783;2.189483404159546;7.950096607208252;0.05283214765876;0.05904031161833;0.06287259094561;0.06494139279934;0.06585870152118
1996-02-23;25.764923095703125;8.305089950561523;9.477211952209473;15.789994239807129;10.348484992980957;11.640110969543457;3.9265620708465576;3.7818024158477783;2.2925186157226562;8.023262023925781;0.055227432419589995;0.06135808515601;0.06514151415391;0.06702662817039;0.06735190541319
1996-03-01;24.802125930786133;8.008484840393066;9.363201141357422;16.03292465209961;10.384166717529297;11.507332801818848;3.623061418533325;3.698378801345825;2.228120803833008;7.779392719268799;0.05601137599673;0.06125106177953;0.06485391234842;0.06665983092211;0.06625617757292
1996-03-08;24.224414825439453;7.978818416595459;9.149431228637695;15.941828727722168;9.474221229553223;11.153263092041016;3.608834743499756;3.6566665172576904;2.318276882171631;7.730616092681885;0.060501483916099996;0.06515228894239;0.06834043742529;0.06967955116509;0.06830450467044
1996-03-15;24.917659759521484;8.542377471923828;9.249147415161133;16.822420120239258;9.688326835632324;11.241776466369629;3.8838860988616943;3.4967751502990723;2.4524686336517334;7.7062296867370605;0.061777431020669994;0.065705432164;0.06882242217024;0.07020809362285;0.06878494243351
1996-03-22;27.382457733154297;8.216110229492188;9.59223747253418;15.759638786315918;10.152219772338867;11.418813705444336;3.8364620208740234;3.767895221710205;2.4524686336517334;7.937905311584473;0.06043867915414;0.06466142293512;0.06783884899787;0.06934066692887;0.06846425877298999
1996-03-29;26.689231872558594;8.0678071975708;9.463581085205078;15.516708374023438;10.063009262084961;11.440942764282227;3.9123401641845703;3.740091562271118;2.3750205039978027;7.950096607208252;0.06078458669457001;0.06488407607476;0.06819079523958;0.06978264764417;0.06877942059589
1996-04-04;26.304100036621094;8.141958236694336;9.577942848205566;15.789994239807129;10.500276565551758;11.551582336425781;3.9597604274749756;3.9625492095947266;2.3233895301818848;8.328093528747559;0.06103229835269;0.06486337568139999;0.06801679089848;0.06952523056873999;0.06846257831879
1996-04-12;25.11022186279297;8.334750175476074;9.234856605529785;14.935223579406738;9.802647590637207;11.352423667907715;3.8364620208740234;3.8374147415161133;2.3362984657287598;7.986675262451172;0.0626938827429;0.0670682234565;0.0696252722791;0.07077935801186;0.07067683788076
1996-04-19;24.994674682617188;7.751919269561768;9.006124496459961;15.361077308654785;9.695319175720215;11.396685600280762;4.163676738739014;3.8930304050445557;2.3233895301818848;7.998873233795166;0.06277031079258;0.06698048989442;0.06980931256434;0.07086218743097;0.06940970810806
1996-04-26;24.879140853881836;7.737011909484863;9.292033195495605;15.056900978088379;9.892085075378418;11.529460906982422;4.305942058563232;3.7261881828308105;2.4524686336517334;8.23054313659668;0.06258184741047;0.06633848486492;0.06936360410298;0.07080583224542;0.06942224119228001
1996-05-03;24.031862258911133;7.602839469909668;9.120488166809082;14.357282638549805;9.444886207580566;11.396685600280762;4.20635461807251;3.68447208404541;2.4234254360198975;8.035449028015137;0.06574938557365;0.07001704297408;0.07282656230226;0.07386855933521;0.0724281176837
1996-05-10;24.45550537109375;7.587934494018555;9.59223747253418;14.418121337890625;9.856314659118652;11.551582336425781;4.358107566833496;3.7156271934509277;2.4524686336517334;8.222872734069824;0.06442854703365;0.06843557464802;0.07100912675703;0.07200280086566;0.07087002027736
1996-05-17;25.660249710083008;8.214049339294434;10.55003547668457;14.90480899810791;10.160408973693848;12.149087905883789;4.438724517822266;3.736577033996582;2.5428225994110107;8.345972061157227;0.06371529431382;0.06733435303962;0.07007520028851;0.07114318478204;0.06939367074295
1996-05-24;25.930768966674805;8.15442180633545;10.864533424377441;15.208982467651367;10.249846458435059;12.543119430541992;4.495629787445068;3.918170213699341;2.58154559135437;8.567545890808105;0.06364715843478;0.06715214662883;0.06981876421751;0.07094363129312;0.069392699529
1996-05-31;26.355863571166992;7.8264546394348145;10.521445274353027;14.78313159942627;10.017300605773926;12.164373397827148;4.505115985870361;3.9530928134918213;2.6719002723693848;8.345972061157227;0.06581218025101;0.06894199838748;0.07135665886634;0.07232692734879001;0.07074139352439
1996-06-07;26.549102783203125;7.8264546394348145;10.721576690673828;15.391496658325195;10.267735481262207;12.476274490356445;4.599960803985596;4.127699375152588;2.684805393218994;8.456751823425293;0.0667776420835;0.06955398710277;0.07168786416299999;0.07256628154848001;0.07152618608775
1996-06-14;25.776187896728516;7.781734943389893;10.492166519165039;14.9656400680542;10.357178688049316;12.186652183532715;4.666350841522217;4.232461452484131;2.7031214237213135;8.222872734069824;0.06664307176709;0.06994260195735;0.07219439089502;0.07317249011143;0.07254266661787
1996-06-21;27.553863525390625;8.199151039123535;10.922176361083984;15.33065414428711;9.659541130065918;12.298044204711914;4.699546813964844;4.106744289398193;2.6513867378234863;8.493683815002441;0.06660500724607;0.06991478073519;0.07208184884459;0.07296418673213;0.07223309181508
1996-06-28;26.935537338256836;8.079885482788086;11.237508773803711;15.300239562988281;10.106738090515137;12.298044204711914;4.557281494140625;3.9880120754241943;2.6255202293395996;8.5552339553833;0.06413492087765;0.06747132951218;0.06997274943922;0.07102156630384;0.0699426054149
1996-07-05;27.785737991333008;8.15442180633545;10.893503189086914;14.448534965515137;9.916220664978027;12.075263023376465;4.490890979766846;3.9670603275299072;2.534985065460205;8.666022300720215;0.06745398276425;0.07051413569002;0.07259072959283;0.0734355868274;0.07267082095719
1996-07-12;27.288171768188477;8.00534439086914;10.807501792907715;13.866706848144531;9.808046340942383;11.941581726074219;4.263261318206787;4.008965969085693;2.4703168869018555;8.832199096679688;0.06576184624137;0.06882618795202;0.07099822137702999;0.07191553827531;0.07110713815727
1996-07-19;26.97418212890625;8.039349555969238;10.807501792907715;13.98861312866211;9.916220664978027;12.105926513671875;4.5898823738098145;4.022934913635254;2.483250379562378;8.407516479492188;0.06471284500779001;0.06803941082964;0.0703246685232;0.07131350335509;0.07063678661377
1996-07-26;27.32197380065918;7.9493489265441895;10.807501792907715;13.196227073669434;9.970314025878906;11.73557186126709;4.519343376159668;3.932138681411743;2.483250379562378;8.198253631591797;0.06542279136124;0.06843174220717;0.07072407981927001;0.07171703262892;0.07077859573519
1996-08-02;28.32675552368164;8.159339904785156;11.294844627380371;14.140995025634766;10.67345905303955;12.453133583068848;4.680579662322998;4.0963335037231445;2.534985065460205;8.345972061157227;0.06190425679464;0.06527471609973;0.06782674679009;0.06908614596090999;0.06865822856669
1996-08-09;28.13353157043457;8.384321212768555;11.180173873901367;13.927661895751953;10.529229164123535;12.152220726013184;4.7232584953308105;4.026191234588623;2.61258602142334;8.016395568847656;0.06187878303383;0.06502402737521;0.06783868575076;0.06915022009541;0.06766048565982001
1996-08-16;28.453683853149414;8.3693208694458;11.868185043334961;14.171463012695312;10.997993469238281;12.406835556030273;4.713774681091309;4.089319229125977;2.8841915130615234;8.19039535522461;0.062409258232409996;0.06571456619584999;0.06861510385261;0.06996785943494001;0.06844005342438
1996-08-23;28.02727508544922;8.54930305480957;11.782187461853027;14.232418060302734;11.268431663513184;12.309714317321777;4.675835132598877;4.173490524291992;2.7807230949401855;8.202825546264648;0.06414851524959;0.06731449910374;0.07009322488296;0.07150564283430999;0.07033194771583
1996-08-30;28.066024780273438;8.26433277130127;11.466849327087402;13.897181510925293;10.727551460266113;12.822617530822754;4.647383689880371;3.984107255935669;2.7342796325683594;8.10339641571045;0.06654246717158001;0.06987550980909;0.07216555573304001;0.0731800882645;0.07267339671425
1996-09-06;27.988487243652344;8.609297752380371;11.767855644226074;13.897181510925293;10.853760719299316;12.682738304138184;4.647383689880371;4.061262130737305;2.6824448108673096;8.351964950561523;0.06643726836308;0.0699222682325;0.07211179118809001;0.07306905013796;0.07271266508331001
1996-09-13;28.221088409423828;8.89427375793457;12.183926582336426;14.811469078063965;11.44872760772705;13.032449722290039;4.969853401184082;4.152447700500488;2.824988603591919;8.401679039001465;0.06443690674323001;0.06801505708958999;0.07015613633288;0.07141878170363;0.07234383178255001
1996-09-20;29.422809600830078;9.014270782470703;11.752896308898926;15.390525817871094;11.250411033630371;13.05575942993164;5.240162372589111;4.208561420440674;2.863865375518799;8.637823104858398;0.06569321855966;0.06885986438875;0.0708564493228;0.07217049509775;0.0734912927346
1996-09-27;29.422809600830078;8.87927532196045;11.666693687438965;15.360040664672852;11.629014015197754;13.009137153625488;5.097893714904785;4.376903057098389;2.708361864089966;8.289824485778809;0.06373092918627;0.06726101085275;0.06980892130505;0.07094290203712;0.0702147087299
1996-10-04;30.35317039489746;8.819281578063965;11.494277000427246;15.63432788848877;11.87325382232666;13.125699996948242;5.173769474029541;4.517188549041748;2.7342796325683594;8.737244606018066;0.061650493870479994;0.065304495481;0.06755973603693;0.0689091118688;0.06991993759469
1996-10-11;30.35317039489746;8.789287567138672;11.436811447143555;15.630876541137695;11.836943626403809;13.428778648376465;5.202221870422363;4.566289901733398;2.85090708732605;8.588107109069824;0.06240791595971;0.06608489921643;0.06892114855614001;0.07028133050483999;0.06925252119715
1996-10-18;30.469467163085938;8.942127227783203;11.494277000427246;15.875110626220703;11.96402359008789;13.5220365524292;5.112122058868408;4.76269006729126;2.9157004356384277;8.886390686035156;0.06195411972366;0.06539240613614;0.06822936767326;0.06981322948446;0.06891794409429
1996-10-25;29.190221786499023;8.489744186401367;11.46554183959961;16.18039894104004;12.145578384399414;13.871747970581055;5.176140308380127;4.531219005584717;2.799072504043579;8.799389839172363;0.06228054298256;0.06574639395376;0.0684460273007;0.06997847895194;0.06921611385599
1996-11-01;28.49243927001953;8.384188652038574;11.551753044128418;15.997220039367676;12.436050415039062;14.174825668334961;5.211706638336182;4.5943474769592285;2.7342796325683594;8.774535179138184;0.06065851960378;0.06416227133431;0.06692537000474;0.06848251400136;0.06777159347279
1996-11-08;29.11269187927246;8.866728782653809;12.09772777557373;16.72992515563965;13.035161018371582;14.92087173461914;5.444075584411621;5.0679545402526855;2.799072504043579;8.96631908416748;0.05987415557045;0.06301091968778999;0.06563668611178;0.06720128989514;0.06671634333936
1996-11-15;28.540800094604492;8.866728782653809;12.126468658447266;17.645797729492188;12.853612899780273;15.154014587402344;5.652731418609619;5.060914993286133;2.5398993492126465;9.054099082946777;0.05904913103968;0.06235987846076;0.06493956765827;0.06646099296109;0.06608276099417
1996-11-22;30.67938995361328;9.650863647460938;11.666693687438965;17.615266799926758;13.28933048248291;15.90138053894043;5.709641933441162;4.983484745025635;2.643568515777588;9.317445755004883;0.05878211546372;0.06189027609409;0.06468379587164;0.06630012270541;0.06564629167239
1996-11-29;30.912700653076172;9.545307159423828;11.781563758850098;18.04267692565918;13.72504711151123;15.713759422302246;5.951498508453369;5.0468363761901855;2.643568515777588;9.467931747436523;0.05777649940409;0.06099633786567;0.06394679950429999;0.06568779264245;0.0652114867498
1996-12-06;29.746177673339844;9.288959503173828;11.291864395141602;17.462615966796875;12.998849868774414;15.315048217773438;5.799744606018066;4.589311599731445;2.5917348861694336;9.51809310913086;0.05960896733986;0.06313446291864999;0.06586110177884;0.06717705713254;0.06633958511947
1996-12-13;30.096128463745117;9.183398246765137;11.032613754272461;17.15732765197754;12.417893409729004;15.291595458984375;6.070053577423096;4.631546497344971;2.4803435802459717;9.505556106567383;0.060183179828029995;0.0637838568401;0.06639130601824;0.067649990526;0.06722212645425
1996-12-20;32.77912902832031;9.108000755310059;12.184846878051758;17.676326751708984;13.28933048248291;15.90138053894043;6.345098495483398;4.78640079498291;2.4543721675872803;9.994621276855469;0.060668104248560006;0.06362938370521;0.06624666228067;0.06774825318199;0.06692732511413
1996-12-27;32.468055725097656;9.258794784545898;12.444099426269531;17.401559829711914;13.380097389221191;16.018648147583008;6.392520904541016;4.79343843460083;2.5063159465789795;10.019705772399902;0.06035063381413;0.06310059902038;0.06559721392522;0.06716523926924;0.06678855583514
1996-12-31;33.129093170166016;9.07784366607666;12.127238273620605;17.03521156311035;12.980696678161621;15.573034286499023;6.269221305847168;4.67378044128418;2.363469362258911;9.831602096557617;0.06159854126124;0.06437175068393;0.06673761213209;0.06808583167969;0.06715607893485
1997-01-10;32.70136642456055;9.40959358215332;12.47291088104248;16.60379409790039;12.825041770935059;15.713759422302246;6.392520904541016;4.814555644989014;2.4933300018310547;10.609101295471191;0.06333250796539999;0.06634375474852999;0.0690180413941;0.07031974610861;0.06875631572495
1997-01-17;33.01244354248047;9.549358367919922;13.538715362548828;17.123620986938477;13.446197509765625;16.0655574798584;6.610662937164307;4.955331802368164;2.428398370742798;10.320672988891602;0.06263657801855001;0.06570946558948;0.06845376047885;0.06996981447167;0.0689883738228
1997-01-24;34.1789436340332;9.124939918518066;13.164243698120117;17.429397583007812;13.025999069213867;15.197775840759277;7.279322147369385;4.906061172485352;2.3894402980804443;10.057327270507812;0.06333420517248001;0.06648078267694;0.06921303947341001;0.07057973589961;0.06926917851911
1997-01-31;33.32349395751953;9.412939071655273;13.337080955505371;17.8269100189209;13.519275665283203;15.995194435119629;7.739311695098877;5.208728313446045;2.467357635498047;10.395917892456055;0.06217275427482;0.06530327928198;0.06799974158010999;0.06961296654024;0.06900465597598
1997-02-07;34.06229019165039;9.640303611755371;13.423491477966309;18.34673500061035;14.304850578308105;15.831029891967773;7.616017818450928;5.1858696937561035;2.4803435802459717;10.210977554321289;0.06125392946821;0.06449378068422;0.06724569230294;0.06881920941331;0.0680305515714
1997-02-14;33.60576248168945;9.670620918273926;13.970805168151855;19.11118507385254;14.871207237243652;15.948287010192871;7.426327705383301;5.454347133636475;2.558260440826416;10.501641273498535;0.06012643076166;0.06304484933602;0.06583943368546;0.06749324138848001;0.06680557666994
1997-02-21;33.644752502441406;9.655457496643066;14.287670135498047;18.438474655151367;14.980817794799805;16.094818115234375;7.20818567276001;5.355438709259033;2.4933300018310547;10.488996505737305;0.06099708641845;0.06403494747586;0.06683773696565;0.06842472475366;0.06750365559498
1997-02-28;31.734445571899414;9.488725662231445;14.057222366333008;18.16326332092285;14.63370418548584;17.36919403076172;7.39787483215332;5.178806304931641;2.7400665283203125;10.13515567779541;0.06332654275925;0.06593202745353001;0.06847465628778;0.06998100329449;0.06908604904712
1997-03-07;33.176910400390625;9.882830619812012;13.94200325012207;18.591358184814453;15.565431594848633;17.251201629638672;7.340965747833252;5.320112705230713;2.8309667110443115;10.147790908813477;0.0634063167117;0.06624965389180999;0.06892026871863;0.07034989541797;0.06901754201685
1997-03-14;32.12430191040039;9.837353706359863;13.74258041381836;18.28558349609375;14.670242309570312;16.94441032409668;7.511689186096191;5.150547027587891;2.986802101135254;10.223621368408203;0.06475831786351;0.06758415495014;0.07008678140697;0.07145425607404;0.07018509814067
1997-03-21;32.98198318481445;9.837353706359863;13.858064651489258;18.102115631103516;14.907736778259277;16.44881820678711;7.13231086730957;5.086959362030029;3.0980167388916016;10.463725090026855;0.06538186674474;0.0677676347472;0.07013030882198999;0.07142494429439;0.07004694906955
1997-03-27;31.734445571899414;9.716085433959961;13.251778602600098;18.34673500061035;14.085626602172852;16.14202308654785;7.113340377807617;4.938589572906494;3.006899118423462;10.931305885314941;0.06688738357861;0.0694171912763;0.07154289201004;0.07238406991824001;0.07072316606961
1997-04-04;30.564844131469727;9.594828605651855;13.251778602600098;18.040958404541016;13.809778213500977;15.717231750488281;7.146533966064453;4.9527201652526855;2.902763843536377;10.299442291259766;0.06711389646833;0.06966069644942001;0.07196509496798;0.07296669949051;0.07119704332935001
1997-04-11;31.30558204650879;9.321990013122559;12.414522171020508;17.73629379272461;13.276504516601562;15.339641571044922;7.20818567276001;4.712502479553223;2.876730442047119;10.236252784729004;0.06772784035997;0.07016161781806;0.07236825858163;0.07320662988519;0.07122807722049
1997-04-18;31.07170295715332;10.249582290649414;13.771452903747559;18.80843734741211;12.871960639953613;15.717231750488281;8.166117668151855;4.9880452156066895;2.928799629211426;10.817571640014648;0.06642727552442;0.06874735651215;0.0710599856208;0.07210038128387;0.07027428268991
1997-04-25;31.81239891052246;10.615097045898438;13.655976295471191;18.961593627929688;12.559354782104492;16.118419647216797;8.621365547180176;5.235327243804932;2.824662446975708;10.665923118591309;0.06756364395928;0.06977832346008;0.07187229596578999;0.07273833849727;0.07100421629328
1997-05-02;31.34459686279297;11.376585006713867;14.781942367553711;19.6967830657959;14.030442237854004;16.54320526123047;9.161980628967285;5.503805160522461;2.954831600189209;11.398890495300293;0.06461872645278001;0.0672352511341;0.06934478343542;0.07025884014556;0.06924364230512
1997-05-09;30.525876998901367;11.772554397583008;15.099520683288574;20.156267166137695;14.398207664489746;17.27478790283203;8.858480453491211;5.558176517486572;3.0199155807495117;11.76004409790039;0.06448727764526;0.06694701240888999;0.06907423130878;0.07009002354282;0.06916432456972
1997-05-16;30.884931564331055;12.001007080078125;15.445965766906738;19.819307327270508;13.773000717163086;17.58157730102539;8.758892059326172;5.714141845703125;3.111032485961914;11.836404800415039;0.06472408656407;0.0673011251976;0.06938316685504;0.0702399596761;0.06904883657355
1997-05-23;31.354084014892578;11.879165649414062;15.734684944152832;20.401329040527344;13.993658065795898;17.49384880065918;9.32321548461914;5.699963569641113;3.137068033218384;12.192774772644043;0.06461076826954;0.06730647345823;0.06932621956418;0.07018037362141;0.06940830107927
1997-05-30;32.95696258544922;11.894392967224121;15.8212890625;20.064373016357422;13.901711463928223;17.44636344909668;9.408574104309082;5.8417510986328125;3.111032485961914;12.065497398376465;0.06435680219095001;0.06708141326273;0.06937656021604;0.0704187178345;0.06940889928157999
1997-06-06;34.364376068115234;12.198982238769531;15.648067474365234;19.941837310791016;14.765976905822754;17.565052032470703;9.413320541381836;6.06861686706543;3.2672386169433594;12.472774505615234;0.06305721696033001;0.06534516359056;0.06788217335133;0.06925344010709;0.06784286975138999
1997-06-13;35.88907241821289;13.249837875366211;16.634878158569336;20.46259117126465;14.9130859375;18.751882553100586;9.83537769317627;6.3876471519470215;3.3323209285736084;12.981870651245117;0.06231045251134;0.06489730568005;0.0674164245602;0.06866794371343;0.06724301127903
1997-06-20;35.57632827758789;13.051846504211426;16.519145965576172;20.156267166137695;15.096970558166504;19.39276695251465;9.854351997375488;6.4939866065979;3.5217339992523193;12.930960655212402;0.06186818464586;0.06431465793851;0.0666878977353;0.06780118469958;0.06633474253525
1997-06-27;33.152435302734375;13.158455848693848;16.432361602783203;19.589569091796875;14.361427307128906;19.36903190612793;9.674140930175781;6.919356346130371;3.4108638763427734;12.307319641113281;0.06298621047538;0.06560440688934001;0.06804603747047999;0.06918325752901999;0.06741408357475
1997-07-03;34.52073669433594;13.2879056930542;16.374500274658203;18.930965423583984;15.286561965942383;19.333431243896484;9.830635070800781;7.231297016143799;3.697817802429199;13.160055160522461;0.06124781296488;0.0636914065651;0.0661532228098;0.06747581615972;0.06616765840879
1997-07-11;35.34175109863281;13.996091842651367;16.157527923583984;18.763582229614258;15.110743522644043;19.618267059326172;9.844862937927246;7.01152229309082;3.697817802429199;12.574596405029297;0.06057085447407;0.06289316443851;0.06525593884682;0.06649801857015;0.06511059976134
1997-07-18;35.06807327270508;13.308531761169434;16.027345657348633;18.6254940032959;15.101490020751953;18.68067169189453;10.660528182983398;6.635781764984131;3.652167558670044;12.307319641113281;0.0607616117243;0.06302338945995001;0.06511925075036;0.06625284988400999;0.06503286621992001
1997-07-25;36.827354431152344;13.90511703491211;16.229848861694336;19.39261245727539;15.702953338623047;17.96857452392578;10.508777618408203;6.763389587402344;4.004340648651123;12.790959358215332;0.06007414126841;0.06231503820724;0.06445468889538;0.06562430977134999;0.06446047108221001
1997-08-01;36.59279251098633;14.425214767456055;15.882680892944336;19.776168823242188;16.628293991088867;17.89737319946289;10.670008659362793;6.676406383514404;3.8282549381256104;12.956413269042969;0.060219887487859995;0.06254863769897;0.06466633937551;0.0656938779251;0.06412107264046
1997-08-08;36.59279251098633;14.287543296813965;14.508503913879395;19.43863296508789;15.906536102294922;18.004180908203125;10.622586250305176;6.292459487915039;3.8673832416534424;12.625496864318848;0.06192763475984;0.06453817120176;0.06687083587596;0.06800475216747999;0.06675977761052
1997-08-15;34.76298141479492;14.2110595703125;13.597198486328125;18.809606552124023;16.267410278320312;17.37516212463379;10.081974983215332;6.015164375305176;3.6586861610412598;12.094566345214844;0.060899795189389996;0.06371724219152;0.06592712472963;0.06703450629308;0.06572683702418
1997-08-22;34.88056564331055;14.501704216003418;14.045615196228027;19.177820205688477;16.878137588500977;17.665794372558594;10.413934707641602;6.377782821655273;3.782600164413452;12.863295555114746;0.06187309009564;0.06467641368935001;0.06704212360964;0.06815175400198;0.06646594714285001
1997-08-29;34.17510986328125;14.2110595703125;13.264498710632324;18.855632781982422;16.46173858642578;17.16446876525879;10.02980899810791;6.306679725646973;3.7043395042419434;12.54299259185791;0.06163360706599;0.06427038245415;0.06637655432087;0.06725734334530001;0.06597667031521
1997-09-05;34.72380828857422;13.920411109924316;13.857577323913574;19.193159103393555;16.95215606689453;17.546432495117188;10.418675422668457;6.633747100830078;3.9456443786621094;13.119534492492676;0.061843255257629993;0.06468390813923999;0.06675999896344;0.06762810625479;0.06667622919192
1997-09-12;33.195316314697266;13.216745376586914;13.23880386352539;18.932344436645508;16.730073928833008;17.52255630493164;10.466094970703125;6.619523525238037;4.04347038269043;12.927351951599121;0.06108792388115;0.06398984646095;0.06609014182068;0.06697602531418;0.06625699195347
1997-09-19;32.84260177612305;13.660355567932129;13.731812477111816;19.622751235961914;17.40558624267578;16.555709838867188;10.257436752319336;6.882602691650391;3.9984066486358643;13.491076469421387;0.059323746493060006;0.06186057922451;0.06383979417454;0.06470847674762;0.06403589468026999
1997-09-26;34.21430969238281;13.232034683227539;14.369827270507812;19.515352249145508;17.3778133392334;17.271894454956055;10.119913101196289;6.939479827880859;3.7893378734588623;13.170783996582031;0.05951920598696;0.061830848461669995;0.06338558659163;0.06441001225535001;0.06539453992455
1997-10-03;32.607452392578125;13.49209213256836;14.471335411071777;20.712045669555664;18.249738693237305;18.131305694580078;10.238472938537598;7.024799346923828;3.867736339569092;13.362963676452637;0.05864374646742;0.06106947364542;0.06270370607698;0.06375600621708;0.06469692529345
1997-10-10;34.057533264160156;14.348733901977539;14.311829566955566;20.543283462524414;18.110210418701172;18.298416137695312;10.35702133178711;7.323427200317383;3.7501378059387207;13.234841346740723;0.05989768274388;0.06261369272855;0.06440515439746;0.06520004755645;0.06493967553238
1997-10-17;32.5290641784668;14.347322463989258;13.572308540344238;20.313488006591797;18.110210418701172;18.02388572692871;10.034553527832031;7.415859699249268;3.626004219055176;13.042662620544434;0.06037249450097;0.06274182137737;0.06453924054891;0.06528305178337;0.06459830823845
1997-10-24;30.37352180480957;14.239794731140137;12.876288414001465;20.25201988220215;18.3985595703125;18.2864933013916;10.27166748046875;8.155313491821289;3.5606720447540283;12.837668418884277;0.05883229379491001;0.06109547896071;0.06297256354192;0.06385447282834;0.06338432850834
1997-10-31;30.09919548034668;12.596152305603027;13.137301445007324;20.25201988220215;17.180055618286133;17.47481918334961;9.863829612731934;8.077101707458496;3.6586709022521973;12.594240188598633;0.05722118313918;0.059383062742310005;0.06153278982087;0.06265583995887;0.06169621604333
1997-11-07;28.688282012939453;12.519342422485352;13.224308013916016;21.220060348510742;17.477705001831055;17.761287689208984;9.98238468170166;8.067739486694336;3.7893378734588623;12.408246994018555;0.05795482858532;0.05976981939952;0.06172669064874001;0.06282477216125;0.061771031706940004
1997-11-14;30.190574645996094;11.290458679199219;13.354806900024414;21.312257766723633;15.422042846679688;18.09549903869629;10.115166664123535;8.131885528564453;4.129073619842529;12.575934410095215;0.05768639251232;0.0593984838161;0.06123821361838;0.062238127906020006;0.061070530568769994
1997-11-21;31.52712631225586;11.720565795898438;14.790337562561035;23.294435501098633;16.863798141479492;18.582115173339844;10.461349487304688;8.41696548461914;4.181337833404541;13.195049285888672;0.05718419442864;0.058799191905220004;0.06062924226406;0.06164791252967;0.060555741710169995
1997-11-28;33.41404342651367;11.782010078430176;14.532068252563477;23.340530395507812;16.18478012084961;18.714153289794922;10.736404418945312;8.295806884765625;4.18787145614624;12.58882999420166;0.05780897638577;0.058868597402000004;0.06054664210629;0.061474005455659994;0.06019420062215999
1997-12-05;32.94231414794922;12.71904182434082;15.360387802124023;23.11004638671875;17.440500259399414;18.546091079711914;10.859701156616211;8.609393119812012;4.279339790344238;13.2079496383667;0.05830144793884;0.059407164557670006;0.06083291228586;0.06167783668112001;0.060699737200130006
1997-12-12;30.819522857666016;12.473258018493652;15.098820686340332;23.017850875854492;16.5289363861084;17.74181365966797;10.37598991394043;8.552375793457031;4.174805641174316;12.795197486877441;0.0565317143759;0.05790583181483;0.05954203047541;0.060485548132859994;0.05952770403553
1997-12-19;30.544368743896484;11.828093528747559;15.215063095092773;23.555644989013672;16.09176254272461;16.0612735748291;9.764246940612793;8.295806884765625;4.044354438781738;12.434041976928711;0.05630816859111001;0.05771067241668;0.05924153068546;0.06018066659848;0.05972067925281
1997-12-26;30.072647094726562;11.305813789367676;14.968019485473633;23.371261596679688;15.877825736999512;16.049272537231445;9.161980628967285;8.203157424926758;3.933100938796997;12.524331092834473;0.05667413657817;0.05762717898342;0.05904005401363;0.059967207323720004;0.059330039595589995
1997-12-31;30.780223846435547;11.920262336730957;15.505704879760742;24.339305877685547;16.296401977539062;15.761173248291016;9.806930541992188;8.502488136291504;4.129429817199707;12.627523422241211;0.05663369240053;0.05779748221504;0.05940162804844;0.06035654857767;0.059390141515090006
1998-01-02;30.74091339111328;12.043150901794434;15.563843727111816;24.492963790893555;16.55757713317871;16.037263870239258;9.949191093444824;8.630773544311523;4.122884750366211;12.769407272338867;0.0557996427171;0.056881927252929995;0.05856835964272;0.05962627566137;0.058833662806209996
1998-01-09;28.38227653503418;11.167562484741211;14.909894943237305;23.633438110351562;15.247933387756348;15.869219779968262;9.63620376586914;8.431219100952148;3.9985427856445312;11.995504379272461;0.052297663815;0.05514964081072;0.05722473570589;0.058318541164170005;0.05852474591374
1998-01-16;27.320890426635742;11.197199821472168;15.113340377807617;23.664213180541992;15.790504455566406;15.989251136779785;10.262176513671875;8.780437469482422;4.201417446136475;12.550128936767578;0.05388804070969;0.056304285578800004;0.058149631497580005;0.05905991302557;0.058850016111740004
1998-01-23;27.871240615844727;11.243537902832031;14.837233543395996;24.2796688079834;15.453739166259766;15.665141105651855;10.489803314208984;8.901597023010254;4.1359734535217285;12.188977241516113;0.055020191498019996;0.05791419316884;0.059942855980839996;0.0608830811389;0.06051361423015
1998-01-30;29.95469856262207;11.861321449279785;15.05521011352539;26.310659408569336;16.043088912963867;16.037263870239258;11.319701194763184;9.322092056274414;4.168696403503418;12.24056625366211;0.05363073326058;0.0562100768955;0.05839792039883;0.05944767756977;0.05852246365005
1998-02-06;29.20781135559082;12.540863990783691;15.62197208404541;26.72610092163086;17.502391815185547;16.817527770996094;11.99782943725586;9.243586540222168;4.508996486663818;12.880459785461426;0.05446346911088;0.05722199421612;0.059389606207190006;0.060415326426869996;0.05972875935484
1998-02-13;31.775867462158203;13.235865592956543;15.941675186157227;27.433870315551758;17.68947982788086;16.901554107666016;11.950411796569824;9.557892799377441;4.626794338226318;13.114180564880371;0.053886476164349995;0.05633925853341;0.05855254491735;0.059726456622770006;0.05897793831338
1998-02-20;31.6181697845459;13.00420093536377;16.174184799194336;28.157026290893555;17.932701110839844;16.995616912841797;11.770211219787598;9.979357719421387;4.751132965087891;13.36087703704834;0.054359332608589994;0.05670920492866;0.05874800761985;0.05976342268931;0.05880071648869
1998-02-27;34.22017288208008;13.482972145080566;15.95620346069336;27.55695915222168;18.568817138671875;16.488290786743164;12.860920906066895;10.115082740783691;4.84929895401001;13.244019508361816;0.05556726193582;0.05729086848327;0.05920581036296;0.0602714824339;0.05929082518546
1998-03-06;33.076881408691406;13.174089431762695;16.39217185974121;26.00294303894043;18.2039794921875;17.3096866607666;12.55742073059082;9.857917785644531;5.255043029785156;13.036270141601562;0.05636116808317;0.05843695482971;0.06035073881513;0.06129314361376;0.05999887343015
1998-03-13;32.68262481689453;13.884529113769531;16.440649032592773;26.095251083374023;18.74654197692871;17.345922470092773;12.50051212310791;9.815057754516602;5.3793840408325195;13.36087703704834;0.05510927354054;0.05696141842131999;0.058904534801729996;0.059948458236439996;0.058899939528190004
1998-03-20;33.7076416015625;13.853638648986816;18.057050704956055;26.3414363861084;20.149734497070312;18.10691261291504;12.415153503417969;10.529403686523438;5.249913215637207;13.945180892944336;0.055165728137879996;0.056901403702589996;0.05885989273436001;0.05992958496615999;0.05887192982586
1998-03-27;32.32780456542969;13.714638710021973;17.4891300201416;26.402986526489258;20.07489585876465;18.28810691833496;13.325654983520508;10.943718910217285;5.236807346343994;14.049056053161621;0.05642953167798;0.05768445814389;0.05949135029202;0.060541381535300004;0.05948137101646
1998-04-03;34.653812408447266;13.40575885772705;18.741477966308594;27.310791015625;21.084558486938477;17.804933547973633;14.112872123718262;11.64377498626709;5.400662899017334;14.37366771697998;0.05416958242272;0.05586109299884;0.05778003760724;0.05886479133111;0.05797414744861
1998-04-09;34.8115119934082;13.544755935668945;18.304607391357422;26.888383865356445;21.310266494750977;18.17938995361328;13.50586223602295;11.343751907348633;5.328564643859863;13.86727237701416;0.05525802037651;0.05682968642088;0.05874036263273;0.059831199072079996;0.05886172771489
1998-04-17;33.86533737182617;14.08572006225586;17.896873474121094;27.951601028442383;20.651958465576172;18.83168601989746;13.980093002319336;12.022380828857422;5.58418083190918;14.970937728881836;0.05518742466585;0.05708939530107;0.05889171248476;0.05973414901443;0.059174136675259996
1998-04-24;31.97298812866211;14.132265090942383;17.154199600219727;30.108835220336914;20.17234230041504;17.841176986694336;13.980093002319336;13.515352249145508;5.269577503204346;15.269576072692871;0.05590857602436;0.05778934283261;0.05957670137875;0.060421808502429994;0.05991895918799
1998-05-01;32.64320755004883;14.178800582885742;17.751253128051758;30.98714256286621;21.197410583496094;18.3243465423584;13.600713729858398;12.843866348266602;5.308903694152832;15.711047172546387;0.055940992424;0.05787038113105;0.05957358865642;0.060348243864949996;0.05986916503156001
1998-05-08;31.854711532592773;13.853026390075684;17.809490203857422;29.4616641998291;20.59553337097168;18.155237197875977;13.012670516967773;12.722630500793457;5.295792579650879;15.204659461975098;0.0561889100715;0.05824745845413;0.059874953220489996;0.06062536270723;0.06033269175015
1998-05-15;31.391557693481445;14.34943962097168;17.911420822143555;27.27361488342285;21.366682052612305;18.529701232910156;13.57225227355957;11.978445053100586;5.6693806648254395;15.394769668579102;0.056373972594320004;0.05800429350368;0.059813162985170004;0.060715239880540006;0.059901926574370004
1998-05-22;30.600826263427734;14.535593032836914;18.362869262695312;28.675819396972656;21.733455657958984;18.611127853393555;12.984220504760742;12.071474075317383;5.820128917694092;14.741897583007812;0.056107780502280005;0.057367588283310005;0.059095444509990006;0.060102729621310004;0.05922759156294
1998-05-29;30.205486297607422;13.635847091674805;18.260921478271484;27.92078399658203;20.454471588134766;18.003721237182617;12.870408058166504;11.999919891357422;5.780805587768555;14.728840827941895;0.055429905170160006;0.05688936476368;0.05806729627248;0.05887696114884;0.0596592653999
1998-06-05;28.782180786132812;14.02366828918457;19.120086669921875;28.275182723999023;21.103361129760742;18.198083877563477;13.088549613952637;12.407792091369629;6.062633991241455;15.003046035766602;0.05575418266082;0.05688323104916;0.05783582058607;0.058557592207480004;0.05943811829175
1998-06-12;28.42635726928711;12.906745910644531;18.83449363708496;28.367639541625977;20.896472930908203;16.873931884765625;13.012670516967773;12.51512336730957;6.167503833770752;14.480754852294922;0.054039144128850004;0.0553723095929;0.056520914486139995;0.057323708859669996;0.05810884207586
1998-06-19;27.161203384399414;12.813663482666016;18.76154327392578;26.51858139038086;21.1785945892334;16.230072021484375;14.368947982788086;12.765563011169434;6.077448844909668;14.637442588806152;0.054645277244169996;0.05585220936871;0.056896936972069996;0.057554564320430004;0.0579941358661
1998-06-26;28.900789260864258;13.154946327209473;20.030794143676758;27.242786407470703;22.043806076049805;16.108592987060547;15.848531723022461;12.815655708312988;6.267783164978027;15.094461441040039;0.05470331989196;0.055486568450469995;0.056556543425630004;0.05714922717657;0.057060993948240005
1998-07-02;30.640377044677734;13.43417739868164;19.928674697875977;26.241222381591797;22.810869216918945;15.987096786499023;16.27532958984375;12.307609558105469;6.372795581817627;15.225022315979004;0.0540662749253;0.05506030028034;0.05628697078437;0.056896061863560006;0.0565089979675
1998-07-10;30.28455924987793;13.046357154846191;20.351755142211914;28.198137283325195;22.52739143371582;15.683402061462402;17.176345825195312;13.488277435302734;6.740325450897217;14.97694206237793;0.053930742311820004;0.055084875042680004;0.0565946492509;0.057327118614829996;0.056367547063080004
1998-07-17;31.6287784576416;13.27808666229248;20.10373878479004;29.12266731262207;22.659677505493164;16.193632125854492;17.89716148376465;13.252142906188965;7.245688438415527;15.120570182800293;0.05475744365487999;0.05623961314572;0.05791322513303;0.058691793151390004;0.05729067692858
1998-07-24;25.500703811645508;12.279505729675293;19.476408004760742;27.264938354492188;22.262798309326172;15.015254020690918;17.271190643310547;12.994542121887207;6.700951099395752;14.702729225158691;0.054420471130849996;0.055442323685580004;0.05707029101876;0.05794452015866;0.0567890053802
1998-07-31;24.551841735839844;12.107868194580078;18.790721893310547;25.50591468811035;22.867568969726562;14.602202415466309;16.68315887451172;12.572369575500488;6.62875509262085;14.67660903930664;0.05479377902694;0.05584966190075;0.05739253708078;0.058170324330960005;0.05722355832071
1998-08-07;24.828598022460938;11.85822868347168;18.77613639831543;24.718978881835938;20.92099380493164;15.209609031677246;16.066667556762695;11.871184349060059;6.602499961853027;13.984566688537598;0.05351700967135;0.05473633323091;0.056453176157679995;0.05737751659221;0.05614487615649
1998-08-14;23.3727970123291;12.076664924621582;17.929969787597656;23.515432357788086;19.465789794921875;14.687237739562988;15.82007122039795;11.60594654083252;6.549999237060547;14.372028350830078;0.05342012342186;0.05451730835578;0.05605537940629;0.05690282398635001;0.05576031348245
1998-08-21;23.095020294189453;11.827014923095703;18.513526916503906;24.62639617919922;19.257890701293945;14.706568717956543;16.787485122680664;12.165095329284668;6.845335960388184;14.8975191116333;0.05239457629718;0.05372905277311;0.055495620098540005;0.05638323822816;0.05501704609608
1998-08-28;21.547426223754883;10.984460830688477;16.981685638427734;22.682207107543945;17.084531784057617;14.217167854309082;15.97181224822998;11.656126022338867;6.865027904510498;14.201242446899414;0.05004029024837;0.05231788954492;0.05455378441363;0.05565861871093;0.05455154439536
1998-09-04;21.547426223754883;11.468152046203613;14.501538276672363;20.92318344116211;13.720540046691895;13.752238273620605;14.662964820861816;10.939263343811035;6.143080711364746;13.885952949523926;0.04949054744365;0.05152244150101;0.053713431061110005;0.05489903868814;0.05413466016472
1998-09-11;21.58709716796875;11.296515464782715;14.610486030578613;19.11786460876465;13.909533500671387;14.009176254272461;15.82007122039795;11.541423797607422;6.3662309646606445;14.83182144165039;0.047076872451470006;0.05035687048901;0.05327162603744;0.05468856303945;0.05403491404587
1998-09-18;21.864879608154297;10.048285484313965;14.361854553222656;18.932695388793945;14.344200134277344;13.89905071258545;15.990792274475098;11.139986991882324;6.367613315582275;14.319469451904297;0.04566384847041;0.049249429441689994;0.052848237482;0.05476625082513;0.05422677346126
1998-09-25;22.02361297607422;11.717801094055176;13.147974967956543;18.97899055480957;13.758334159851074;14.54751968383789;17.157377243041992;12.23678207397461;6.512181758880615;14.372028350830078;0.04474706342427;0.04839552490878;0.05222977052116;0.05454553017517;0.0547138919677
1998-10-02;20.674413681030273;11.234109878540039;13.791472434997559;18.70124626159668;13.347179412841797;14.633160591125488;15.801102638244629;11.36938190460205;5.8287672996521;15.344172477722168;0.04182076220584;0.04571128820947;0.049898547806730004;0.05229815194067;0.05204616791075
1998-10-09;20.317270278930664;11.670988082885742;14.932232856750488;17.580018997192383;13.061165809631348;15.489625930786133;14.700907707214355;10.666862487792969;6.216472148895264;14.871236801147461;0.04586528840088001;0.05113506010562;0.05492694182606;0.05629955362694;0.05379588499249
1998-10-16;20.47600746154785;11.733403205871582;16.189987182617188;18.92519187927246;14.977439880371094;16.6641845703125;15.943361282348633;11.290529251098633;7.005033016204834;16.040443420410156;0.042374338894910005;0.04823571903847;0.0529021459211;0.055046048167019995;0.05357710994152
1998-10-23;22.658517837524414;11.82309341430664;16.438631057739258;20.59506607055664;16.98905372619629;15.159272193908691;16.142547607421875;11.871184349060059;7.149603843688965;14.976324081420898;0.044764998704009996;0.05031102538671;0.05459525429228;0.05646279558749;0.05456670836665
1998-10-30;23.84898567199707;11.289244651794434;15.809741020202637;19.99205780029297;17.33225440979004;15.587502479553223;16.066667556762695;12.308467864990234;7.261314868927002;15.05515193939209;0.04373368134116;0.049090796353980004;0.05367900880282;0.05574300332761;0.05384305914744
1998-11-06;26.587060928344727;12.37264347076416;16.99437141418457;22.450471878051758;18.609777450561523;15.783263206481934;16.58831214904785;12.509438514709473;7.511025428771973;15.449268341064453;0.04799104703005;0.052176139401870006;0.055882844569610006;0.05770835809659;0.05628941812692
1998-11-13;26.834035873413086;11.933005332946777;16.321626663208008;21.615535736083984;17.44666862487793;15.061387062072754;16.692636489868164;12.136018753051758;7.327024936676025;15.403827667236328;0.04708762194938;0.05065645331321;0.0539550806219;0.05580039386443;0.05516891293097
1998-11-20;27.749740600585938;12.278427124023438;17.038251876831055;21.151683807373047;18.89579963684082;16.39817237854004;17.24273109436035;12.854129791259766;7.7541680335998535;15.2188720703125;0.04746626372735;0.05047117902873;0.05342132997781;0.05534777850827;0.05569531264529
1998-11-27;26.3961124420166;12.466852188110352;16.809391021728516;23.656494140625;19.96356773376465;16.250324249267578;19.433645248413086;13.098287582397461;8.049872398376465;15.7208833694458;0.047396625576669994;0.050391740833299996;0.053285680568520004;0.055092490205790004;0.055100737522339995
1998-12-04;20.98151397705078;12.247024536132812;16.17922019958496;23.28540802001953;19.563148498535156;15.819124221801758;19.329320907592773;12.918756484985352;7.695022106170654;15.113183975219727;0.04518458086751;0.04893709332097;0.05272676285875;0.05479968333865;0.05388371731528
1998-12-11;21.1009521484375;11.71318244934082;14.743030548095703;23.749265670776367;18.5716495513916;14.4269380569458;20.334672927856445;13.19882583618164;8.031829833984375;15.77372932434082;0.04525595568537;0.04882277401003;0.05245396906872;0.05447706174513;0.05366497958265
1998-12-18;20.225067138671875;10.519885063171387;15.37319564819336;22.867942810058594;21.202951431274414;13.94644832611084;20.913217544555664;13.328080177307129;8.183124542236328;16.05116081237793;0.04519468564365;0.04882471916877;0.05251067232522;0.054532395947939995;0.05360222855114
1998-12-24;20.543581008911133;10.7868070602417;16.28180503845215;22.68239974975586;21.584285736083984;14.488534927368164;21.5107364654541;13.715859413146973;8.538339614868164;15.77372932434082;0.04859056859253;0.05178540874226;0.05473774835337;0.056400996431659994;0.055747508880190005
1998-12-31;20.782455444335938;11.55617618560791;15.710261344909668;22.26493263244629;21.660558700561523;14.020367622375488;21.046005249023438;14.362150192260742;8.571232795715332;15.456665992736816;0.04664295959756;0.05001426051149;0.05317033694958;0.05495363896673;0.05432660939689
1999-01-08;22.812925338745117;12.812272071838379;15.944738388061523;24.16672706604004;23.150800704956055;15.203112602233887;22.74371910095215;14.046186447143555;8.788307189941406;15.707676887512207;0.04801550365741;0.05195925154849;0.055418899075950004;0.05677681100922;0.0547298985821
1999-01-15;21.45926856994629;12.025872230529785;15.197332382202148;26.717918395996094;21.73262596130371;14.69798755645752;22.724748611450195;13.320897102355957;8.433091163635254;15.020710945129395;0.04646557979811;0.05067084352482001;0.05420196001046999;0.055555795794519996;0.05348978280759
1999-01-22;21.976842880249023;11.109313011169434;14.274059295654297;25.326358795166016;22.039264678955078;14.057329177856445;23.711124420166016;13.29935073852539;8.63043212890625;15.086772918701172;0.04622290608713;0.050006256464409995;0.053466749115120005;0.05488858814984;0.05307122122913
1999-01-29;22.09628677368164;10.951285362243652;15.31457233428955;24.49142837524414;23.591585159301758;15.301671981811523;26.55647087097168;14.77865982055664;9.051430702209473;14.848967552185059;0.0460128365941;0.049817408180119996;0.05327292986473;0.05466888304437;0.05279991254986
1999-02-05;23.728618621826172;11.69402027130127;14.552508354187012;25.419130325317383;23.43828010559082;15.412541389465332;24.280214309692383;15.037171363830566;8.867244720458984;15.152825355529785;0.04925648264267;0.0529018945114;0.05599012153756;0.05709169039163;0.05474065773028
1999-02-12;22.739131927490234;11.330558776855469;14.977506637573242;26.300460815429688;22.710020065307617;15.252397537231445;23.938762664794922;14.977313995361328;8.880401611328125;14.761651992797852;0.05056330223862;0.05432337428386;0.05745961616309;0.05845430802832;0.05571266982258
1999-02-19;22.81905174255371;11.39376449584961;15.417157173156738;25.326358795166016;23.32328224182129;15.240840911865234;22.421245574951172;14.768691062927246;8.919872283935547;14.562352180480957;0.05071447120718;0.05405829482383;0.05691455384403;0.05785429026869;0.05526966080754
1999-02-26;22.779090881347656;11.520186424255371;14.977506637573242;26.11490821838379;24.415672302246094;14.707174301147461;22.781652450561523;15.185930252075195;9.064591407775879;14.15046501159668;0.05261629162126;0.055734617878829995;0.05837772959225;0.059132395635319995;0.05622629082639
1999-03-05;22.739131927490234;12.61056900024414;14.99216365814209;26.578765869140625;26.63875389099121;15.315312385559082;23.5119571685791;15.718265533447266;9.814489364624023;14.814804077148438;0.05305291897445;0.056430920699670005;0.05905919733305;0.059700313952070004;0.0565126982522
1999-03-12;22.459381103515625;11.298949241638184;16.323345184326172;26.764307022094727;26.98370933532715;15.960693359375;24.308664321899414;16.157081604003906;10.143388748168945;15.71831226348877;0.051703915306940004;0.055301146235;0.05819323767199;0.059118159060839996;0.05643625109534
1999-03-19;21.74004364013672;11.836240768432617;15.867880821228027;26.022146224975586;25.29722785949707;14.198312759399414;25.9779109954834;16.200239181518555;9.982759475708008;15.532286643981934;0.05169599286143;0.05535343618563;0.05830948695494;0.059143743217480005;0.05613912793504
1999-03-26;22.25956916809082;11.836240768432617;15.353646278381348;24.445039749145508;24.683969497680664;13.962501525878906;27.030685424804688;15.538416862487793;9.646931648254395;15.213401794433594;0.05193356459375;0.055917284058980006;0.05901773179587;0.05995719134962;0.057072541597560006
1999-04-01;21.700090408325195;11.867842674255371;14.325170516967773;23.3781795501709;24.462261199951172;14.446539878845215;28.130891799926758;16.063562393188477;9.824724197387695;14.907807350158691;0.05231371538967;0.05647139005123;0.05966509182516;0.06062622035352;0.05768125212081
1999-04-09;22.419424057006836;12.32612133026123;14.281091690063477;25.60466766357422;26.369157791137695;14.136258125305176;28.605106353759766;16.804519653320312;10.825631141662598;15.8777494430542;0.05000715732607;0.053890319325759994;0.057233421688419994;0.05845731474324;0.05610470354901
1999-04-16;25.33674430847168;16.13457679748535;15.441794395446777;24.769739151000977;26.523252487182617;15.873807907104492;26.29091453552246;14.624818801879883;10.009101867675781;16.993846893310547;0.05144402304916999;0.05534245368593;0.058517725518050005;0.05944880042436;0.05646490133879
1999-04-23;25.896228790283203;15.387675285339355;15.63279914855957;25.60466766357422;26.234315872192383;16.04756736755371;26.101221084594727;14.61762523651123;10.73344612121582;16.648380279541016;0.05155542298917;0.05555303360772;0.05876915509891;0.05975446792211;0.056866412454970004
1999-04-30;25.976160049438477;16.35634994506836;16.000118255615234;23.5637149810791;25.425329208374023;17.673425674438477;24.67855453491211;13.24362850189209;9.693024635314941;17.658172607421875;0.05244373998621;0.05631748262979;0.05942276561891;0.060359643402309995;0.05743286005428
1999-05-07;29.253143310546875;16.054630279541016;15.926644325256348;22.26493263244629;24.1540584564209;18.442914962768555;23.99565887451172;13.485421180725098;9.4296293258667;17.631610870361328;0.05421710034905;0.058128609671130003;0.06102340289958;0.06185671154095;0.0588560059891
1999-05-14;27.58366584777832;15.49882984161377;15.338951110839844;21.80107879638672;24.365938186645508;17.93406105041504;23.33176040649414;13.052962303161621;9.77204704284668;16.82456398010254;0.05509010516604;0.05898773681437;0.0618329368427;0.062467316007990006;0.05895167341762
1999-05-21;28.8265323638916;15.1494779586792;15.985418319702148;21.89385223388672;24.32741928100586;17.774030685424805;23.540422439575195;12.714203834533691;9.113548278808594;17.67915153503418;0.05518788364537;0.05824448721573;0.060640091310860005;0.06122773545735;0.05807413392595
1999-05-28;26.982282638549805;13.942599296569824;16.102956771850586;21.615535736083984;22.304960250854492;17.137022018432617;24.488872528076172;12.339409828186035;8.981852531433105;17.064916610717773;0.05707310653452;0.05971556351224667;0.06177219820369;0.06209445611914333;0.05854662265631334
1999-06-04;28.185049057006836;15.959357261657715;16.396818161010742;22.728782653808594;22.90205955505371;17.536724090576172;24.14742088317871;13.27639389038086;9.693024635314941;17.238502502441406;0.05800690060456;0.060752352907600005;0.06269108504123999;0.06284156940216;0.059184327875990005
1999-06-11;27.343107223510742;15.10183334350586;15.184690475463867;21.429996490478516;22.574615478515625;17.174495697021484;23.711124420166016;11.243857383728027;8.995022773742676;16.8646183013916;0.05990004636762;0.06273238976284;0.06466345526597;0.06473360019761;0.06057520361481
1999-06-18;28.626081466674805;15.625883102416992;14.949042320251465;22.636011123657227;24.693395614624023;18.186227798461914;25.797706604003906;11.481703758239746;9.22976303100586;17.171737670898438;0.05799964658425;0.06084396224665;0.0629354454932;0.06318367229056;0.0593758435736
1999-06-25;27.944503784179688;14.895397186279297;14.580835342407227;22.03300666809082;25.020843505859375;17.63665008544922;25.778745651245117;11.697933197021484;9.163843154907227;16.277101516723633;0.05965336586658;0.06281164547616;0.06494802751351;0.06506567694507;0.06097513579882
1999-07-02;28.26523780822754;15.737035751342773;15.273059844970703;21.012527465820312;26.33991050720215;17.76155662536621;27.922224044799805;13.362897872924805;10.284598350524902;16.984800338745117;0.05736531281643;0.061080458972159996;0.06315761731441999;0.06308920841581;0.059393971317350004
1999-07-09;28.585979461669922;15.54647445678711;14.9932222366333;20.502296447753906;26.37861442565918;17.898942947387695;28.30162239074707;12.800699234008789;10.113191604614258;16.97144317626953;0.05768967244944;0.06100893477353;0.06301638946;0.06301063201481;0.059316870521769996
1999-07-16;29.508100509643555;15.05704402923584;15.317240715026855;20.78059959411621;25.33353614807129;17.574195861816406;30.179540634155273;13.081794738769531;10.126374244689941;16.944738388061523;0.05623948582727999;0.05966316964386;0.06190322913885;0.062031600952480004;0.05831041379029
1999-07-23;29.909046173095703;15.583955764770508;14.669217109680176;19.899280548095703;25.256134033203125;17.88645362854004;27.391109466552734;12.022272109985352;9.480290412902832;16.904685974121094;0.05769269553149;0.0613436166933;0.06345787078598;0.06337171524030999;0.0592609977874
1999-07-30;29.107175827026367;14.977201461791992;14.271556854248047;20.45590591430664;23.862674713134766;17.574195861816406;26.044309616088867;11.719558715820312;8.91331672668457;16.958097457885742;0.05882379247655;0.06209687750625;0.06402784650446999;0.06395451368713;0.05995399568029
1999-08-06;29.86894416809082;14.753667831420898;13.962264060974121;18.92519187927246;23.45627784729004;19.160499572753906;25.835651397705078;11.356977462768555;8.702347755432129;17.171737670898438;0.060022890012119995;0.06322951309683;0.06477230053125;0.06453019901783;0.061041711274440004
1999-08-13;29.19593048095703;15.903288841247559;14.094809532165527;20.177597045898438;24.5013427734375;19.522714614868164;25.702877044677734;11.963827133178711;9.453920364379883;17.513885498046875;0.059639538224689995;0.06312695273628;0.0645114569441;0.06417152851252;0.06116909131001
1999-08-20;29.43720054626465;15.408315658569336;13.859162330627441;22.172161102294922;25.933490753173828;19.38373374938965;25.30451774597168;12.809101104736328;9.849481582641602;17.728618621826172;0.05868035027665;0.062325279885839996;0.06414892735733;0.06391279085366999;0.06009015224222
1999-08-27;28.1905517578125;15.743631362915039;14.625020027160645;21.615535736083984;25.739961624145508;19.634990692138672;28.30162239074707;13.394299507141113;9.849481582641602;17.030742645263672;0.05820514699847;0.06180487996934;0.06380573440808;0.06368153369079;0.05986280131738
1999-09-03;29.23613929748535;15.120904922485352;13.520408630371094;20.73421859741211;26.320558547973633;19.547040939331055;29.098310470581055;13.611026763916016;10.034079551696777;16.97706413269043;0.05846168731418001;0.06262454826332;0.06466812263103;0.0644741476615;0.06063291926043
1999-09-10;29.115488052368164;14.498185157775879;12.99020004272461;20.687835693359375;23.978797912597656;19.634990692138672;28.83274269104004;12.917469024658203;10.060444831848145;17.272315979003906;0.05841813441087;0.06284526525044;0.06501319482939999;0.06476073773923;0.060541103177739995
1999-09-17;28.06991195678711;14.897369384765625;12.762139320373535;20.96614646911621;24.017518997192383;19.748062133789062;29.269031524658203;12.635714530944824;9.846786499023438;17.151533126831055;0.05807804495217;0.0625287688402;0.06499021413126;0.06494833391594;0.06075238031811
1999-09-24;27.064542770385742;13.827569007873535;12.082674026489258;19.52820587158203;23.34013557434082;18.454126358032227;27.599761962890625;12.050520896911621;9.82038688659668;16.064464569091797;0.056941944739360005;0.0612909142102;0.06378028592561;0.06378718900218;0.05965171975144
1999-10-01;27.587329864501953;13.715795516967773;11.595226287841797;18.83242416381836;22.933719635009766;18.969188690185547;27.310474395751953;12.939146041870117;10.203168869018555;16.02419662475586;0.05945698975425;0.06390141063259999;0.06601262462205999;0.06570739035751;0.061517083473760004
1999-10-08;27.02431297302246;14.466256141662598;12.540574073791504;18.824970245361328;23.528440475463867;19.145051956176758;28.81376838684082;13.697718620300293;11.694706916809082;15.621580123901367;0.06006931273472001;0.06426887972153;0.06627219967276;0.06594595753594999;0.06178759644182
1999-10-15;27.346040725708008;14.322541236877441;11.802017211914062;17.941823959350586;20.70658302307129;17.964187622070312;26.727191925048828;12.787424087524414;10.731146812438965;15.460536003112793;0.06053031004563;0.0649665158027;0.06679976174837;0.06638008367569;0.06246859980538
1999-10-22;28.713342666625977;14.184383392333984;13.057551383972168;19.38274574279785;25.10478973388672;18.604873657226562;28.130891799926758;14.434617042541504;12.051085472106934;16.50734519958496;0.06163752049556;0.06598131691875;0.06772027806969999;0.06724217589429;0.06332341960883
1999-10-29;29.63829231262207;14.216503143310547;13.943822860717773;19.70812225341797;27.167680740356445;19.107358932495117;28.092954635620117;13.762742042541504;11.892695426940918;15.903413772583008;0.059579345419119994;0.06335425547168999;0.06530188487869;0.06505973929154;0.06114101914672
1999-11-05;28.512258529663086;14.07192611694336;13.737027168273926;18.081268310546875;26.856279373168945;19.23299217224121;27.789447784423828;12.050520896911621;12.262285232543945;15.165284156799316;0.05851761556871;0.062154736299969995;0.06420890453172999;0.06405702584536;0.06006860074123
1999-11-12;26.666458129882812;14.136189460754395;13.589314460754395;18.80143928527832;26.46708106994629;19.23299217224121;27.068620681762695;12.20867919921875;12.433876991271973;16.821674346923828;0.05855166018467;0.061963950443950006;0.06372286094124;0.06347433482571;0.05987236344986
1999-11-19;28.199474334716797;12.642250061035156;14.298322677612305;20.0673770904541;25.844322204589844;20.679115295410156;26.101221084594727;11.730757713317871;12.275480270385742;17.21318817138672;0.06002567493382;0.06329142964328;0.06483891500543;0.06446259374004999;0.06084423794894
1999-11-26;26.505075454711914;12.369162559509277;15.731096267700195;20.67690086364746;24.618263244628906;19.302194595336914;27.656658172607422;12.512809753417969;12.291982650756836;16.84867286682129;0.06048604743857;0.06403110207358;0.06583401947574;0.06538725145411001;0.06102106481154
1999-12-03;26.06131362915039;12.40531063079834;16.18360137939453;21.192655563354492;25.532930374145508;20.072757720947266;29.17418670654297;12.425915718078613;12.473475456237793;17.82746124267578;0.06065004271779;0.06442277272413001;0.06612746721608;0.06562559434898;0.06145846033281
1999-12-10;25.25446319580078;11.999692916870117;14.984261512756348;21.040273666381836;24.579341888427734;18.986385345458984;28.491281509399414;11.77420425415039;13.357831954956055;17.888208389282227;0.05953060783045;0.06307891733634001;0.06486521489551;0.06451842169081;0.060609133764790005
1999-12-17;24.729997634887695;11.549905776977539;14.155097007751465;21.192655563354492;22.652700424194336;19.226394653320312;34.9786491394043;11.556964874267578;13.737665176391602;17.847707748413086;0.062023950354929996;0.06575282768793;0.0674287121987;0.06690692430466;0.06274654230957
1999-12-23;26.585756301879883;11.517776489257812;14.036643981933594;21.849058151245117;24.131738662719727;18.80953025817871;35.64258575439453;11.86109733581543;14.239616394042969;18.104211807250977;0.06315682694909;0.06689132064632;0.06826229390708;0.06763815728017;0.06385844363537001
1999-12-31;26.74712562561035;12.096076965332031;13.79973316192627;21.942834854125977;24.19012451171875;19.782222747802734;35.433921813964844;11.274561882019043;14.609475135803223;17.402198791503906;0.06353506312842;0.06700890119585;0.06811680488814;0.06749407130978;0.06421108179034
2000-01-07;28.602886199951172;13.702462196350098;14.391995429992676;23.349428176879883;22.780858993530273;20.767553329467773;33.82156753540039;11.991439819335938;14.477386474609375;18.347225189208984;0.0638922940507;0.06706914717229;0.06806008962775;0.06743680685933;0.06430486014301
2000-01-14;28.401185989379883;13.349063873291016;14.46603012084961;25.177995681762695;23.133148193359375;20.072757720947266;34.06816482543945;12.860380172729492;13.631991386413574;18.09071922302246;0.06531884664104;0.0679257504943;0.06866677308335001;0.06810409263088;0.06551268938263
2000-01-21;29.490434646606445;12.253074645996094;15.843043327331543;24.568477630615234;22.839584350585938;19.188495635986328;31.488391876220703;12.186952590942383;13.196083068847656;18.360729217529297;0.0661034737013;0.06834272013578001;0.06869852306322;0.06796472354196;0.06550211936172999
2000-01-28;28.804601669311523;11.250844955444336;13.48880386352539;27.569202423095703;24.013856887817383;18.645315170288086;29.819128036499023;12.230392456054688;11.650593757629395;17.037675857543945;0.06589214221266;0.06633894626641;0.06580484704669;0.06470005849047;0.062274523284649996
2000-02-04;28.401185989379883;10.943706512451172;13.325927734375;28.600709915161133;25.599123001098633;18.001060485839844;32.34197998046875;12.425915718078613;11.901569366455078;17.469701766967773;0.06580938417756;0.06568440944727;0.06473738506763;0.06334227386279;0.060635980950960004
2000-02-11;25.82676124572754;9.311036109924316;13.163055419921875;28.41316032409668;25.87311363220215;16.763092041015625;30.331283569335938;12.165228843688965;11.848732948303223;16.047086715698242;0.06689503610433001;0.0670553516298;0.0657196040759;0.06395126225109;0.06086974564452
2000-02-18;23.316951751708984;9.7474946975708;12.171010971069336;26.63147735595703;23.40714454650879;17.697891235351562;28.85171127319336;11.847627639770508;10.091897964477539;16.29145622253418;0.0661427107151;0.06564294684713999;0.06406324251911;0.0623514685642;0.05969754375256
2000-02-25;24.490894317626953;9.311036109924316;11.534330368041992;23.255647659301758;23.75943946838379;17.44380760192871;27.71358871459961;11.281383514404297;9.405014038085938;15.436150550842285;0.06467217578265;0.0651343365085;0.0641886028457;0.06277460183253;0.06018200852463
2000-03-03;23.276473999023438;9.408032417297363;11.874882698059082;27.38165855407715;25.40340232849121;18.20665740966797;29.17418670654297;11.36850357055664;11.122220039367676;16.440784454345703;0.06524399243461;0.06472065741757;0.0633324682541;0.061948278394700004;0.05994283542304
2000-03-10;20.96906089782715;9.23021411895752;10.779194831848145;26.350154876708984;24.640138626098633;16.579254150390625;30.653745651245117;12.196093559265137;10.1315279006958;16.732683181762695;0.06528889710648;0.06546316108862;0.0645669504243;0.06314744524722;0.0603417816726
2000-03-17;24.612335205078125;10.248610496520996;11.681620597839355;27.616086959838867;28.495668411254883;17.469236373901367;30.160564422607422;12.479214668273926;11.797516822814941;16.7530460357666;0.06355466383866;0.06334564557018;0.06258205732526;0.06134671454176;0.05875885406383
2000-03-24;23.316951751708984;10.216282844543457;11.17630672454834;31.085668563842773;30.12005043029785;18.486371994018555;33.897438049316406;12.152538299560547;11.744609832763672;16.78019905090332;0.06420434206919;0.06346329978713;0.06275616316;0.061531360813090005;0.05858702087492999
2000-03-31;24.490894317626953;10.200116157531738;11.161446571350098;30.945026397705078;27.30181312561035;18.015945434570312;32.24714279174805;12.740555763244629;11.956223487854004;16.943111419677734;0.06235024522916;0.06170713800278001;0.061221630886979996;0.060186545527410006;0.05746954722045
2000-04-07;23.114545822143555;10.7012300491333;10.983097076416016;30.757471084594727;27.188472747802734;18.63894271850586;27.030685424804688;13.524599075317383;13.014298439025879;17.28251075744629;0.06086665991097;0.06011778142626;0.059502081165689995;0.05861346139981;0.0567080607753
2000-04-14;22.912141799926758;10.474919319152832;11.17630672454834;29.163345336914062;24.82767677307129;18.473655700683594;22.497119903564453;13.219691276550293;11.638799667358398;17.106033325195312;0.06050597988909;0.060739465738699996;0.060503710245129995;0.059809915714580004;0.05808764302778
2000-04-20;25.94821548461914;9.908332824707031;11.755931854248047;31.69521141052246;24.33585548400879;18.766090393066406;23.95772933959961;14.461079597473145;12.20751953125;17.160329818725586;0.06156498293708;0.06139642889009;0.06083461892079;0.059972451793620006;0.05824217120819
2000-04-28;25.7053165435791;10.283147811889648;11.235762596130371;32.72670364379883;22.702959060668945;17.621809005737305;21.169300079345703;14.678866386413574;11.718155860900879;16.87523651123047;0.06436267618523;0.06314362748521;0.06208955889088;0.061042410480729996;0.05935572710533
2000-05-05;25.583877563476562;10.185369491577148;11.191174507141113;29.6790771484375;22.722644805908203;17.6345157623291;21.586620330810547;15.550023078918457;10.858479499816895;17.377546310424805;0.06648179634566;0.06615153110813;0.06526104455848;0.06390774691546;0.06116141870121
2000-05-12;24.17441749572754;10.266850471496582;12.424723625183105;30.616819381713867;22.54558563232422;17.26581573486328;20.884765625;15.045796394348145;12.02235221862793;17.915504455566406;0.06677259133181;0.06626445059985;0.06518743525296;0.06390432843675;0.06171742349947
2000-05-19;24.01190185546875;10.446115493774414;11.904548645019531;30.804370880126953;22.821014404296875;17.300947189331055;19.746639251708984;15.427665710449219;12.075252532958984;17.854080200195312;0.06674721905239;0.06636824764902;0.06528290660871999;0.06407393253350001;0.06215604447872
2000-05-26;24.865131378173828;9.940919876098633;12.974620819091797;29.91353416442871;22.191457748413086;17.198577880859375;18.64643096923828;15.754981994628906;11.427192687988281;17.990577697753906;0.0649248634828;0.06433653136794;0.06341719785069;0.0624010657464;0.06074271745713
2000-06-02;25.921478271484375;10.706856727600098;12.49903392791748;30.335500717163086;25.398208618164062;17.262554168701172;20.12600326538086;15.209452629089355;12.498489379882812;17.2944278717041;0.06311888303401;0.06274001426935999;0.06214335763193;0.0613264889849;0.05975439536302
2000-06-09;25.474557876586914;9.97350788116455;12.439587593078613;31.17945671081543;23.076751708984375;16.77628517150879;20.884765625;16.06048583984375;11.427192687988281;17.2944278717041;0.06302022454434;0.062212593012779996;0.061454786480110005;0.060668031328029996;0.059380967443130005
2000-06-16;25.51517677307129;9.370535850524902;13.240327835083008;30.89813232421875;21.453712463378906;17.28815269470215;22.02289390563965;16.736948013305664;11.41318416595459;18.427371978759766;0.06143175935892;0.06139376239769;0.06119927164705;0.06063320907126;0.059163169424459996
2000-06-23;25.921478271484375;9.02830696105957;13.806915283203125;29.725976943969727;22.132450103759766;17.28815269470215;23.578365325927734;16.016843795776367;11.386706352233887;18.15437126159668;0.0633198943247;0.06314830995572;0.0628874886631;0.06221595294706;0.06047898113644
2000-06-30;27.180986404418945;8.832751274108887;13.702552795410156;29.116456985473633;21.74881362915039;16.99382781982422;24.280214309692383;16.75877571105957;12.207606315612793;17.144275665283203;0.061510736435720005;0.06173745756307;0.06165979851395;0.06107333445601;0.05937368152189
2000-07-07;28.440492630004883;8.849044799804688;14.015653610229492;28.506929397583008;23.802806854248047;17.633657455444336;24.8872127532959;15.995027542114258;13.041747093200684;17.14768409729004;0.06083237673141;0.061275740034509994;0.061350530969039994;0.06089672807834;0.059385722552970005
2000-07-14;28.887407302856445;9.321648597717285;13.747281074523926;28.0849609375;24.961755752563477;17.991966247558594;23.95772933959961;15.733161926269531;12.60482406616211;16.939533233642578;0.062036120318170004;0.061778078554829995;0.06136527920341;0.060654584454430005;0.059084152687179994
2000-07-21;30.43132781982422;9.608672142028809;14.51888656616211;28.0849609375;25.073192596435547;17.684839248657227;21.947019577026367;16.016843795776367;12.644537925720215;16.84398078918457;0.06102076918709;0.060713363100909995;0.06033697363035;0.05968579252892;0.05821910765311
2000-07-28;31.731460571289062;8.966997146606445;14.955009460449219;28.41316032409668;23.000463485717773;18.631784439086914;21.15032958984375;15.318559646606445;12.43268871307373;17.471874237060547;0.06117640995785;0.06083955646023;0.060316447074240005;0.059556974498880005;0.05803351717132
2000-08-04;31.853357315063477;9.172660827636719;14.820809364318848;31.83587074279785;24.932039260864258;18.427047729492188;20.97960662841797;15.885916709899902;11.214579582214355;17.84383201599121;0.05969956102961001;0.05964229336799;0.059383415341700004;0.058901230394080004;0.0578368812346
2000-08-11;32.352909088134766;10.16807746887207;14.850642204284668;30.476165771484375;24.724016189575195;19.809070587158203;21.984966278076172;14.969425201416016;11.042458534240723;17.869171142578125;0.0598579134098;0.059735108980160004;0.059483947119179995;0.058903858240040005;0.05747917423353
2000-08-18;29.785869598388672;10.052899360656738;14.388415336608887;29.350879669189453;24.129684448242188;19.476364135742188;21.548675537109375;14.9578275680542;10.77764892578125;18.208852767944336;0.05995206390134;0.059323322833449994;0.059009750115859995;0.05845518957236;0.05704879968828
2000-08-25;35.28668212890625;9.904831886291504;13.359614372253418;28.600709915161133;24.753734588623047;19.72308921813965;21.43486785888672;15.32958984375;10.698203086853027;18.212278366088867;0.05913682671708;0.05883763717654;0.05867309677427;0.05822031282549;0.05696857307108
2000-09-01;35.694149017333984;9.822562217712402;12.942118644714355;29.257104873657227;26.774452209472656;19.053659439086914;21.302080154418945;15.099974632263184;10.327476501464844;18.116201400756836;0.05828756973323;0.058561204042429996;0.05870806588371;0.058283818556450005;0.05663685868769
2000-09-08;37.89447784423828;9.95418643951416;13.016669273376465;30.194849014282227;27.487634658813477;18.525819778442383;21.036518096923828;14.170580863952637;11.042458534240723;18.33579444885254;0.058717480511230005;0.05912314012855;0.05910230453044;0.05862761358861;0.05723843560535
2000-09-15;37.07953643798828;9.855467796325684;12.160701751708984;29.39777183532715;23.35706901550293;17.53450584411621;19.481067657470703;14.432991981506348;11.028227806091309;19.323959350585938;0.05869864631128;0.060446489218680004;0.0612278351231;0.06085196071037;0.05851077031116
2000-09-22;41.39870071411133;9.246700286865234;12.654300689697266;28.0849609375;22.465566635131836;18.17822265625;19.196529388427734;15.504534721374512;10.710105895996094;18.994569778442383;0.05856145307033;0.060382367142179996;0.06141249758463;0.061093141084080003;0.05833340599259
2000-09-29;42.0506477355957;8.160788536071777;13.19278621673584;28.6944637298584;21.960384368896484;18.77042007446289;18.30499267578125;15.717750549316406;10.206412315368652;19.56756019592285;0.057895488146340005;0.059900451471320004;0.06083025038347;0.06060197368221;0.05853931342038
2000-10-06;39.76880645751953;9.082168579101562;13.985549926757812;30.523046493530273;20.52593231201172;18.989276885986328;16.863359451293945;15.61388111114502;9.649700164794922;19.63960838317871;0.058026268142769996;0.05972418265738;0.06047979365442;0.060321135169689996;0.05875943827308
2000-10-13;38.30194854736328;8.341772079467773;13.686399459838867;29.81974983215332;18.99993896484375;18.744665145874023;16.31325912475586;14.914094924926758;9.543658256530762;19.872922897338867;0.05677295444198;0.05897321890004;0.060057110531609996;0.06000046773418;0.05824844925943
2000-10-20;39.11688232421875;8.169594764709473;13.118000984191895;27.287883758544922;18.371610641479492;17.97223472595215;19.784570693969727;15.176519393920898;9.875032424926758;19.4200382232666;0.05618557479812;0.0578441077689;0.058872833421250007;0.05899973581351001;0.05780185322917
2000-10-27;41.56168746948242;8.751946449279785;14.105213165283203;25.74063491821289;20.4361572265625;19.2596435546875;20.5433349609375;15.438931465148926;9.172513008117676;19.227893829345703;0.05701129626279;0.05822806377239;0.0589578948481;0.0589461127641;0.05777264734698
2000-11-03;43.069313049316406;9.267746925354004;14.194960594177246;28.55381965637207;21.273963928222656;19.54286766052246;20.71404266357422;15.263985633850098;10.047347068786621;19.21416664123535;0.05788777133133;0.05954896363096;0.06034420920665;0.0602619790124;0.05885770011456
2000-11-10;41.4878044128418;9.517328262329102;14.808226585388184;23.771404266357422;20.49600601196289;19.568603515625;20.448488235473633;15.438931465148926;9.265303611755371;19.76295280456543;0.057518167382009995;0.05933752665165;0.060201329605740005;0.06013942467934;0.058709482132820005
2000-11-17;42.712833404541016;9.833457946777344;14.703526496887207;22.64613151550293;18.970027923583984;19.77459144592285;20.96064567565918;15.076998710632324;10.299196243286133;19.928449630737305;0.05671047733171;0.05822393756439;0.05908450144677;0.059122033199480006;0.057931416795450004
2000-11-24;42.91700744628906;10.349259376525879;14.120169639587402;22.317930221557617;18.730653762817383;19.857683181762695;21.22620964050293;14.835947036743164;9.583417892456055;20.838672637939453;0.05604571700593999;0.05709690235764;0.05797768854478;0.058056061542109995;0.05676894360607
2000-12-01;42.998661041259766;10.831780433654785;14.925003051757812;22.50547218322754;17.862937927246094;20.647851943969727;17.18583106994629;15.2523193359375;10.855911254882812;19.597442626953125;0.054556866087499996;0.05632797396167;0.057651138102479994;0.05793699144234;0.05665344698116
2000-12-08;45.69376754760742;11.081365585327148;14.610000610351562;23.368682861328125;19.149559020996094;24.235973358154297;16.521921157836914;15.2523193359375;11.545173645019531;19.52850341796875;0.053186303885040004;0.05507110700337;0.056499180766389996;0.05694598700035;0.05603586951559
2000-12-15;42.38615417480469;10.86506175994873;12.839995384216309;22.188446044921875;21.034582138061523;23.251495361328125;14.928533554077148;15.931660652160645;10.577557563781738;18.563114166259766;0.05139210239888001;0.05358789087062;0.05537892059722;0.05595380825269;0.054781097596480005
2000-12-22;41.44696044921875;12.41245174407959;14.129998207092285;19.969600677490234;21.842449188232422;23.36808967590332;14.09389591217041;15.559113502502441;11.14820671081543;19.156131744384766;0.04948025571653;0.05237413735027;0.05480710980529999;0.055769421738249995;0.054680493325250004
2000-12-29;43.12117004394531;12.595491409301758;14.624998092651367;21.857980728149414;21.75269889831543;24.974321365356445;13.164417266845703;16.128883361816406;11.280924797058105;19.18372344970703;0.05044159819078;0.053427520768149994;0.05550613581007;0.056304996322210005;0.05556878078706
2001-01-12;39.60940933227539;11.630436897277832;13.59000301361084;23.840778350830078;25.70973777770996;22.733352661132812;16.237388610839844;14.529134750366211;11.241106033325195;18.27349090576172;0.050707863189960005;0.05472357129935;0.057086559684590005;0.058068218652699996;0.05767901127408
2001-01-19;36.38349151611328;10.897478103637695;13.394997596740723;24.6905517578125;24.383546829223633;22.124553680419922;18.51365089416504;14.507235527038574;10.789868354797363;17.528762817382812;0.049663158542010005;0.05401947152539;0.05646764613206;0.05740558694234;0.05679366466017
2001-01-26;37.93519592285156;11.601625442504883;13.905003547668457;22.518917083740234;26.131710052490234;22.24113655090332;19.424163818359375;15.537201881408691;11.387093544006348;17.87354278564453;0.05052608902991999;0.05489806312544;0.05731722876401;0.05826727127072;0.05776060567833
2001-02-02;37.14299774169922;11.875238418579102;13.857600212097168;23.22705078125;26.34992218017578;22.53491973876953;18.45674705505371;15.743194580078125;11.6281099319458;18.312658309936523;0.049276235528220004;0.05336789604515;0.05570864181304;0.056721404651889996;0.05650599252438
2001-02-09;37.57575225830078;11.534564018249512;14.43360710144043;24.133480072021484;25.05267333984375;22.934926986694336;17.9445858001709;15.79227352142334;10.702276229858398;19.04531478881836;0.04897673072822;0.0529209910697;0.05523399469524;0.056289471913859995;0.05623359660618
2001-02-16;39.31232833862305;11.714286804199219;14.2464017868042;24.178796768188477;25.071975708007812;23.465503692626953;17.394498825073242;15.908279418945312;11.118477821350098;18.637170791625977;0.04987696875245;0.05401422223179;0.05637295202017;0.05739802657994;0.05720038048206
2001-02-23;40.373958587646484;10.753968238830566;12.480003356933594;22.887142181396484;22.689672470092773;23.002275466918945;17.22376823425293;15.753626823425293;10.676799774169922;18.521821975708008;0.049141864122439996;0.05386666538255;0.05646177777468;0.057567084112159994;0.05732402030444
2001-03-02;39.38441848754883;11.448723793029785;12.611998558044434;22.652990341186523;22.086864471435547;23.1960391998291;17.204803466796875;15.328335762023926;10.388001441955566;18.45749855041504;0.047919973692409995;0.05263334565247;0.05532806381326;0.05650025256858;0.05627425801816
2001-03-09;42.92313766479492;12.56462574005127;12.359993934631348;22.44904899597168;23.60594367980957;24.254486083984375;17.204803466796875;14.920604705810547;10.782967567443848;19.074146270751953;0.04791504147306;0.052264835708449996;0.05472210052764;0.0558108615131;0.055687280084299996
2001-03-16;35.223167419433594;11.963749885559082;11.718100547790527;20.78726577758789;21.498531341552734;22.08759307861328;16.559852600097656;13.13505744934082;9.965432167053223;18.12255096435547;0.0460246879235;0.05092593892777;0.05385004533703999;0.05533043139827;0.0557360795578
2001-03-23;34.731685638427734;11.204618453979492;10.95937442779541;21.013872146606445;20.114479064941406;21.20001220703125;17.166860580444336;13.191288948059082;10.116124153137207;17.057823181152344;0.045751854640670005;0.051190590784229995;0.054299728212460006;0.055676010603519996;0.05549580406714
2001-03-30;36.507598876953125;11.90473747253418;10.877480506896973;21.603046417236328;21.652849197387695;21.647968292236328;16.597789764404297;14.393379211425781;10.73921012878418;17.967283248901367;0.04664992159587;0.05269345546148;0.05604302389605;0.057525883111839995;0.05738633504098
2001-04-06;36.68452072143555;11.95034408569336;10.83894157409668;21.519960403442383;19.63842010498047;21.252084732055664;17.05304527282715;14.439064979553223;10.896586418151855;18.211259841918945;0.04563600475394;0.052048335003209996;0.05567306830972;0.057344237622899995;0.057382011841310004
2001-04-12;39.64656066894531;12.610221862792969;10.735371589660645;21.97317123413086;22.059799194335938;22.445968627929688;18.871788024902344;14.305497169494629;10.56908130645752;18.189090728759766;0.04839860915878;0.05449785490221;0.05772461001531;0.058977991538410005;0.05833165852931
2001-04-20;40.43293380737305;12.934369087219238;11.32067584991455;23.68781852722168;23.241296768188477;23.439817428588867;20.941673278808594;14.326594352722168;10.996528625488281;18.89225959777832;0.04906160639609;0.055746588286319995;0.0592227158901;0.06068964156656;0.06042195676566
2001-04-27;40.373958587646484;13.590808868408203;11.32067584991455;23.36301612854004;24.238061904907227;24.789945602416992;20.3710880279541;15.15610122680664;11.234700202941895;19.755123138427734;0.04955672713957;0.056233937010200005;0.059555148933530005;0.06082276450818;0.06020270940659
2001-05-04;42.26781463623047;13.655647277832031;11.279730796813965;23.34791374206543;24.602725982666016;25.000391006469727;21.472808837890625;15.275601387023926;11.275103569030762;19.420185089111328;0.04820160614993;0.05462816306974;0.057820515714210007;0.05904730985257;0.05848173450262
2001-05-11;43.371437072753906;14.37152099609375;10.908791542053223;23.61983871459961;22.580047607421875;24.45658302307129;21.06308364868164;15.113920211791992;11.504780769348145;19.53595733642578;0.050880536598579995;0.057389292766319995;0.06043666571763;0.06147553257332;0.06060585657102
2001-05-18;44.90890121459961;14.925310134887695;11.585623741149902;24.62445831298828;23.416345596313477;25.768802642822266;20.665483474731445;15.804634094238281;11.066701889038086;20.10660171508789;0.050680164240150004;0.056736446617030006;0.059450225541009996;0.06028817038116;0.05930236782041
2001-05-25;41.61054611206055;14.587636947631836;11.602483749389648;24.65467071533203;23.678909301757812;24.87250328063965;21.521371841430664;14.75098705291748;10.88807487487793;19.63848876953125;0.051355228195949995;0.05780625690472;0.06062785637935;0.06145975620181;0.06035106426333
2001-06-01;42.707794189453125;14.817254066467285;11.51577377319336;23.959745407104492;23.77128028869629;25.006528854370117;21.348369598388672;15.085750579833984;10.998653411865234;19.82797622680664;0.050175672702330004;0.056407231638050004;0.05913711815175;0.05994298106703;0.05887069185282
2001-06-08;42.43840408325195;14.67678165435791;11.079806327819824;24.057939529418945;21.490917205810547;25.153114318847656;22.21335220336914;15.332430839538574;10.84979248046875;19.92605209350586;0.0502227587558;0.056431400265610006;0.05920380006593;0.06010888819568;0.05927060745324
2001-06-15;42.21503829956055;14.628157615661621;10.70266056060791;22.433935165405273;21.83127784729004;25.314376831054688;20.64424705505371;15.022324562072754;10.239472389221191;19.81682586669922;0.04853094137882;0.05557180043613;0.05876096471447;0.05975164402929;0.05858995099270001
2001-06-22;37.451454162597656;14.76323413848877;10.36170768737793;22.048707962036133;22.31749725341797;24.455760955810547;20.890085220336914;15.078700065612793;10.643875122070312;19.82351303100586;0.047311780395780004;0.05423709732273;0.057440753928239996;0.05853383987441;0.05764732193964
2001-06-29;36.5316047668457;13.520578384399414;10.881608009338379;21.822097778320312;21.622201919555664;23.89451789855957;22.155681610107422;14.113160133361816;10.39258098602295;19.47570037841797;0.05047763063307;0.056910307227589996;0.05957605249252;0.060204210763330004;0.058738795919930004
2001-07-06;35.67744445800781;13.399019241333008;10.784880638122559;20.930784225463867;21.803516387939453;23.999237060546875;20.04937744140625;14.113160133361816;10.081658363342285;19.353069305419922;0.05003048821758;0.0567526385884;0.05958315854701;0.0603074157477;0.058907203927690006
2001-07-13;36.18336868286133;14.177019119262695;11.125835418701172;21.293352127075195;20.843393325805664;23.502910614013672;21.65186309814453;13.54229736328125;11.265728950500488;19.17023277282715;0.04900603354508;0.05540935181791;0.05826753584182;0.059159848482399996;0.05816138014761
2001-07-20;37.313472747802734;14.683609008789062;11.150015830993652;20.394489288330078;21.259765625;23.66415786743164;20.996307373046875;14.595943450927734;11.559619903564453;19.33522605895996;0.0477383891834;0.05414161540463;0.05708559589707;0.058123309446159996;0.05743067734801
2001-07-27;38.20048904418945;14.343708038330078;10.830825805664062;20.41714859008789;21.65654945373535;23.345836639404297;19.870311737060547;14.039162635803223;11.800265312194824;19.054292678833008;0.04692816780299;0.05381346363306;0.056967358318;0.058045624932770004;0.05720026415493
2001-08-03;38.903533935546875;14.805973052978516;10.809066772460938;20.09234619140625;21.220571517944336;23.398212432861328;20.30128288269043;14.356316566467285;11.796001434326172;18.398784637451172;0.04756418335057;0.05439485257051;0.05741134060427;0.0583477903629;0.05729838566965
2001-08-10;37.352909088134766;14.588436126708984;11.043620109558105;20.696624755859375;20.696435928344727;23.004501342773438;19.885482788085938;14.48316764831543;11.414803504943848;18.542306900024414;0.04623312416338;0.05351685219316;0.05670826892609;0.05768155402187;0.05653081485134
2001-08-17;35.588584899902344;14.615628242492676;11.49581527709961;19.3747615814209;20.319232940673828;22.759479522705078;18.780742645263672;14.751731872558594;10.81850528717041;18.147695541381836;0.044958;0.052218;0.055610999999999994;0.056837;0.056101
2001-08-24;35.34473419189453;14.20503044128418;11.899642944335938;20.13011360168457;20.049827575683594;23.293373107910156;18.83232879638672;14.603338241577148;10.85045337677002;18.69924545288086;0.045783;0.052687;0.05586700000000001;0.056946000000000004;0.05606
2001-08-31;33.74324035644531;13.595929145812988;11.769060134887695;19.20859146118164;19.30034637451172;21.92241668701172;17.314817428588867;13.536252975463867;10.23285961151123;18.004199981689453;0.044777;0.051872;0.055180999999999994;0.056356;0.055576
2001-09-07;29.775768280029297;13.285944938659668;12.025386810302734;18.211523056030273;18.12468147277832;21.223262786865234;16.814041137695312;13.073397636413574;9.843143463134766;18.34052848815918;0.044258;0.051634;0.055034;0.056284;0.055651
2001-09-10;28.6422176361084;13.079285621643066;12.166272163391113;17.811185836791992;18.252037048339844;21.522302627563477;17.475671768188477;13.486799240112305;9.845267295837402;18.492982864379883;0.04442;0.052108999999999996;0.055612;0.056851000000000006;0.056068
2001-09-21;19.837337493896484;11.978015899658203;11.440248489379883;13.498128890991211;15.097373962402344;18.317119598388672;15.087111473083496;12.64939022064209;9.525620460510254;16.067012786865234;0.04057;0.051701;0.057228;0.059364;0.058427
2001-09-28;22.078092575073242;12.18195915222168;11.452479362487793;14.064642906188965;16.728593826293945;20.72205352783203;15.530227661132812;14.16873836517334;10.557952880859375;17.667884826660156;0.040155;0.050456;0.055401;0.057304;0.056540999999999994
2001-10-05;23.897071838378906;13.120078086853027;11.122464179992676;14.502747535705566;16.52669334411621;21.004257202148438;17.51816749572754;14.765863418579102;11.17650318145752;18.246347427368164;0.039078;0.049522000000000004;0.054440999999999996;0.056273;0.05537
2001-10-12;23.65980339050293;13.20164966583252;10.951354026794434;14.812437057495117;16.269466400146484;22.004539489746094;17.11147689819336;14.437268257141113;11.283146858215332;18.963825225830078;0.04048;0.050983;0.055748;0.057359;0.056055
2001-10-19;22.04514503479004;12.536516189575195;11.877821922302246;13.966445922851562;16.75423240661621;21.515981674194336;17.572790145874023;14.956672668457031;11.30660629272461;18.179094314575195;0.040072;0.050267;0.054966999999999995;0.056611;0.055455
2001-10-26;24.832916259765625;12.958414077758789;12.0122709274292;14.132624626159668;18.57459259033203;23.129100799560547;18.877857208251953;15.08740520477295;11.394061088562012;18.412267684936523;0.039098;0.049198000000000006;0.053795;0.055497;0.054719
2001-11-02;22.638294219970703;12.522820472717285;11.948699951171875;14.2534761428833;17.827659606933594;22.78584098815918;18.635055541992188;14.91073226928711;11.298076629638672;17.829307556152344;0.03774;0.048082;0.052516999999999994;0.05386;0.052298
2001-11-09;21.906757354736328;13.218677520751953;12.031821250915527;14.3139066696167;19.31658935546875;23.489215850830078;19.791399002075195;14.886007308959961;11.752384185791016;18.154823303222656;0.037334;0.047302;0.051553;0.052848;0.051396
2001-11-16;23.177318572998047;13.451543807983398;12.2053804397583;15.681096076965332;19.494670867919922;24.217859268188477;19.955297470092773;15.137107849121094;11.752384185791016;16.932479858398438;0.043632;0.052791;0.05631;0.057022;0.054908
2001-11-23;23.60124969482422;13.325531959533691;12.014710426330566;15.862380981445312;19.484769821166992;24.81926155090332;19.6396484375;15.463020324707031;11.901689529418945;17.338430404663086;0.045054;0.054376;0.057766000000000005;0.058244;0.055675999999999996
2001-11-30;23.250173568725586;12.991293907165527;11.52258586883545;15.462041854858398;18.6586856842041;24.25408363342285;19.487892150878906;15.342577934265137;11.763047218322754;16.869346618652344;0.042231;0.052472000000000005;0.056681;0.057848;0.056138
2001-12-07;24.70745849609375;14.013171195983887;11.434248924255371;17.061243057250977;19.672752380371094;25.041526794433594;20.586576461791992;15.268182754516602;11.803581237792969;17.171545028686523;0.046665;0.056693;0.060442;0.061174;0.058917000000000004
2001-12-14;24.873050689697266;13.717287063598633;11.348371505737305;16.007802963256836;17.827659606933594;24.5123291015625;20.468212127685547;13.9716215133667;11.530562400817871;16.625770568847656;0.04694;0.056803;0.060395000000000004;0.061064999999999994;0.058883
2001-12-21;25.595064163208008;14.095361709594727;11.969157218933105;15.78642463684082;17.684207916259766;25.23203468322754;20.498558044433594;14.524253845214844;12.294649124145508;17.36549949645996;0.046199000000000004;0.055320999999999995;0.058736;0.059566;0.058041
2001-12-28;25.89976692199707;14.572054862976074;11.574111938476562;15.992530822753906;18.079923629760742;25.384449005126953;20.598718643188477;14.311705589294434;12.461226463317871;17.942846298217773;0.046551999999999996;0.055996;0.059502;0.060343;0.05876699999999999
2001-12-31;25.687808990478516;14.314533233642578;11.569206237792969;15.8169584274292;17.981000900268555;25.02247428894043;20.10703468322754;14.116864204406738;12.29038143157959;17.726333618164062;0.045575000000000004;0.055106;0.058710000000000005;0.059613;0.058066000000000006
2002-01-11;25.62818717956543;13.922762870788574;11.115266799926758;16.69483184814453;19.144454956054688;24.086864471435547;20.823307037353516;14.382549285888672;11.916646957397461;17.36549949645996;0.043293;0.053424;0.057304;0.058327;0.056784999999999995
2002-01-18;25.93288803100586;13.517194747924805;11.149618148803711;16.18337631225586;17.931072235107422;22.607223510742188;20.061519622802734;14.205434799194336;12.034104347229004;17.32038688659668;0.043747;0.053307;0.057047;0.058095;0.056752000000000004
2002-01-25;26.813888549804688;13.82628059387207;11.07845687866211;16.626127243041992;17.4716854095459;23.54496192932129;19.36345672607422;14.772228240966797;12.471902847290039;17.663183212280273;0.045720000000000004;0.054854;0.058314000000000005;0.059175000000000005;0.057663
2002-02-01;27.46302032470703;13.94218921661377;10.96313762664795;17.137582778930664;16.058565139770508;23.97677993774414;19.017467498779297;14.931642532348633;12.655561447143555;17.59102439880371;0.044768999999999996;0.053999;0.057478999999999995;0.058322000000000006;0.056742
2002-02-08;27.737293243408203;13.38472843170166;11.250213623046875;17.878047943115234;15.53925609588623;23.540725708007812;18.40743637084961;14.417980194091797;12.632070541381836;17.373441696166992;0.043751;0.053492;0.057283999999999995;0.058273;0.056687
2002-02-15;29.865821838378906;13.779367446899414;11.520124435424805;18.244464874267578;15.004979133605957;24.453067779541016;18.279958724975586;14.60933780670166;12.8200101852417;17.650218963623047;0.043577000000000005;0.053241;0.057057000000000004;0.058051000000000005;0.056402
2002-02-22;29.772689819335938;14.538294792175293;11.606009483337402;18.068889617919922;14.076218605041504;25.327468872070312;17.60011863708496;14.60933780670166;12.802923202514648;18.476015090942383;0.04325999999999999;0.052853000000000004;0.056692;0.057733;0.05617200000000001
2002-03-01;31.82140350341797;15.545604705810547;11.878366470336914;18.31316566467285;14.810230255126953;25.608402252197266;18.62594985961914;14.797689437866211;13.413704872131348;19.056795120239258;0.044770000000000004;0.054382;0.058205;0.059165999999999996;0.05738000000000001
2002-03-08;32.859046936035156;16.373523712158203;11.740962028503418;18.129961013793945;17.346851348876953;25.85955047607422;19.408987045288086;14.218429565429688;13.351777076721191;19.469684600830078;0.04863000000000001;0.057473;0.06070299999999999;0.061295999999999996;0.059293
2002-03-15;31.914508819580078;16.500471115112305;11.984639167785645;18.565078735351562;17.981000900268555;25.83826446533203;18.965871810913086;14.701742172241211;13.6144437789917;19.78730010986328;0.048906;0.057672999999999995;0.060899;0.061546000000000003;0.059699
2002-03-22;30.856891632080078;15.766376495361328;12.62773609161377;17.900951385498047;17.5765438079834;24.771957397460938;18.346729278564453;14.396119117736816;13.26707649230957;19.723787307739258;0.049828000000000004;0.058223000000000004;0.061373;0.062077;0.060461999999999995
2002-03-28;32.094112396240234;15.689105033874512;12.87659740447998;17.618501663208008;17.801233291625977;24.47823143005371;18.304244995117188;14.122482299804688;13.106711387634277;19.887117385864258;0.049985999999999996;0.058247999999999994;0.061278;0.061957000000000005;0.060472
2002-04-05;32.120723724365234;15.829849243164062;12.85688304901123;17.740646362304688;17.576005935668945;25.951065063476562;16.956684112548828;13.504138946533203;12.644888877868652;19.3426570892334;0.047588;0.056029;0.059325;0.060237;0.059017
2002-04-12;32.293663024902344;15.998194694519043;13.147624015808105;18.320802688598633;17.28358268737793;26.012788772583008;16.97489356994629;13.96256160736084;13.091743469238281;18.739181518554688;0.046754;0.055675999999999996;0.059215;0.06018;0.05878
2002-04-19;28.435710906982422;15.285469055175781;13.529549598693848;19.046001434326172;19.03815460205078;26.58106803894043;17.36034393310547;13.433061599731445;12.599980354309082;19.292734146118164;0.046927;0.055957;0.059566999999999995;0.060587999999999996;0.059259000000000006
2002-04-26;27.610925674438477;15.03830623626709;13.416203498840332;18.397138595581055;17.641555786132812;26.476776123046875;15.630378723144531;13.06347370147705;11.930741310119629;18.14932632446289;0.045526;0.054536;0.05824;0.059414999999999996;0.058399
2002-05-03;29.68622398376465;14.996649742126465;14.010015487670898;18.015457153320312;17.98944664001465;27.030147552490234;15.041585922241211;13.059916496276855;11.813150405883789;18.41703224182129;0.045267;0.054311;0.057912;0.058936;0.057642
2002-05-10;29.021066665649414;14.666169166564941;13.886816024780273;17.67193603515625;17.686931610107422;27.008867263793945;15.190302848815918;12.871581077575684;11.473189353942871;17.779647827148438;0.045507;0.054973999999999995;0.058744;0.059745;0.05815699999999999
2002-05-17;30.325048446655273;15.216039657592773;14.044508934020996;18.969667434692383;19.209577560424805;27.683555603027344;17.005250930786133;13.22675895690918;12.471695899963379;18.345531463623047;0.046753;0.056415;0.060402;0.061505000000000004;0.059864
2002-05-24;28.942996978759766;14.982766151428223;13.847395896911621;17.984920501708984;19.058324813842773;27.36597442626953;16.16454315185547;12.656176567077637;11.870880126953125;18.359220504760742;0.045363;0.055067000000000005;0.059239;0.060547000000000004;0.059217000000000006
2002-05-31;28.475635528564453;14.51620101928711;13.689690589904785;17.48872947692871;18.125574111938477;26.826976776123047;15.451311111450195;12.338791847229004;11.567268371582031;18.222318649291992;0.044334;0.054222;0.058628;0.060119;0.058965
2002-06-07;28.5490779876709;14.057969093322754;13.317643165588379;16.526885986328125;16.98611068725586;26.61524200439453;15.776068687438965;12.303130149841309;11.637826919555664;17.989578247070312;0.04430799999999999;0.054585999999999996;0.059145;0.060652;0.059355000000000005
2002-06-14;28.39552116394043;13.580299377441406;13.564998626708984;16.053600311279297;16.63821792602539;26.959583282470703;16.768516540527344;12.602686882019043;12.1766357421875;17.866363525390625;0.041835000000000004;0.051821;0.056387;0.058085000000000005;0.05732
2002-06-21;28.689294815063477;13.241484642028809;13.849411010742188;14.694809913635254;16.6331844329834;26.521141052246094;15.867115020751953;12.135528564453125;11.770495414733887;17.911998748779297;0.041384;0.051498999999999996;0.056228999999999994;0.058074;0.057506
2002-06-28;30.04463005065918;13.594176292419434;13.849411010742188;14.427626609802246;17.102069854736328;26.307241439819336;16.601600646972656;12.4814453125;11.776924133300781;18.67411231994629;0.041887999999999995;0.052423000000000004;0.05741399999999999;0.059437;0.059049
2002-07-05;30.04463005065918;13.397006034851074;13.965636253356934;15.107027053833008;16.611604690551758;27.776607513427734;16.647113800048828;12.263906478881836;11.988866806030273;18.49156379699707;0.042173999999999996;0.052676;0.05757399999999999;0.05949;0.058926
2002-07-12;26.80649185180664;12.636058807373047;12.62522029876709;14.084115028381348;15.398480415344238;25.85170555114746;15.739638328552246;11.482929229736328;11.314495086669922;16.67070960998535;0.039029;0.050118;0.055448000000000004;0.057677;0.057442
2002-07-19;26.652931213378906;11.594026565551758;11.151247024536133;12.702422142028809;13.30355453491211;23.28725242614746;15.041585922241211;9.564349174499512;9.955042839050293;14.7859525680542;0.038353;0.049903;0.055583999999999995;0.058031;0.057942
2002-07-26;28.041658401489258;12.193184852600098;11.734904289245605;12.213869094848633;11.341150283813477;25.847410202026367;13.76384449005127;10.505802154541016;10.314708709716797;16.0135498046875;0.035533999999999996;0.048625999999999996;0.055276;0.05815000000000001;0.057957999999999996
2002-08-02;26.60619354248047;11.647225379943848;12.390273094177246;11.687146186828613;12.156702041625977;25.63780403137207;13.478548049926758;11.019330024719238;9.86941146850586;15.338149070739746;0.033824;0.047513;0.054225;0.056913;0.056143
2002-08-09;27.373994827270508;12.478768348693848;12.63758373260498;11.183324813842773;13.430975914001465;26.98096466064453;14.604546546936035;11.593477249145508;10.533074378967285;16.58039665222168;0.03361;0.047005;0.053612;0.056094;0.054764
2002-08-16;25.152048110961914;12.167989730834961;12.907149314880371;12.10699462890625;12.671506881713867;27.072933197021484;15.175124168395996;11.85952091217041;11.51573371887207;16.92487144470215;0.035285000000000004;0.047569999999999994;0.053516;0.055709999999999996;0.054443
2002-08-23;24.90386962890625;12.557164192199707;13.033282279968262;12.847461700439453;13.104764938354492;27.139318466186523;15.848909378051758;12.36799144744873;11.387282371520996;16.603370666503906;0.034155000000000005;0.046583;0.052718;0.055077999999999995;0.054025
2002-08-30;24.86363983154297;12.218387603759766;12.612858772277832;11.969588279724121;13.456472396850586;26.853490829467773;14.895905494689941;11.845203399658203;11.44936752319336;16.281858444213867;0.032983;0.045588;0.051814;0.054119;0.052744
2002-09-06;24.957534790039062;12.095196723937988;12.338337898254395;11.725312232971191;12.18727970123291;26.354883193969727;14.513490676879883;11.010875701904297;11.29951000213623;15.75827693939209;0.031819;0.044633000000000006;0.051146000000000004;0.053658000000000004;0.052445000000000006
2002-09-13;23.864259719848633;11.378449440002441;12.327354431152344;11.832181930541992;11.234112739562988;25.753124237060547;14.540810585021973;10.659961700439453;11.646326065063477;15.65263843536377;0.03108;0.043335;0.049725;0.052335;0.051538
2002-09-20;24.467914581298828;10.60289478302002;11.798506736755371;11.633708953857422;10.286043167114258;25.67361068725586;14.404231071472168;10.291141510009766;11.726764678955078;15.096895217895508;0.029591;0.042294;0.049142;0.05208;0.05158
2002-09-27;23.274030685424805;10.499300956726074;12.039345741271973;11.633708953857422;9.348164558410645;24.188566207885742;13.733491897583008;10.233851432800293;10.984999656677246;15.073928833007812;0.028627;0.041594;0.048693999999999994;0.051847000000000004;0.051628
2002-10-04;21.469783782958984;10.082133293151855;12.637706756591797;11.488667488098145;8.578438758850098;24.607637405395508;13.284306526184082;10.223112106323242;11.094329833984375;15.184155464172363;0.028237;0.041619;0.048913000000000005;0.052044;0.051471
2002-10-11;21.46307373046875;10.241721153259277;12.774264335632324;12.213869094848633;8.915556907653809;25.918609619140625;14.832168579101562;10.796031951904297;11.540244102478027;15.863908767700195;0.029359000000000003;0.042946;0.050269;0.05334;0.052568000000000004
2002-10-18;19.450912475585938;11.581018447875977;11.517950057983398;12.786392211914062;9.838748931884766;26.930862426757812;16.131155014038086;11.992011070251465;12.065491676330566;16.534469604492188;0.03254;0.046017;0.053052999999999996;0.055914;0.054991000000000005
2002-10-25;20.336265563964844;11.710978507995605;11.661948204040527;13.725330352783203;10.564858436584473;27.450956344604492;15.988515853881836;11.422669410705566;12.290590286254883;16.12571144104004;0.031946;0.045714;0.052945;0.055954;0.055210999999999996
2002-11-01;20.389928817749023;11.897449493408203;11.627195358276367;13.000138282775879;11.161300659179688;27.51971435546875;16.08563804626465;11.508604049682617;11.69460678100586;15.919020652770996;0.030261;0.044608999999999996;0.052161;0.055313;0.054565
2002-11-08;22.254528045654297;12.194117546081543;11.053653717041016;13.496320724487305;10.476689338684082;27.57130241394043;16.722991943359375;12.128076553344727;11.583122253417969;16.000885009765625;0.029903;0.042679999999999996;0.049655;0.052854;0.052996
2002-11-15;21.241771697998047;12.736571311950684;11.413664817810059;14.145183563232422;11.456929206848145;27.83135223388672;17.205564498901367;11.880463600158691;11.896126747131348;16.111835479736328;0.031507;0.044600999999999995;0.051391;0.054199000000000004;0.053494
2002-11-22;22.927627563476562;13.716961860656738;11.274625778198242;14.908552169799805;12.961008071899414;28.01646614074707;17.6699161529541;11.636029243469238;11.525243759155273;15.820574760437012;0.033479999999999996;0.046073;0.052428;0.054945;0.054008
2002-11-29;22.961355209350586;14.098386764526367;11.382195472717285;15.129928588867188;13.05437183380127;28.042367935180664;17.506023406982422;11.334068298339844;11.555257797241211;16.088720321655273;0.033777;0.046685;0.053052;0.055467;0.054257
2002-12-06;22.52302360534668;13.044535636901855;11.322343826293945;13.107006072998047;12.670562744140625;27.23253059387207;16.835283279418945;11.143548965454102;11.370887756347656;16.250530242919922;0.032298;0.045464000000000004;0.052062;0.054705000000000004;0.053864
2002-12-13;21.174341201782227;12.600960731506348;11.434562683105469;12.768173217773438;12.250463485717773;26.297428131103516;15.933882713317871;10.963810920715332;10.83492374420166;16.199676513671875;0.031663000000000004;0.044964000000000004;0.051662;0.054296;0.053253
2002-12-20;22.057723999023438;13.137768745422363;10.993147850036621;12.721796989440918;12.898773193359375;26.807090759277344;16.0977725982666;10.960224151611328;10.904580116271973;16.504806518554688;0.030081000000000004;0.043941;0.051069;0.053937;0.052965
2002-12-27;21.801483154296875;12.730921745300293;10.841015815734863;12.373997688293457;12.343812942504883;26.204561233520508;16.07653045654297;10.708592414855957;10.554616928100586;16.01474952697754;0.028635999999999998;0.042491;0.049665;0.052693000000000004;0.052159000000000004
2002-12-31;22.246545791625977;12.917388916015625;10.933292388916016;12.605864524841309;12.447542190551758;26.627832412719727;15.691078186035156;10.98897933959961;10.844463348388672;16.153440475463867;0.028458;0.042487000000000004;0.049741999999999995;0.052694;0.051788999999999995
2003-01-10;22.826478958129883;13.397699356079102;11.27247142791748;14.027986526489258;14.252073287963867;27.34482765197754;16.971860885620117;11.0716552734375;11.08279037475586;16.292139053344727;0.032408;0.045929000000000005;0.052576;0.055335;0.054894
2003-01-17;22.4488525390625;13.392511367797852;11.24752426147461;13.757473945617676;13.778579711914062;27.280040740966797;15.618236541748047;10.850931167602539;10.72852611541748;16.051727294921875;0.030994999999999998;0.044482999999999995;0.051204;0.053982;0.05343899999999999
2003-01-24;20.911346435546875;12.501580238342285;10.681407928466797;13.216448783874512;12.526458740234375;27.286529541015625;15.129598617553711;10.926789283752441;10.155277252197266;15.113219261169434;0.029710999999999998;0.043296;0.050263999999999996;0.053212;0.052758
2003-01-31;21.30246925354004;12.518660545349121;10.090350151062012;13.525603294372559;12.279191017150879;26.89778709411621;14.404231071472168;10.966525077819824;10.262625694274902;15.788211822509766;0.030605000000000004;0.043781;0.050361;0.053077;0.052523
2003-02-07;20.340951919555664;12.13438606262207;9.858419418334961;12.63677978515625;11.563697814941406;26.450746536254883;14.137149810791016;10.583627700805664;10.045781135559082;15.522966384887695;0.030303;0.043396;0.049798999999999996;0.052519;0.052332000000000004
2003-02-14;20.44266700744629;12.310869216918945;10.175142288208008;12.930479049682617;11.4953031539917;27.0144100189209;14.659172058105469;10.316333770751953;10.552475929260254;15.564855575561523;0.029725;0.043452000000000005;0.050484;0.053517999999999996;0.053268
2003-02-21;20.096860885620117;13.247344970703125;10.135244369506836;13.154617309570312;12.037190437316895;27.538043975830078;14.998608589172363;10.453597068786621;10.498798370361328;15.909293174743652;0.029121;0.042781;0.049909999999999996;0.05304299999999999;0.052908
2003-02-28;18.68655776977539;13.378281593322754;10.030499458312988;13.185535430908203;11.93196964263916;27.216745376586914;14.432278633117676;10.771465301513672;10.318456649780273;15.834819793701172;0.027336999999999997;0.040785;0.047888;0.051082;0.051151
2003-03-07;17.520347595214844;13.036707878112793;9.4020357131958;12.149856567382812;11.726788520812988;27.027889251708984;14.347020149230957;10.82926082611084;10.33133316040039;16.193233489990234;0.026194000000000002;0.040017;0.047502;0.05096;0.051239999999999994
2003-03-14;17.32370948791504;13.383968353271484;10.009159088134766;12.690882682800293;11.184905052185059;27.255834579467773;15.138663291931152;10.457205772399902;10.597561836242676;16.00704574584961;0.027756;0.040883;0.048018;0.051376;0.051839
2003-03-21;19.052692413330078;14.958059310913086;10.598671913146973;14.483990669250488;12.96838092803955;29.17057991027832;16.179988861083984;11.54446792602539;11.757864952087402;16.756420135498047;0.031730999999999995;0.044900999999999996;0.05176;0.054812;0.054806999999999995
2003-03-28;17.696626663208008;14.300530433654785;10.217376708984375;13.672452926635742;12.863167762756348;28.332609176635742;15.022963523864746;11.49028491973877;11.42666244506836;16.770387649536133;0.029331;0.043087;0.050277;0.053593;0.053984
2003-04-04;17.96783447265625;14.650632858276367;10.510873794555664;13.479231834411621;13.649187088012695;29.085901260375977;15.278726577758789;11.84788990020752;11.742812156677246;16.533004760742188;0.029533999999999998;0.043459000000000005;0.050713999999999995;0.054008;0.054235
2003-04-11;17.947498321533203;15.08045768737793;10.392971992492676;13.788387298583984;13.654522895812988;28.85363006591797;14.7367582321167;11.381914138793945;11.394393920898438;15.979108810424805;0.029981;0.04353799999999999;0.050629999999999994;0.053819;0.053912
2003-04-17;18.069547653198242;14.89474105834961;10.134590148925781;14.221210479736328;14.572288513183594;28.217540740966797;15.528404235839844;11.327737808227539;11.917020797729492;16.304929733276367;0.030306000000000003;0.043243000000000004;0.049992;0.053048000000000005;0.053224
2003-04-25;18.435691833496094;14.88040542602539;9.888752937316895;14.035715103149414;14.919124603271484;26.6805419921875;15.357891082763672;10.970133781433105;11.828841209411621;16.193233489990234;0.029205000000000002;0.042514;0.049269;0.052313;0.052561
2003-05-02;19.405271530151367;15.000751495361328;10.285100936889648;14.599925994873047;15.932950973510742;27.38608741760254;15.893771171569824;11.39636516571045;12.076170921325684;16.775049209594727;0.029258000000000003;0.042686;0.049299;0.052277;0.052694
2003-05-09;19.730724334716797;15.229987144470215;11.035160064697266;14.422163009643555;16.05034065246582;26.660999298095703;16.052104949951172;11.793705940246582;12.000899314880371;16.62735366821289;0.026441;0.03999;0.047164000000000005;0.050575999999999996;0.051345
2003-05-16;20.74507713317871;15.178417205810547;11.025125503540039;14.252124786376953;16.674631118774414;27.23412322998047;15.571030616760254;12.19542407989502;11.381494522094727;16.617984771728516;0.024653;0.037787;0.044854000000000005;0.048198;0.048833
2003-05-23;20.451833724975586;14.613911628723145;11.085335731506348;14.097548484802246;16.487882614135742;26.953365325927734;14.748942375183105;11.5676908493042;11.183627128601074;16.86642837524414;0.023744;0.036331;0.043177;0.046246;0.046176
2003-05-30;20.91556167602539;14.943448066711426;11.431522369384766;15.187324523925781;17.53371238708496;27.60155487060547;14.98642635345459;11.25563907623291;11.314820289611816;17.06332015991211;0.023267000000000003;0.036702;0.044134;0.047575000000000006;0.047897999999999996
2003-06-06;23.77295684814453;15.648346900939941;11.76264762878418;16.44713592529297;18.74495506286621;27.586275100708008;14.414007186889648;12.006741523742676;11.5320463180542;17.503963470458984;0.023214000000000002;0.036738;0.044103;0.047729999999999995;0.049016000000000004
2003-06-13;24.100292205810547;16.06097984313965;11.934385299682617;15.728344917297363;18.51551055908203;27.891834259033203;15.010786056518555;12.003113746643066;11.630974769592285;17.78053855895996;0.020788;0.034110999999999995;0.041523000000000004;0.04524;0.046757999999999994
2003-06-20;24.229869842529297;16.404842376708984;11.712580680847168;15.712891578674316;18.56886863708496;28.542192459106445;16.033832550048828;12.906610488891602;11.688791275024414;17.293010711669922;0.02349;0.03711;0.044591000000000006;0.048257;0.049283
2003-06-27;23.336502075195312;15.997941017150879;11.722662925720215;14.947729110717773;18.08864402770996;28.068601608276367;15.607560157775879;12.699790954589844;11.589696884155273;17.04924964904785;0.02537;0.038865;0.04620199999999999;0.049749999999999996;0.050659
2003-07-03;23.58199691772461;15.923425674438477;11.652093887329102;15.511937141418457;18.394338607788086;28.01840591430664;16.137357711791992;12.420390129089355;11.839587211608887;16.903926849365234;0.025706000000000003;0.039771;0.047062999999999994;0.050525;0.051514
2003-07-11;23.99117660522461;16.44208526611328;11.067346572875977;16.1070613861084;19.272830963134766;28.206098556518555;16.630611419677734;12.409505844116211;12.177802085876465;16.688297271728516;0.025432999999999997;0.039765;0.04724300000000001;0.050702;0.051294000000000006
2003-07-18;22.74321174621582;18.913259506225586;11.316869735717773;16.238460540771484;19.041080474853516;28.4112548828125;16.374853134155273;12.115595817565918;12.27904987335205;16.819557189941406;0.029278;0.043208;0.050088;0.05312;0.0533
2003-07-25;22.286291122436523;18.823894500732422;11.35215950012207;16.454866409301758;19.116533279418945;30.859973907470703;16.374853134155273;11.988597869873047;12.104561805725098;16.76329803466797;0.03104;0.045678;0.052622999999999996;0.055499;0.055219
2003-08-01;22.10898208618164;19.377368927001953;11.27906322479248;17.405527114868164;17.979352951049805;30.338361740112305;15.9364013671875;11.857975006103516;11.906368255615234;16.561721801757812;0.033957;0.048632999999999996;0.05551999999999999;0.058053;0.056711
2003-08-08;21.993057250976562;19.662752151489258;11.304267883300781;16.879959106445312;17.77994728088379;30.54352569580078;15.57711410522461;11.963197708129883;12.444923400878906;17.11956787109375;0.031977000000000005;0.04636;0.053769;0.057051;0.057054
2003-08-15;22.581314086914062;20.455490112304688;11.344598770141602;17.351421356201172;18.141042709350586;31.134939193725586;15.552762031555176;11.453045845031738;12.516009330749512;17.383892059326172;0.034471;0.049353;0.056466;0.058987;0.057185
2003-08-22;24.45966911315918;20.665929794311523;10.90855884552002;16.54761505126953;18.281160354614258;31.4664249420166;15.96684741973877;10.771404266357422;12.580638885498047;17.242284774780273;0.034765000000000004;0.048454;0.054944;0.057313;0.05593
2003-08-29;25.631919860839844;20.706287384033203;10.969051361083984;15.84427547454834;18.442848205566406;31.236209869384766;16.149534225463867;10.906267166137695;12.746520042419434;17.79452896118164;0.03479;0.048098999999999996;0.054292999999999994;0.05666;0.055774
2003-09-05;25.4742488861084;20.216218948364258;11.127836227416992;16.37757682800293;18.426679611206055;30.40524673461914;17.282197952270508;11.121338844299316;12.686203002929688;17.921972274780273;0.032861;0.047145;0.053968999999999996;0.056742;0.056212
2003-09-12;24.445968627929688;19.607986450195312;11.142044067382812;15.643325805664062;18.324281692504883;30.306604385375977;17.257843017578125;11.62801456451416;12.382451057434082;17.808691024780273;0.031693;0.04624399999999999;0.053343;0.056233000000000005;0.055603999999999994
2003-09-19;24.535079956054688;20.521785736083984;10.936882019042969;15.828824043273926;19.1273193359375;31.128772735595703;18.244352340698242;11.463980674743652;12.524629592895508;17.459409713745117;0.031166;0.045134999999999995;0.052150999999999996;0.055113;0.054721
2003-09-26;23.314834594726562;19.674278259277344;10.89889144897461;15.519669532775879;18.426679611206055;31.451061248779297;17.166492462158203;11.13956069946289;12.23595905303955;17.360294342041016;0.029588999999999997;0.043598;0.050734;0.053804;0.053541
2003-10-03;24.576200485229492;21.15309715270996;11.154708862304688;16.44713592529297;19.138769149780273;32.023319244384766;17.70846939086914;11.219752311706543;12.402015686035156;17.818130493164062;0.031327;0.045525;0.052573;0.055517000000000004;0.055068
2003-10-10;25.33028793334961;21.836292266845703;11.101515769958496;16.740833282470703;19.32923698425293;32.466209411621094;17.604938507080078;11.208817481994629;12.604830741882324;18.077728271484375;0.031627999999999996;0.046147;0.053368;0.056386000000000006;0.055927
2003-10-17;25.52910614013672;21.310914993286133;11.410527229309082;16.679000854492188;19.775466918945312;32.47056579589844;17.715953826904297;11.13956069946289;12.69544792175293;18.247652053833008;0.033571;0.047417;0.054298;0.057108;0.056445999999999996
2003-10-24;24.870981216430664;20.578161239624023;11.499176979064941;16.849037170410156;18.92109489440918;33.18532180786133;16.295246124267578;11.241629600524902;12.537946701049805;17.86533546447754;0.031627999999999996;0.045487;0.052473;0.055382;0.054842
2003-10-31;26.386011123657227;21.224023818969727;11.752461433410645;17.49827003479004;19.536029815673828;34.5841178894043;16.0074405670166;11.518654823303223;12.719184875488281;17.265886306762695;0.032854;0.046386000000000004;0.053038999999999996;0.055733;0.055061
2003-11-07;26.66707992553711;21.018400192260742;11.810710906982422;18.085668563842773;19.612213134765625;34.658668518066406;15.98293685913086;11.580625534057617;12.604830741882324;16.902082443237305;0.034898;0.047885;0.054299999999999994;0.056932;0.056376
2003-11-14;27.026906967163086;21.029977798461914;11.825915336608887;17.830608367919922;19.29657554626465;34.43502426147461;15.61551570892334;12.481527328491211;11.866921424865723;17.1112117767334;0.032078999999999996;0.045305;0.051963999999999996;0.05474999999999999;0.054280999999999996
2003-11-21;26.758350372314453;21.11107635498047;11.757527351379395;17.45189666748047;19.0462646484375;34.13365936279297;15.376690864562988;12.1519136428833;11.825925827026367;16.797510147094727;0.031597;0.044549000000000005;0.051281;0.054247;0.054153
2003-11-28;26.434717178344727;22.026309967041016;11.833699226379395;17.8460693359375;19.263931274414062;34.807437896728516;15.744115829467773;12.294744491577148;12.00501537322998;17.206279754638672;0.033866;0.046442;0.052827;0.055553;0.055254000000000004
2003-12-05;26.166175842285156;22.156635284423828;11.932938575744629;16.74856948852539;19.024499893188477;35.55608367919922;15.909462928771973;12.52547836303711;11.53896427154541;17.481956481933594;0.032568;0.045301;0.051768;0.054596;0.054519000000000005
2003-12-12;27.109527587890625;22.596878051757812;12.56407642364502;17.805065155029297;19.095239639282227;35.87754440307617;16.319746017456055;12.598730087280273;11.32751750946045;18.09035301208496;0.032467;0.045514;0.052145000000000004;0.055053;0.055003
2003-12-19;28.562450408935547;24.54607391357422;12.749845504760742;18.124963760375977;19.470722198486328;37.022525787353516;16.754528045654297;12.551114082336426;11.314971923828125;18.82234001159668;0.031772;0.044398;0.050789;0.053576;0.053485
2003-12-26;28.555561065673828;24.244869232177734;12.71422004699707;18.109359741210938;19.71015739440918;37.08417892456055;16.662673950195312;12.726907730102539;11.351715087890625;19.036230087280273;0.031727;0.044457;0.050849000000000005;0.053615;0.053488
2003-12-31;29.016902923583984;24.045007705688477;12.915271759033203;18.20298194885254;19.987693786621094;37.44529724121094;16.760656356811523;12.939325332641602;11.466266632080078;19.487781524658203;0.032465;0.045544;0.052038;0.054794999999999996;0.054526000000000005
2004-01-02;28.91362190246582;23.937854766845703;12.81347370147705;18.468259811401367;20.11402702331543;36.714263916015625;16.80964469909668;13.019906044006348;11.304166793823242;19.311908721923828;0.033651;0.046711;0.053156999999999996;0.055837000000000005;0.055403
2004-01-09;29.361207962036133;23.300670623779297;12.620058059692383;19.40454864501953;21.28944206237793;36.28710174560547;16.938241958618164;13.206686973571777;11.325773239135742;19.150299072265625;0.030515;0.043923;0.050730000000000004;0.053727;0.053721
2004-01-16;30.304553985595703;24.47760772705078;12.69386100769043;19.388944625854492;21.56956672668457;37.643470764160156;17.030099868774414;12.818471908569336;11.559209823608398;19.2501220703125;0.030355;0.043169000000000006;0.049772;0.052742000000000004;0.052892999999999996
2004-01-23;28.81722640991211;24.486331939697266;12.734582901000977;18.76475715637207;21.750831604003906;36.09334182739258;17.440383911132812;13.23598575592041;11.716989517211914;19.50678825378418;0.030772;0.043714;0.050311;0.053249000000000005;0.053337
2004-01-30;28.748363494873047;22.72920036315918;12.530993461608887;18.72574234008789;21.36084747314453;34.829471588134766;16.93212127685547;13.415449142456055;11.639181137084961;19.387962341308594;0.03186;0.044445;0.0508;0.053567000000000004;0.053474
2004-02-06;30.53867530822754;22.836851119995117;12.97634220123291;18.218585968017578;21.822223663330078;35.14651870727539;16.583070755004883;14.228507041931152;12.445382118225098;19.25486946105957;0.031359;0.043938;0.050265000000000004;0.053044;0.053051
2004-02-13;30.72687530517578;22.522653579711914;13.014517784118652;21.00404167175293;22.058408737182617;35.08928680419922;16.283000946044922;13.7515869140625;12.17304801940918;20.044002532958984;0.030257999999999997;0.043262999999999996;0.049976;0.052957000000000004;0.052969
2004-02-20;30.650835037231445;22.348108291625977;12.963623046875;20.71535301208496;22.283607482910156;35.256103515625;16.270755767822266;13.711112976074219;12.845251083374023;20.10139274597168;0.030964000000000002;0.043845;0.050429;0.053314;0.053232
2004-02-27;29.980310440063477;22.036828994750977;12.71422004699707;20.69974708557129;22.530780792236328;34.51294708251953;16.246257781982422;13.483027458190918;12.87334156036377;20.168359756469727;0.030125000000000002;0.042745;0.04917099999999999;0.052173;0.052751
2004-03-05;29.530988693237305;22.21719741821289;12.749845504760742;20.660741806030273;23.62381935119629;34.796051025390625;16.13603973388672;13.674327850341797;13.02032470703125;20.32140350341797;0.028322;0.041222;0.048011;0.05107999999999999;0.051204
2004-03-12;27.858118057250977;21.798280715942383;12.392029762268066;20.36425018310547;22.805410385131836;33.71671676635742;15.542031288146973;12.982704162597656;12.639913558959961;20.10139274597168;0.027489;0.040494;0.04747;0.050661;0.050838999999999995
2004-03-19;27.256723403930664;22.19683074951172;12.476438522338867;19.81027603149414;22.701051712036133;35.28265380859375;15.082752227783203;12.489728927612305;12.694314956665039;19.847929000854492;0.027846000000000003;0.04063;0.04748;0.05065;0.050955
2004-03-26;27.201416015625;22.528478622436523;12.476438522338867;19.584009170532227;22.657115936279297;35.37997055053711;15.3276948928833;12.614814758300781;12.869787216186523;19.48443603515625;0.028300000000000002;0.041276;0.048178;0.051322;0.05149
2004-04-02;28.922683715820312;23.622323989868164;13.026333808898926;20.24720573425293;22.99591827392578;36.176204681396484;15.829846382141113;13.24389934539795;12.694314956665039;20.044002532958984;0.031619;0.044321;0.050846;0.053612;0.053196
2004-04-08;28.583959579467773;23.849231719970703;13.105626106262207;20.48128318786621;22.785511016845703;36.46376037597656;15.603269577026367;13.096747398376465;12.280561447143555;20.302274703979492;0.032282000000000005;0.045026000000000004;0.051517;0.054261;0.053854
2004-04-16;28.687637329101562;23.84632110595703;13.282103538513184;19.42795753479004;21.73897933959961;37.038818359375;15.407305717468262;13.839875221252441;12.659656524658203;20.97661590576172;0.034083;0.046753;0.053132;0.055810000000000005;0.055389999999999995
2004-04-23;29.34433937072754;23.952720642089844;13.057029724121094;19.23289680480957;21.207401275634766;38.88344955444336;16.8647518157959;13.398417472839355;12.774466514587402;20.55097198486328;0.036067;0.047751999999999996;0.053667999999999993;0.056223999999999996;0.056056
2004-04-30;29.510255813598633;22.716506958007812;12.934266090393066;17.968915939331055;20.81981658935547;38.255306243896484;16.00130844116211;13.155608177185059;12.347709655761719;20.350099563598633;0.036657999999999996;0.048209;0.054008;0.056511;0.056368999999999995
2004-05-07;30.001047134399414;22.538236618041992;12.977738380432129;17.516376495361328;20.199642181396484;37.34846496582031;15.786982536315918;13.376333236694336;11.676175117492676;20.68488121032715;0.039937;0.05091999999999999;0.056213;0.058356000000000005;0.05787899999999999
2004-05-14;30.02869415283203;22.120330810546875;12.788475036621094;18.132761001586914;19.74559783935547;37.0742073059082;15.835966110229492;13.159041404724121;11.927456855773926;20.828187942504883;0.039580000000000004;0.050942999999999995;0.056442;0.058689;0.058247999999999994
2004-05-21;30.141172409057617;21.34292984008789;12.629897117614746;17.695829391479492;19.9781494140625;36.84006118774414;15.854344367980957;12.867025375366211;11.962125778198242;20.50567054748535;0.039485;0.050591;0.055967;0.058151;0.057677
2004-05-28;31.807954788208008;22.020946502685547;13.133755683898926;18.31221580505371;20.398983001708984;37.56868362426758;16.06254005432129;13.062944412231445;12.101091384887695;20.81855583190918;0.038433;0.049517;0.054855999999999995;0.05697;0.056334999999999996
2004-06-04;32.57191848754883;22.064796447753906;13.369074821472168;18.772554397583008;20.642616271972656;37.70198059082031;15.891081809997559;13.166438102722168;12.287830352783203;20.876317977905273;0.039936;0.050751;0.056013;0.058141;0.05763
2004-06-10;33.85673904418945;22.09401512145996;13.205378532409668;19.287513732910156;20.9305477142334;38.30620574951172;16.39322853088379;13.181215286254883;12.420282363891602;21.16994285583496;0.04024;0.050811999999999996;0.056033;0.058164;0.057675000000000004
2004-06-18;34.585960388183594;21.749156951904297;13.2079439163208;19.521591186523438;20.61492347717285;38.69272232055664;17.360782623291016;13.096203804016113;12.077201843261719;21.651302337646484;0.039661;0.049873;0.055016999999999996;0.057212;0.056992
2004-06-25;35.6276969909668;22.839250564575195;12.876397132873535;19.646425247192383;21.035757064819336;39.3902587890625;17.495492935180664;12.501091957092285;11.401907920837402;21.299903869628906;0.038814;0.049245000000000004;0.05451399999999999;0.056742;0.056437
2004-07-02;34.391502380371094;22.421335220336914;12.986912727355957;19.71664810180664;21.27214241027832;38.874900817871094;17.495492935180664;12.545445442199707;11.275967597961426;21.526145935058594;0.036613;0.047409999999999994;0.052981;0.055391;0.055187
2004-07-09;34.75263214111328;22.526538848876953;13.112848281860352;19.19388771057129;20.573862075805664;38.94153594970703;17.06072235107422;12.567619323730469;11.239055633544922;21.877531051635742;0.036647;0.047449000000000005;0.053055000000000005;0.055507;0.055369
2004-07-16;34.120635986328125;22.857927322387695;12.999765396118164;18.296611785888672;20.037593841552734;39.025936126708984;16.82801055908203;11.968817710876465;11.43230152130127;22.06045150756836;0.035874;0.046416000000000006;0.052009;0.054541000000000006;0.054631
2004-07-23;32.683040618896484;21.5095272064209;11.6093168258667;17.914291381835938;20.406286239624023;36.706790924072266;17.16482162475586;11.939241409301758;11.543045997619629;21.81495475769043;0.037145000000000004;0.047095000000000005;0.052447999999999995;0.054973;0.055365000000000004
2004-07-30;35.245723724365234;21.588844299316406;11.272631645202637;18.01572608947754;20.853185653686523;36.59126281738281;17.44650650024414;11.813569068908691;11.510480880737305;22.28668785095215;0.037418;0.047544;0.052918;0.055394;0.055625
2004-08-06;33.56505584716797;20.637056350708008;11.180102348327637;17.15746307373047;20.16048812866211;35.48500442504883;16.61981201171875;11.525250434875488;11.145686149597168;21.718692779541016;0.034307;0.045007;0.05091300000000001;0.053763;0.054331
2004-08-13;34.670169830322266;21.07769203186035;11.403706550598145;16.29920196533203;20.59621810913086;34.50313949584961;16.546323776245117;11.576681137084961;11.59516716003418;21.752098083496094;0.034512999999999995;0.044897;0.050656999999999994;0.053463000000000004;0.054095000000000004
2004-08-20;35.186187744140625;21.221637725830078;11.362587928771973;17.508573532104492;21.590551376342773;35.82665252685547;16.656553268432617;11.795950889587402;11.894716262817383;21.911876678466797;0.034514;0.045058999999999995;0.050856000000000005;0.053621;0.054078999999999995
2004-08-27;36.2530632019043;21.65053939819336;11.493661880493164;17.68022346496582;22.188262939453125;36.36668395996094;16.865373611450195;12.134140014648438;11.657471656799316;22.0039005279541;0.034592;0.044974999999999994;0.050715;0.053489;0.05404899999999999
2004-09-03;37.02709197998047;21.609405517578125;11.691563606262207;17.453950881958008;22.260896682739258;37.46464538574219;16.650415420532227;12.096976280212402;11.589998245239258;22.788366317749023;0.035283;0.045513000000000005;0.051363000000000006;0.053923;0.053069
2004-09-10;37.759246826171875;22.061813354492188;11.041316986083984;18.07033920288086;22.232952117919922;37.79938507080078;16.88379669189453;11.840543746948242;11.633528709411621;22.9384765625;0.034023;0.044391999999999994;0.050353;0.053005000000000004;0.052329
2004-09-17;38.4565544128418;22.361452102661133;10.418288230895996;18.273202896118164;22.1491756439209;36.74160385131836;16.89608383178711;11.7885160446167;11.422406196594238;23.42272186279297;0.033641000000000004;0.043739;0.049635;0.052329999999999995;0.051851
2004-09-24;37.05496597290039;21.96193504333496;10.338143348693848;18.304414749145508;22.205028533935547;35.116981506347656;16.760963439941406;11.022929191589355;11.494231224060059;23.161230087280273;0.033421;0.042640000000000004;0.048291;0.050882;0.050351
2004-10-01;36.59474182128906;23.677515029907227;10.420877456665039;18.007925033569336;22.53461265563965;35.56776809692383;17.350570678710938;11.509781837463379;11.563882827758789;23.67452621459961;0.034609;0.044408;0.050137999999999995;0.052577;0.051532
2004-10-08;34.93513107299805;23.35438346862793;10.340733528137207;19.388944625854492;22.337444305419922;35.3758544921875;17.190885543823242;11.074962615966797;11.502938270568848;24.134557723999023;0.034041999999999996;0.043953;0.049747000000000006;0.052201000000000004;0.051151
2004-10-15;34.997901916503906;23.82145881652832;10.133922576904297;19.435760498046875;21.82476806640625;34.80453872680664;17.190885543823242;10.591826438903809;11.433289527893066;23.73748016357422;0.033254;0.043105000000000004;0.048962000000000006;0.051585;0.050942
2004-10-22;34.52373123168945;22.83572769165039;10.056363105773926;19.209489822387695;21.109298706054688;33.86726760864258;17.037343978881836;10.30937671661377;11.315757751464844;23.582521438598633;0.03283;0.042337;0.04801999999999999;0.050617999999999996;0.050119
2004-10-29;34.795677185058594;23.78058433532715;10.51135540008545;19.677637100219727;21.745901107788086;34.62154769897461;17.178592681884766;10.75906753540039;11.73582649230957;23.834321975708008;0.033138;0.042756999999999996;0.048427;0.050931;0.050189000000000004
2004-11-05;35.66730499267578;25.738178253173828;10.70266342163086;20.621723175048828;22.168418884277344;36.33098602294922;18.001605987548828;10.699604034423828;12.290842056274414;24.4008846282959;0.035001000000000004;0.044253999999999995;0.049827;0.052157999999999996;0.050973
2004-11-12;37.75083541870117;26.564910888671875;10.544966697692871;20.910415649414062;22.06702423095703;36.90227508544922;18.406957626342773;10.26301097869873;12.373549461364746;24.54751205444336;0.035204;0.044187000000000004;0.049692999999999994;0.051996;0.050796
2004-11-19;37.63884735107422;26.62691879272461;10.270934104919434;20.80118179321289;21.081140518188477;36.28989791870117;18.386417388916016;10.180755615234375;12.025307655334473;24.528047561645508;0.035657;0.04409;0.049370000000000004;0.051586;0.050374
2004-11-26;37.813838958740234;27.4005184173584;10.30454158782959;21.16008949279785;21.23323631286621;35.935768127441406;18.20844078063965;10.154584884643555;12.040539741516113;25.146352767944336;0.036384;0.044357;0.049404;0.05151;0.050226
2004-12-03;38.68183517456055;26.845413208007812;10.590704917907715;21.35515022277832;21.441688537597656;36.34821319580078;18.639699935913086;10.42751693725586;11.520352363586426;24.474498748779297;0.036042;0.044755;0.05005899999999999;0.052228000000000004;0.050858999999999994
2004-12-10;36.69384002685547;27.052112579345703;10.543880462646484;21.750642776489258;21.199447631835938;35.32606887817383;18.537025451660156;10.128417015075684;11.472467422485352;24.41607666015625;0.035132;0.043456999999999996;0.048712;0.050951;0.049846
2004-12-17;37.169837951660156;27.825695037841797;10.653145790100098;21.545961380004883;21.70083236694336;36.1419677734375;18.45488166809082;9.627418518066406;11.349858283996582;24.24567413330078;0.035812;0.043951000000000004;0.049035999999999996;0.051062;0.049564000000000004
2004-12-23;37.47083282470703;28.732149124145508;10.798824310302734;21.71915054321289;22.061397552490234;37.00718688964844;18.48910903930664;9.747055053710938;11.465492248535156;25.302160263061523;0.035804;0.044062000000000004;0.049161;0.051143999999999995;0.049527999999999996
2004-12-31;36.23884201049805;28.79122543334961;10.832646369934082;21.88446617126465;21.976886749267578;36.791996002197266;18.29059410095215;10.053634643554688;11.524402618408203;24.956493377685547;0.036247;0.04407;0.048984;0.050953;0.049463999999999994
2005-01-07;35.21684265136719;27.571781158447266;10.707771301269531;21.388521194458008;21.822751998901367;36.89512252807617;18.25636863708496;9.833047866821289;11.779681205749512;24.240798950195312;0.037313;0.044544;0.04917;0.051011;0.04944200000000001
2005-01-14;35.6368293762207;27.663301467895508;10.658350944519043;22.27806854248047;21.487451553344727;37.64378356933594;17.8798770904541;9.440475463867188;11.779681205749512;24.863983154296875;0.037064;0.043654;0.047916;0.049559;0.047865000000000005
2005-01-21;35.04884719848633;26.462236404418945;10.64273452758789;22.159990310668945;20.94188117980957;36.43335723876953;17.55814552307129;9.152586936950684;11.565864562988281;24.557260513305664;0.036369;0.043005;0.047192;0.048742;0.046923000000000006
2005-01-28;34.94384765625;25.937318801879883;10.793622970581055;22.222963333129883;21.027130126953125;37.32099151611328;17.92095184326172;9.103985786437988;11.439314842224121;24.961362838745117;0.03674;0.04287;0.04685399999999999;0.048323;0.046489
2005-02-04;36.805843353271484;27.254051208496094;11.048569679260254;23.073156356811523;21.419254302978516;37.69309616088867;18.016782760620117;9.059117317199707;11.664044380187988;26.91853904724121;0.036558;0.042002;0.045587;0.046838;0.044863
2005-02-11;38.075748443603516;27.51502227783203;11.12401294708252;23.096769332885742;21.299911499023438;37.675167083740234;17.777193069458008;9.47353744506836;11.36731243133545;27.451555252075195;0.036713;0.042161;0.045702;0.046877;0.044905
2005-02-18;37.11928939819336;26.9397029876709;11.176044464111328;22.8763484954834;20.748661041259766;38.35209274291992;17.49559211730957;10.095064163208008;11.502584457397461;29.066064834594727;0.038418;0.04383600000000001;0.047375;0.048509000000000004;0.046211
2005-02-25;38.67353820800781;28.12002182006836;11.191650390625;21.95531463623047;21.01007843017578;38.116661071777344;17.3376522064209;10.117663383483887;11.23422622680664;30.94965362548828;0.038828999999999995;0.043867;0.047298;0.048442;0.046253
2005-03-04;41.057682037353516;29.644350051879883;11.352950096130371;22.734651565551758;21.316967010498047;38.954673767089844;17.282732009887695;10.113892555236816;11.585503578186035;31.101314544677734;0.03946;0.044336;0.04755499999999999;0.048551000000000004;0.046186
2005-03-11;40.4317512512207;29.359628677368164;11.123486518859863;21.71915054321289;20.52134132385254;38.58070373535156;17.227798461914062;9.929316520690918;11.258219718933105;29.868410110473633;0.041867999999999995;0.046598;0.049539;0.050248;0.047354
2005-03-18;40.19968032836914;28.588584899902344;10.856393814086914;22.112756729125977;20.46450424194336;38.81951141357422;16.692224502563477;9.7296781539917;11.258589744567871;30.65121841430664;0.041420000000000005;0.046375;0.049508;0.050302;0.047444
2005-03-24;39.946495056152344;27.75227165222168;10.788317680358887;21.845109939575195;19.850740432739258;38.42304229736328;16.671621322631836;9.857748031616211;11.085719108581543;28.865461349487305;0.042607;0.047158;0.050054999999999995;0.050637999999999996;0.047444
2005-04-01;41.3389892578125;26.735071182250977;10.83544921875;22.498491287231445;19.46430206298828;38.35094451904297;16.56175422668457;9.850214958190918;10.720281600952148;29.623790740966797;0.040918;0.045617;0.048722;0.049488000000000004;0.046608000000000004
2005-04-08;41.2123908996582;26.895212173461914;11.023980140686035;22.356792449951172;19.80295753479004;38.094112396240234;17.12480354309082;10.019725799560547;10.62837028503418;29.359594345092773;0.041295;0.046035000000000006;0.049151;0.049932;0.047058
2005-04-15;40.0871467590332;24.75105857849121;10.811882019042969;21.545961380004883;19.475780487060547;36.43160629272461;16.79521369934082;10.437841415405273;10.437992095947266;27.49069595336914;0.038746;0.043965;0.047531;0.048722;0.046521999999999994
2005-04-22;40.70603561401367;26.758846282958984;11.031838417053223;21.490856170654297;20.01534080505371;34.7194938659668;17.15226936340332;10.253265380859375;10.243237495422363;29.070960998535156;0.038939;0.04363;0.046922;0.047982;0.045720000000000004
2005-04-29;41.85942840576172;26.234464645385742;11.374861717224121;20.782367706298828;20.37122344970703;34.45366287231445;17.37199592590332;10.234427452087402;10.315449714660645;27.901668548583984;0.038607999999999996;0.042946;0.046152;0.047222;0.045082000000000004
2005-05-06;42.90730285644531;26.86313247680664;11.57125186920166;21.168106079101562;20.440095901489258;34.84115219116211;17.317066192626953;10.40017032623291;10.713714599609375;28.1805362701416;0.03913;0.043575;0.046931;0.048103999999999994;0.04605000000000001
2005-05-13;42.017452239990234;26.51752471923828;11.550307273864746;21.25469398498535;19.78000259399414;34.066192626953125;17.37199592590332;10.566930770874023;10.313262939453125;26.40627670288086;0.037932;0.042352999999999995;0.045623;0.04671;0.044576000000000005
2005-05-20;43.712257385253906;27.897022247314453;11.796452522277832;21.908077239990234;20.698413848876953;34.909881591796875;17.730178833007812;10.840015411376953;10.357260704040527;26.558731079101562;0.038288;0.042268;0.045252999999999995;0.046123000000000004;0.043719
2005-05-27;44.50318908691406;28.099618911743164;11.765024185180664;21.94743537902832;20.54916763305664;34.873653411865234;17.95749282836914;10.752775192260742;10.377020835876465;27.930660247802734;0.037728000000000005;0.041744;0.044913;0.045993000000000006;0.043953
2005-06-03;45.66131591796875;27.99832534790039;11.581724166870117;21.506603240966797;20.40566062927246;34.429683685302734;17.516645431518555;10.60485553741455;10.394577026367188;28.102767944335938;0.036879;0.040650000000000006;0.043507;0.044343;0.042044
2005-06-10;45.65425491333008;28.907052993774414;11.508407592773438;21.664047241210938;20.33677864074707;34.33455276489258;17.516645431518555;10.498656272888184;10.532877922058105;28.707612991333008;0.037853;0.041243999999999996;0.043959;0.044735;0.042385
2005-06-17;45.633056640625;29.85454750061035;11.608549118041992;21.018529891967773;20.709877014160156;34.846473693847656;17.248004913330078;10.91586971282959;10.741433143615723;29.941871643066406;0.038253;0.041679;0.044404000000000006;0.045222;0.042947
2005-06-24;42.787174224853516;28.85940170288086;11.121020317077637;20.498971939086914;20.417150497436523;34.19410705566406;17.248004913330078;10.817259788513184;10.398968696594238;28.594514846801758;0.036603;0.039937;0.042704000000000006;0.043657;0.041746
2005-07-01;45.67543029785156;28.582292556762695;11.123655319213867;19.751121520996094;20.320011138916016;33.07060623168945;17.02069664001465;10.278666496276855;10.598737716674805;28.673173904418945;0.038029;0.041167999999999996;0.043719;0.044409000000000004;0.042001
2005-07-08;45.95084762573242;29.407621383666992;11.260693550109863;19.68027687072754;20.17511558532715;33.97665786743164;17.282442092895508;10.293840408325195;10.954371452331543;29.209171295166016;0.038592;0.041753;0.044277;0.04489099999999999;0.042300000000000004
2005-07-15;45.72487258911133;30.194204330444336;11.352923393249512;20.76662826538086;20.783668518066406;34.18053436279297;17.764619827270508;10.456931114196777;11.031208992004395;28.599428176879883;0.039497;0.042462;0.04474;0.045292000000000006;0.043033999999999996
2005-07-22;46.74881362915039;31.377975463867188;11.603280067443848;20.333656311035156;20.63297462463379;33.84528350830078;17.688844680786133;10.051095008850098;10.875341415405273;29.258346557617188;0.040049;0.04290600000000001;0.045216000000000006;0.045739;0.043070000000000004
2005-07-29;46.614654541015625;32.276031494140625;11.53212833404541;20.184093475341797;20.366378784179688;33.97665786743164;17.640642166137695;10.051095008850098;10.833632469177246;28.889562606811523;0.040842;0.043361000000000004;0.045540000000000004;0.046006;0.043291
2005-08-05;46.741764068603516;32.0964241027832;11.611187934875488;20.058135986328125;20.43012046813965;33.066078186035156;19.121591567993164;9.956273078918457;10.827047348022461;28.565006256103516;0.041926;0.044487;0.046569;0.04694;0.044227999999999996
2005-08-12;47.16456604003906;32.80887222290039;11.48469352722168;20.27855110168457;19.88532829284668;32.59041213989258;18.632532119750977;9.99325180053711;10.690940856933594;30.167688369750977;0.040709;0.04308;0.045075000000000004;0.045488999999999995;0.043074
2005-08-19;47.59693908691406;32.82085418701172;11.698150634765625;20.44386863708496;20.01862335205078;32.841793060302734;18.45981788635254;9.76023006439209;10.257890701293945;29.065732955932617;0.040271;0.042779;0.044911000000000006;0.045336;0.04271
2005-08-26;47.00153350830078;32.024574279785156;11.482056617736816;19.940053939819336;19.502796173095703;32.34965896606445;18.632532119750977;9.508103370666504;10.064096450805664;28.86313247680664;0.0404;0.042606000000000005;0.044646;0.04508;0.042445000000000004
2005-09-02;45.60517120361328;34.874393463134766;11.569023132324219;19.491342544555664;19.7694091796875;32.58205032348633;18.66707420349121;9.676187515258789;9.810840606689453;29.98483657836914;0.038041;0.041056999999999996;0.043469;0.044160000000000005;0.041898
2005-09-09;46.35651779174805;35.239593505859375;11.608549118041992;19.711767196655273;20.180912017822266;33.502559661865234;18.36308479309082;10.05819320678711;10.10593318939209;31.230100631713867;0.03897;0.04197;0.044503;0.045242000000000004;0.042933000000000006
2005-09-16;45.931236267089844;34.55706787109375;11.510090827941895;18.979660034179688;20.279438018798828;33.42507553100586;18.010751724243164;9.893930435180664;9.661088943481445;31.4771671295166;0.040226;0.043491999999999996;0.046086999999999996;0.046806;0.044336
2005-09-23;44.7971305847168;35.275516510009766;11.231619834899902;18.27903938293457;19.7462215423584;33.0605354309082;17.458065032958984;9.50046443939209;9.513541221618652;31.54140853881836;0.040362;0.043288;0.045689;0.046243;0.04356
2005-09-30;48.16398239135742;35.17375183105469;11.454394340515137;18.99540138244629;19.66507911682129;33.42963790893555;17.775859832763672;9.538667678833008;9.650079727172852;31.398086547851562;0.041823;0.044146;0.045795;0.046735;0.047207
2005-10-07;47.7032585144043;33.89852523803711;11.191839218139648;18.971784591674805;19.8454532623291;32.686851501464844;16.98828125;9.317102432250977;9.696325302124023;29.451175689697266;0.041913;0.044303999999999996;0.046276000000000005;0.046639;0.044145000000000004
2005-10-14;47.845027923583984;32.772945404052734;11.157363891601562;18.412866592407227;19.950824737548828;32.22660446166992;17.043554306030273;9.290366172790527;9.91875171661377;28.976787567138672;0.043074;0.04561200000000001;0.047724;0.048105;0.045165
2005-10-21;46.79599380493164;29.42117691040039;11.120233535766602;18.090106964111328;20.565509796142578;34.12685775756836;17.11954116821289;8.117606163024902;10.068498611450195;27.360929489135742;0.042328000000000005;0.044661;0.046801;0.047345;0.044814
2005-10-28;46.52663040161133;30.714248657226562;11.358918190002441;18.751365661621094;21.33240509033203;34.7420539855957;17.637683868408203;8.21311092376709;10.020047187805176;27.825429916381836;0.044185;0.046562;0.048514999999999996;0.048765;0.045807
2005-11-04;46.27145767211914;32.20574951171875;11.218361854553223;19.530704498291016;21.841711044311523;34.2362174987793;18.418359756469727;8.503434181213379;10.50233268737793;28.611112594604492;0.045122999999999996;0.047667;0.049421;0.049756;0.047885
2005-11-11;46.49803924560547;32.99961853027344;11.340353965759277;20.35727310180664;22.397850036621094;35.338993072509766;18.846694946289062;8.642105102539062;10.79082202911377;28.07176399230957;0.044969;0.0468745;0.048214999999999994;0.0490295;0.049597499999999996
2005-11-18;47.6364631652832;34.44902420043945;11.191839218139648;19.83771514892578;22.26320457458496;35.616973876953125;19.44931983947754;8.32231330871582;10.900933265686035;28.930994033813477;0.043708;0.045975;0.047931;0.048181;0.045046
2005-11-25;49.137794494628906;34.85198211669922;11.350959777832031;19.719636917114258;22.749099731445312;35.88006591796875;19.234535217285156;8.349286079406738;11.1189546585083;29.854814529418945;0.042835;0.045464000000000004;0.047717;0.048136;0.045158
2005-12-02;49.40817642211914;35.36918640136719;11.431082725524902;19.58580207824707;22.8251953125;36.374855041503906;19.407751083374023;8.206724166870117;10.563997268676758;29.338274002075195;0.043943;0.0463;0.048302;0.048518;0.045244
2005-12-09;49.55758285522461;34.93616485595703;11.081368446350098;20.04063606262207;22.90130615234375;35.66934585571289;19.199886322021484;7.9370198249816895;10.58822250366211;29.0551700592041;0.044012;0.046280999999999996;0.048265;0.048531000000000005;0.045392
2005-12-16;50.340267181396484;35.868370056152344;11.001287460327148;19.650800704956055;23.293519973754883;35.316585540771484;18.63864517211914;8.699899673461914;10.883279800415039;28.836641311645508;0.043174000000000004;0.045331;0.047282000000000005;0.047581;0.044591000000000006
2005-12-23;50.86679458618164;35.18875503540039;10.98526668548584;19.308700561523438;23.533554077148438;36.008358001708984;18.45849609375;9.231602668762207;10.6778564453125;28.359838485717773;0.042586000000000006;0.044433999999999994;0.046208;0.046477000000000004;0.04384299999999999
2005-12-30;49.97739028930664;34.743709564208984;10.761022567749023;19.070026397705078;23.2349796295166;35.50441360473633;18.118976593017578;8.985018730163574;10.337685585021973;27.897932052612305;0.042946;0.044421999999999996;0.046029999999999995;0.046213;0.043292000000000004
2006-01-06;49.344120025634766;36.35550308227539;11.054675102233887;19.6826229095459;23.6280574798584;36.0220947265625;18.645580291748047;9.574514389038086;10.134465217590332;29.517078399658203;0.04263;0.044405;0.046169;0.04659;0.044162999999999994
2006-01-13;49.43663024902344;37.48617172241211;11.027981758117676;20.446380615234375;23.56902313232422;35.50441360473633;18.839580535888672;9.505163192749023;10.028434753417969;30.28194808959961;0.042439;0.044157;0.04575;0.046093;0.04372
2006-01-20;47.31629180908203;36.69969940185547;10.70229434967041;20.46229362487793;22.4649600982666;34.469051361083984;18.299135208129883;9.520572662353516;9.940079689025879;30.063411712646484;0.042663;0.044261999999999996;0.045791000000000005;0.046051;0.043488
2006-01-27;48.78202438354492;40.77544021606445;11.204176902770996;19.953125;23.46864128112793;33.28252410888672;19.25532341003418;10.01374626159668;10.125627517700195;30.440874099731445;0.044160000000000005;0.045773;0.047382999999999995;0.04768;0.045046
2006-02-03;50.42563247680664;41.13772201538086;10.91318416595459;19.897430419921875;23.338760375976562;32.57244110107422;19.082090377807617;9.740187644958496;10.048316955566406;30.490549087524414;0.044808;0.04565;0.046797000000000005;0.046907;0.044277
2006-02-10;51.82405090332031;41.5120849609375;10.987936019897461;21.226049423217773;23.56902313232422;33.26420974731445;18.493146896362305;9.989519119262695;10.105745315551758;29.67390251159668;0.045702999999999994;0.046452;0.047473999999999995;0.047409999999999994;0.044416000000000004
2006-02-17;52.13131332397461;43.50468063354492;11.156121253967285;21.409032821655273;24.076765060424805;33.795616149902344;18.56276512145996;10.043978691101074;10.183060646057129;30.233121871948242;0.045217;0.045883;0.046897;0.046845;0.043899
2006-02-24;53.095924377441406;43.89714050292969;11.273576736450195;22.260299682617188;24.596330642700195;34.07387924194336;18.51409339904785;10.257929801940918;10.039483070373535;30.168224334716797;0.045901;0.046242;0.047001999999999995;0.046775000000000004;0.043626
2006-03-03;52.43856430053711;45.05043411254883;11.158790588378906;22.451236724853516;24.55500030517578;33.599037170410156;18.722660064697266;10.24626350402832;10.012975692749023;30.447832107543945;0.04662;0.047419;0.048305999999999995;0.048136;0.045023999999999995
2006-03-10;53.43889236450195;42.8404655456543;11.417738914489746;22.40350341796875;24.28340721130371;33.34085464477539;18.8895206451416;10.145120620727539;10.012975692749023;29.549068450927734;0.04708300000000001;0.048193;0.049269;0.049072;0.045631000000000005
2006-03-17;55.62529754638672;46.028602600097656;11.506471633911133;22.785383224487305;24.442808151245117;34.479583740234375;19.118947982788086;10.265711784362793;10.351572036743164;30.482776641845703;0.045743;0.047422000000000006;0.048804;0.048913000000000005;0.046086
2006-03-24;56.25408935546875;45.587833404541016;11.471515655517578;21.838642120361328;24.856098175048828;35.406227111816406;18.778282165527344;10.121781349182129;10.684138298034668;30.54269027709961;0.046017;0.047266;0.048552;0.048632999999999996;0.045746
2006-03-31;55.682472229003906;43.35976028442383;11.25908374786377;22.18869972229004;24.58452796936035;34.89448547363281;18.917333602905273;9.693879127502441;10.473512649536133;30.38790512084961;0.047603;0.049172;0.050656;0.050649;0.047217
2006-04-07;56.85427474975586;45.237606048583984;11.119250297546387;21.902284622192383;24.821212768554688;37.3563346862793;18.94513511657715;9.604408264160156;10.203027725219727;30.622583389282227;0.048326;0.050205;0.051909000000000004;0.052122;0.049016000000000004
2006-04-13;59.25506591796875;46.45732116699219;11.095047950744629;22.180736541748047;25.11285972595215;37.32867431640625;18.81999969482422;9.530501365661621;10.147600173950195;30.737422943115234;0.049023000000000004;0.050976999999999995;0.052717;0.052873;0.049543
2006-04-21;61.777320861816406;47.16817855834961;11.253701210021973;21.49654197692871;25.29739761352539;39.214229583740234;18.875614166259766;9.674432754516602;10.158685684204102;32.45505142211914;0.048429;0.050575999999999996;0.052432;0.052661;0.04942
2006-04-28;59.62662887573242;45.87796401977539;11.283286094665527;22.244388580322266;27.01166534423828;39.384822845458984;16.7899112701416;9.853373527526855;9.983539581298828;31.496370315551758;0.04855400000000001;0.051138;0.053084;0.053335;0.050098000000000004
2006-05-05;63.213504791259766;48.44625473022461;11.48496150970459;23.143394470214844;27.76762580871582;40.246917724609375;16.54658317565918;9.884490013122559;10.475728988647461;31.955738067626953;0.049187;0.051584000000000005;0.05345;0.053616000000000004;0.050198
2006-05-12;62.382991790771484;47.13184356689453;11.611350059509277;23.787809371948242;26.380704879760742;39.91038513183594;16.108579635620117;9.621015548706055;10.318315505981445;31.23326301574707;0.049989;0.052427;0.054359000000000005;0.054526000000000005;0.050988
2006-05-19;60.66227722167969;44.08502960205078;11.7377347946167;23.98670768737793;25.44621467590332;39.07564926147461;15.745647430419922;9.353986740112305;10.528042793273926;30.33501434326172;0.048797;0.050956;0.052754;0.052826000000000005;0.049229
2006-05-26;59.866485595703125;45.07841110229492;11.963617324829102;24.273115158081055;25.73192024230957;38.87171936035156;16.555265426635742;9.424670219421387;11.046435356140137;30.902063369750977;0.048762999999999994;0.051108;0.052981999999999994;0.053094;0.049529
2006-06-02;60.081546783447266;44.103187561035156;11.802271842956543;24.36063003540039;26.077157974243164;39.293487548828125;15.885244369506836;9.499279975891113;10.641510963439941;30.93718910217285;0.048241;0.050499999999999996;0.052347000000000005;0.052386999999999996;0.048674999999999996
2006-06-09;57.71555709838867;40.89885711669922;11.710840225219727;23.33432960510254;25.059297561645508;37.342254638671875;15.298966407775879;9.240100860595703;10.485770225524902;29.506994247436523;0.048482000000000004;0.050161;0.05168300000000001;0.051552;0.047731
2006-06-16;61.32906723022461;42.734230041503906;11.703182220458984;23.42980194091797;23.904556274414062;37.314456939697266;15.424600601196289;9.20082950592041;10.74830436706543;29.506994247436523;0.050031;0.051601;0.053056;0.052801;0.0487
2006-06-23;59.787574768066406;43.69734573364258;11.578594207763672;23.16725730895996;24.327178955078125;37.040985107421875;15.703777313232422;8.890604019165039;10.665982246398926;29.155729293823242;0.051101;0.052565999999999995;0.05393;0.053606999999999995;0.049446000000000004
2006-06-30;58.72648620605469;45.114742279052734;11.651728630065918;23.86737060546875;24.999780654907227;37.43495559692383;16.262128829956055;9.216538429260254;10.717156410217285;30.786643981933594;0.050076;0.051707;0.05298;0.052863;0.050085
2006-07-07;57.34990692138672;43.9638786315918;11.695055961608887;23.732120513916016;25.449853897094727;34.34356689453125;16.262128829956055;9.299001693725586;10.234362602233887;31.534353256225586;0.05008;0.051581999999999996;0.052765000000000006;0.052611;0.049851
2006-07-14;55.38542175292969;41.91044235229492;11.551514625549316;22.666046142578125;24.537715911865234;33.008758544921875;15.557205200195312;8.804214477539062;9.57802963256836;32.568111419677734;0.049407;0.050862;0.052189;0.052093999999999994;0.048596
2006-07-21;56.697471618652344;41.581939697265625;11.890069007873535;22.65013313293457;25.893911361694336;32.77701950073242;16.659961700439453;9.35791301727295;9.727091789245605;32.08134460449219;0.049124999999999995;0.05065;0.052026;0.051938000000000005;0.048412
2006-07-28;56.57558822631836;43.321842193603516;12.057989120483398;23.62869644165039;27.292139053344727;32.6843147277832;16.92518424987793;10.253253936767578;9.891736030578613;33.62192153930664;0.048413000000000005;0.0501;0.05163;0.051675000000000006;0.048342
2006-08-04;56.99143981933594;44.47167205810547;11.876521110534668;23.787809371948242;27.076093673706055;32.18839645385742;16.953096389770508;10.202202796936035;9.982952117919922;34.46999740600586;0.047436;0.049178;0.050728;0.050816999999999994;0.047644
2006-08-11;54.67043685913086;40.77887725830078;11.85214614868164;23.413890838623047;26.36199951171875;31.762012481689453;17.05080223083496;10.233254432678223;9.942904472351074;35.15425109863281;0.048139;0.049984;0.051601999999999995;0.051763;0.048706
2006-08-18;55.86516571044922;41.55756759643555;12.00111198425293;23.795764923095703;27.430137634277344;33.004127502441406;18.066299438476562;10.720741271972656;9.935876846313477;34.836631774902344;0.046825;0.048706;0.050374999999999996;0.050565;0.047655
2006-08-25;53.20936965942383;40.14617919921875;12.057989120483398;23.032012939453125;27.316118240356445;32.616695404052734;18.108322143554688;10.79207706451416;9.79964542388916;35.50715637207031;0.046594;0.048329000000000004;0.049878;0.050103;0.047723
2006-09-01;54.28895950317383;40.924888610839844;12.206955909729004;23.779855728149414;27.44214630126953;33.45636749267578;18.1013240814209;11.081406593322754;10.150273323059082;34.332496643066406;0.046035000000000006;0.047796000000000005;0.049082999999999995;0.04949;0.048691000000000005
2006-09-08;52.39607620239258;40.95531463623047;12.079659461975098;23.533227920532227;27.16010093688965;33.3583984375;17.93320083618164;10.934761047363281;10.43389892578125;33.682151794433594;0.046306;0.048277;0.049712;0.04993;0.048125
2006-09-15;53.986698150634766;39.80549621582031;12.16386890411377;24.11400032043457;28.174259185791016;34.585269927978516;18.80884552001953;11.113104820251465;10.768893241882324;32.593177795410156;0.046681999999999994;0.048402;0.049802;0.049874;0.047306
2006-09-22;55.598854064941406;38.187232971191406;11.997499465942383;23.931018829345703;28.09623908996582;34.08613204956055;18.675752639770508;11.160663604736328;10.784521102905273;32.724266052246094;0.044626;0.046498;0.047926;0.04823;0.046757999999999994
2006-09-29;56.75041961669922;40.03059387207031;12.185684204101562;24.591350555419922;28.180267333984375;34.71587371826172;19.159114837646484;11.239934921264648;11.01455020904541;33.828346252441406;0.045077;0.046765999999999995;0.048117;0.048445;0.047158
2006-10-06;60.2266960144043;41.399417877197266;12.207500457763672;24.93344497680664;28.321916580200195;35.429603576660156;19.52337646484375;11.05762004852295;10.791224479675293;34.040077209472656;0.045667;0.047403;0.048779;0.049204;0.048232
2006-10-13;59.29827880859375;42.02601623535156;12.0056791305542;24.75046157836914;29.107629776000977;35.173030853271484;19.87363052368164;10.934761047363281;10.822489738464355;34.48373031616211;0.04681199999999999;0.04840900000000001;0.049946000000000004;0.050148;0.047390999999999996
2006-10-20;58.8304328918457;36.05026626586914;12.750238418579102;25.020963668823242;28.479055404663086;36.605140686035156;19.915658950805664;10.970428466796875;11.025718688964844;35.063499450683594;0.046676999999999996;0.048167;0.049654;0.04983;0.047001
2006-10-27;57.3910026550293;37.43726348876953;12.78296947479248;25.24372100830078;28.58180809020996;36.829071044921875;19.852615356445312;10.788117408752441;11.329442977905273;36.02641677856445;0.045515999999999994;0.047139;0.04856;0.048811;0.046914
2006-11-03;57.556541442871094;36.92399597167969;12.682061195373535;25.371009826660156;28.340051651000977;36.656463623046875;20.125818252563477;10.522575378417969;10.614795684814453;36.37429428100586;0.046014;0.047449000000000005;0.0487;0.048892;0.047154
2006-11-10;61.841617584228516;36.416866302490234;12.673874855041504;25.77676010131836;28.775211334228516;36.9410285949707;20.48307991027832;10.280069351196289;10.378064155578613;37.68135452270508;0.044735;0.046197999999999996;0.047493999999999995;0.047765;0.046294
2006-11-17;64.65848541259766;37.23563003540039;12.88933277130127;26.206371307373047;28.80542755126953;37.971954345703125;20.665571212768555;10.879839897155762;10.60809326171875;37.002872467041016;0.044992000000000004;0.046326;0.04774;0.047834;0.044950000000000004
2006-11-24;64.83907318115234;38.414894104003906;12.796605110168457;26.18250274658203;28.56972885131836;38.070518493652344;20.918617248535156;10.751883506774902;10.697425842285156;36.6484489440918;0.04444;0.045765;0.047195999999999995;0.0473;0.044437
2006-12-01;64.6801986694336;37.388370513916016;12.786059379577637;26.325714111328125;27.80817222595215;37.52164077758789;20.4687557220459;11.139735221862793;10.244067192077637;39.08896255493164;0.043087;0.044691999999999996;0.045995999999999995;0.046557;0.046222000000000006
2006-12-08;65.09912109375;38.73873519897461;13.428523063659668;27.359962463378906;28.261472702026367;36.8554573059082;20.665571212768555;10.064146995544434;10.351268768310547;38.22819519042969;0.044405;0.045915;0.047179;0.047628000000000004;0.046947
2006-12-15;65.51081085205078;37.773319244384766;13.434014320373535;27.535499572753906;29.19224739074707;36.73818588256836;21.220870971679688;10.252076148986816;10.411916732788086;39.13959503173828;0.044682000000000006;0.046311;0.047819;0.048098999999999996;0.046113999999999995
2006-12-22;64.10958099365234;37.021759033203125;13.283007621765137;27.423105239868164;28.944446563720703;36.75693893432617;20.834266662597656;10.384025573730469;10.207935333251953;38.18263244628906;0.044912;0.046637000000000005;0.048238;0.048512000000000007;0.046208
2006-12-29;64.16736602783203;37.47393798828125;13.247312545776367;27.51140594482422;29.19224739074707;36.559906005859375;20.988910675048828;10.356035232543945;10.351395606994629;38.80036163330078;0.046006;0.047444;0.048876;0.048958;0.045953999999999995
2007-01-12;63.6545524597168;36.502410888671875;13.329675674438477;28.266023635864258;29.210514068603516;37.23075866699219;21.937843322753906;10.6519193649292;10.75487232208252;36.79021453857422;0.046637000000000005;0.048007999999999995;0.049375;0.049426;0.046398
2007-01-19;64.01567077636719;36.45887756347656;13.250054359436035;28.49883270263672;29.679195404052734;37.17915725708008;21.867549896240234;10.883834838867188;10.828843116760254;37.230716705322266;0.046856999999999996;0.048047000000000006;0.049367999999999995;0.049469000000000006;0.04662
2007-01-26;61.70439147949219;37.5151252746582;13.131997108459473;27.736186981201172;30.2513370513916;36.916439056396484;21.509063720703125;10.511972427368164;10.685384750366211;37.27124786376953;0.047788000000000004;0.049079;0.050459;0.050635000000000006;0.047909
2007-02-02;65.04134368896484;40.06977081298828;13.244568824768066;28.241943359375;31.000032424926758;34.655208587646484;21.220870971679688;10.715900421142578;10.777286529541016;38.24845886230469;0.047316000000000004;0.048552;0.049908;0.050083;0.047390999999999996
2007-02-09;65.2562484741211;39.793426513671875;13.112778663635254;27.583663940429688;30.689592361450195;34.969512939453125;20.37034034729004;10.663219451904297;10.752630233764648;38.248626708984375;0.046876;0.048202999999999996;0.049614000000000005;0.049748;0.04687
2007-02-16;65.93782806396484;41.555912017822266;13.142974853515625;28.00913429260254;31.19481658935547;36.04854965209961;20.27170181274414;10.630882263183594;10.866949081420898;38.28422927856445;0.045839;0.047313;0.048804999999999994;0.048929;0.045961
2007-02-23;65.45928192138672;41.304100036621094;12.975504875183105;28.209829330444336;31.060884475708008;35.97850036621094;20.384552001953125;10.356014251708984;11.111278533935547;38.248626708984375;0.045702;0.047234;0.048756;0.048871000000000005;0.045853000000000005
2007-03-02;63.10279846191406;38.712608337402344;12.599361419677734;27.2545166015625;29.33224105834961;34.46779251098633;19.580453872680664;10.020517349243164;10.716765403747559;35.59939193725586;0.043819;0.045751999999999994;0.047226;0.047675999999999996;0.046666
2007-03-09;64.9009780883789;39.547794342041016;13.060612678527832;27.591686248779297;29.71571159362793;35.27980041503906;19.248947143554688;10.271127700805664;10.629347801208496;36.163814544677734;0.044557;0.046388;0.047926;0.048183;0.046167999999999994
2007-03-16;65.2562484741211;38.786312103271484;13.054333686828613;26.9815673828125;28.62617301940918;35.53944396972656;19.27715301513672;10.101359367370605;10.40770149230957;35.52311706542969;0.043872;0.046019;0.047705000000000004;0.047988;0.045884
2007-03-23;65.96682739257812;41.070743560791016;13.286612510681152;28.089412689208984;29.533105850219727;36.80940246582031;19.76384735107422;10.372182846069336;10.790586471557617;38.146934509277344;0.044343;0.046792;0.048611;0.049013;0.047186000000000006
2007-03-30;64.46591186523438;41.16286087036133;13.272790908813477;27.63985252380371;29.44789695739746;36.08236312866211;19.65805435180664;10.210497856140137;10.574372291564941;38.36558151245117;0.044619;0.04718;0.049037;0.049530000000000005;0.048011
2007-04-05;65.61878967285156;41.53132629394531;13.693087577819824;28.025196075439453;29.895984649658203;36.233428955078125;20.13768196105957;10.444939613342285;10.871668815612793;39.265621185302734;0.044893999999999996;0.04748;0.049282000000000006;0.049752;0.048311
2007-04-13;66.00308227539062;41.01548767089844;13.79263687133789;27.872671127319336;30.092147827148438;36.219261169433594;20.17999839782715;10.780440330505371;10.677973747253418;39.36223220825195;0.045925;0.048152999999999994;0.049963;0.050225;0.047598
2007-04-20;67.64176177978516;44.295928955078125;14.403738975524902;28.32221794128418;32.20700454711914;36.705528259277344;20.46919059753418;10.901707649230957;11.207258224487305;40.55718231201172;0.04489099999999999;0.047321999999999996;0.049066;0.049498;0.047984
2007-04-27;68.1710205078125;45.49247360229492;14.395444869995117;28.08138656616211;32.21311950683594;38.49949645996094;21.245075225830078;10.75618839263916;10.887434005737305;40.86225891113281;0.045050999999999994;0.047552000000000004;0.04939;0.049844;0.048194
2007-05-04;67.87377166748047;45.08539962768555;14.713438034057617;28.779804229736328;32.26217269897461;39.755279541015625;21.555431365966797;10.946165084838867;10.871668815612793;40.958885192871094;0.04461299999999999;0.046787999999999996;0.048556999999999996;0.048885;0.046715
2007-05-11;67.97401428222656;46.18325424194336;14.56965160369873;28.956430435180664;31.967926025390625;40.387874603271484;21.788190841674805;11.047134399414062;10.761307716369629;41.48298263549805;0.04502;0.047154999999999996;0.049082;0.049389;0.046435000000000004
2007-05-18;70.3247299194336;46.11539840698242;14.553064346313477;28.916282653808594;32.20700454711914;41.255027770996094;21.816316604614258;11.210563659667969;10.695858001708984;42.519683837890625;0.046568;0.048403999999999996;0.050175;0.050506;0.047727000000000006
2007-05-25;71.50372314453125;46.695159912109375;14.34843635559082;28.92430877685547;31.65528678894043;41.468650817871094;21.56864356994629;11.247326850891113;10.614399909973145;42.64734649658203;0.047085999999999996;0.04902599999999999;0.050755;0.050931;0.047761
2007-06-01;72.6535873413086;48.19389724731445;14.60007095336914;28.29010581970215;31.81467628479004;41.98137283325195;21.646484375;11.308602333068848;11.193653106689453;43.009925842285156;0.048285;0.049851;0.051362;0.051311;0.047708
2007-06-08;71.46006774902344;48.42825698852539;14.28760051727295;27.45521354675293;30.901296615600586;40.79926681518555;21.26436424255371;10.834688186645508;11.33167839050293;42.22346496582031;0.049714;0.051505;0.05295;0.052875;0.049266
2007-06-15;71.43094635009766;50.02568817138672;14.358176231384277;27.993684768676758;30.993263244628906;41.620567321777344;21.575712203979492;10.814264297485352;11.164240837097168;43.88831329345703;0.050105000000000004;0.052051;0.053455;0.053197;0.049146999999999996
2007-06-22;69.8079833984375;49.89615249633789;14.36931037902832;27.782102584838867;29.865327835083008;41.03188705444336;20.868091583251953;10.368951797485352;10.822569847106934;42.14177703857422;0.04949099999999999;0.051891999999999994;0.053418;0.053283;0.049513999999999996
2007-06-29;69.9826889038086;48.29257583618164;14.561388969421387;27.782102584838867;29.699825286865234;41.20277404785156;20.853939056396484;10.446569442749023;10.885923385620117;42.83629608154297;0.048474;0.050698999999999994;0.052105;0.051891999999999994;0.048105
2007-07-06;71.96222686767578;48.60712814331055;14.642106056213379;28.066925048828125;30.252473831176758;41.8294563293457;21.20775032043457;10.589563369750977;10.9492826461792;44.15385437011719;0.050054999999999995;0.052336;0.053598999999999994;0.05327899999999999;0.049396
2007-07-13;74.1455307006836;52.50505828857422;14.784079551696777;27.969268798828125;30.919681549072266;42.83116912841797;21.10161018371582;10.585478782653809;11.121246337890625;46.13022232055664;0.049215999999999996;0.051537;0.05268900000000001;0.052435999999999997;0.049631999999999996
2007-07-20;75.58653259277344;51.529239654541016;14.81191635131836;27.944860458374023;29.381427764892578;42.82639694213867;22.049840927124023;10.172844886779785;10.874608993530273;46.952430725097656;0.047731;0.050126;0.051276999999999996;0.051376;0.050052000000000006
2007-07-27;75.47737884521484;47.08237075805664;14.553035736083984;27.45659828186035;27.32422637939453;42.75044250488281;20.797319412231445;9.71935749053955;10.394913673400879;43.709556579589844;0.045465;0.048765;0.050339999999999996;0.050445000000000004;0.048538
2007-08-03;75.8630599975586;48.90322494506836;14.831400871276855;27.586803436279297;26.965917587280273;41.56834411621094;20.493051528930664;9.604960441589355;10.299882888793945;41.917049407958984;0.044748;0.048024;0.049638999999999996;0.049786000000000004;0.047925
2007-08-10;71.88577270507812;48.02996826171875;15.304620742797852;26.98460578918457;27.33658218383789;40.81351852416992;20.316131591796875;9.919200897216797;10.424328804016113;43.3305549621582;0.045682;0.049261;0.051084;0.051475999999999994;0.050095
2007-08-17;70.05282592773438;44.988990783691406;15.157086372375488;26.59400177001953;29.041648864746094;41.6965217590332;20.060688018798828;9.89852523803711;9.890202522277832;43.1408576965332;0.043429999999999996;0.04828;0.051028000000000004;0.051276999999999996;0.04792
2007-08-24;71.90766143798828;47.26817321777344;15.03182315826416;27.562387466430664;28.386789321899414;42.554080963134766;20.458349227905273;10.2293062210083;9.947057723999023;43.935585021972656;0.043714;0.047406;0.049814;0.050072;0.046151
2007-08-31;70.6151123046875;46.92753219604492;14.970582008361816;27.342670440673828;27.503374099731445;43.432373046875;20.40155029296875;10.27065372467041;9.922039985656738;43.95608139038086;0.042101;0.046652;0.049096;0.049291999999999996;0.04708300000000001
2007-09-07;69.2568359375;45.48446273803711;15.196060180664062;27.334535598754883;26.885595321655273;42.444297790527344;20.19562339782715;10.026707649230957;9.640050888061523;43.966346740722656;0.039838;0.045225999999999995;0.047805999999999994;0.048015999999999996;0.04627
2007-09-14;72.5502700805664;45.311065673828125;15.796392440795898;27.310117721557617;28.133508682250977;42.49204635620117;20.621681213378906;10.043241500854492;9.851540565490723;45.46350860595703;0.041217;0.045855;0.048101000000000005;0.048112;0.045857
2007-09-21;74.91629791259766;48.40777587890625;15.838404655456543;28.156444549560547;29.11578369140625;43.76173782348633;20.344738006591797;10.167284965515137;10.058487892150879;47.32982635498047;0.042541;0.047573;0.050064000000000004;0.050096;0.047042
2007-09-28;76.66888427734375;48.574981689453125;16.096084594726562;27.985553741455078;28.30648422241211;44.6686897277832;20.919923782348633;10.101122856140137;9.926586151123047;47.45802307128906;0.041752000000000004;0.04713;0.049396;0.049402999999999996;0.047426
2007-10-05;74.66801452636719;49.75171661376953;16.264123916625977;28.864421844482422;29.632545471191406;45.7522087097168;21.189777374267578;10.576622009277344;10.317741394042969;46.84273147583008;0.042674000000000004;0.047705000000000004;0.049722999999999996;0.049756;0.048295000000000005
2007-10-12;70.60782623291016;49.7331657409668;16.188514709472656;28.864421844482422;29.159217834472656;44.9503059387207;21.424110412597656;10.444311141967773;10.702067375183105;47.92972946166992;0.0434;0.048121;0.050105000000000004;0.050142;0.048659999999999995
2007-10-19;68.57042694091797;45.778656005859375;16.457382202148438;27.513553619384766;28.038190841674805;41.34645462036133;21.424110412597656;9.952276229858398;10.22905158996582;47.242652893066406;0.039815;0.045427;0.04769999999999999;0.047976;0.047119999999999995
2007-10-26;70.11853790283203;46.693363189697266;17.24439811706543;27.9774112701416;29.470617294311523;41.112545013427734;24.875253677368164;10.05151081085205;10.151727676391602;47.278560638427734;0.039853;0.045395000000000005;0.04752100000000001;0.04794400000000001;0.047699
2007-11-02;71.38916778564453;46.519107818603516;16.947519302368164;27.603073120117188;26.873559951782227;40.520660400390625;26.31679916381836;9.78688907623291;10.049394607543945;45.08407974243164;0.038751;0.044569;0.046921;0.04713199999999999;0.04596599999999999
2007-11-09;69.04412841796875;43.81236267089844;17.037147521972656;26.6428279876709;26.350414276123047;37.95261764526367;23.952110290527344;9.55537223815918;9.75602912902832;44.70345687866211;0.037377;0.044175000000000006;0.04698;0.047283;0.045929000000000005
2007-11-16;65.951416015625;43.208778381347656;17.538482666015625;26.471933364868164;26.836193084716797;38.93590545654297;24.287796020507812;9.789758682250977;10.53833293914795;43.80270004272461;0.036617000000000004;0.0435;0.04616;0.046437;0.045305
2007-11-23;65.62159729003906;42.704750061035156;17.448863983154297;25.910432815551758;26.12619972229004;39.732601165771484;24.302032470703125;9.61815071105957;10.399609565734863;45.44464874267578;0.034834000000000004;0.042474;0.045259999999999995;0.045633999999999994;0.044855
2007-11-30;67.82019805908203;44.73950958251953;17.48724365234375;26.976470947265625;28.411863327026367;39.97748565673828;23.938676834106445;9.944615364074707;10.893098831176758;45.892459869384766;0.034252;0.042134;0.044976;0.045493;0.045118
2007-12-07;68.27462005615234;46.17066192626953;17.78293228149414;26.97176170349121;28.69835090637207;41.38432312011719;24.601280212402344;10.212489128112793;11.147795677185059;47.096900939941406;0.035164;0.043781999999999995;0.046997;0.047331000000000005;0.046088
2007-12-14;64.8008041381836;45.666648864746094;17.968778610229492;27.15272331237793;28.150285720825195;41.259490966796875;25.156999588012695;9.668377876281738;10.88051700592041;46.93220138549805;0.036368;0.044716;0.048301;0.048267;0.044615
2007-12-21;65.27716064453125;45.2559700012207;17.76039695739746;27.09514808654785;27.471445083618164;41.317108154296875;25.69133758544922;9.72697639465332;11.013010025024414;48.09031677246094;0.035622;0.044103;0.047154;0.047296;0.045712
2007-12-28;64.67619323730469;45.52354049682617;17.535123825073242;26.66741180419922;26.942073822021484;40.85615921020508;25.734086990356445;9.584667205810547;10.98331356048584;48.89844512939453;0.034976;0.043482;0.046484;0.046712;0.045469
2007-12-31;64.09723663330078;45.15019226074219;17.281681060791016;26.55225372314453;27.184967041015625;40.486454010009766;25.363601684570312;9.513521194458008;10.857667922973633;48.22412872314453;0.034322;0.042859;0.045838000000000004;0.046123000000000004;0.045092
2008-01-11;59.01106643676758;41.07447052001953;17.957521438598633;24.940034866333008;25.67084312438965;37.250213623046875;24.15955924987793;10.053439140319824;10.901077270507812;46.4792366027832;0.030864;0.040671;0.045114;0.045896;0.042302
2008-01-18;57.4573860168457;39.303428649902344;17.104270935058594;23.451202392578125;24.872947692871094;35.968196868896484;23.51833724975586;9.41724967956543;10.86909294128418;43.79240417480469;0.029058;0.039227;0.044008000000000005;0.045136;0.0421
2008-01-25;56.45335006713867;41.25579071044922;16.448150634765625;23.591039657592773;27.41741943359375;36.25630187988281;23.468454360961914;9.463292121887207;10.985594749450684;43.205604553222656;0.028242;0.039011;0.044065;0.045264;0.042185
2008-02-01;60.652748107910156;44.90391540527344;16.68750762939453;25.219707489013672;30.31371307373047;38.9931640625;21.69443130493164;9.87346076965332;11.69146728515625;44.240211486816406;0.027875999999999998;0.039191;0.044226;0.0454;0.04294800000000001
2008-02-08;58.42505645751953;42.557342529296875;16.684694290161133;26.42064666748047;27.530502319335938;37.72075653076172;20.347885131835938;9.465465545654297;11.138649940490723;42.239315032958984;0.027684;0.039786;0.045321;0.046748000000000005;0.043776
2008-02-15;62.73344039916992;43.77131271362305;16.546709060668945;26.72499656677246;27.17239761352539;38.388179779052734;20.24813461303711;9.47819709777832;11.293984413146973;44.1313362121582;0.028537;0.041037;0.046806;0.048375;0.045473
2008-02-22;61.15738296508789;44.54096984863281;16.405916213989258;26.790796279907227;27.599613189697266;38.49477005004883;19.79753875732422;9.550357818603516;11.415061950683594;45.06182098388672;0.028821;0.041174999999999996;0.04687;0.048366;0.045355
2008-02-29;60.97328567504883;45.26059341430664;16.46222496032715;26.65919303894043;25.538911819458008;37.88114547729492;19.454235076904297;9.456979751586914;11.328253746032715;44.97911834716797;0.025737999999999997;0.038837;0.044923000000000005;0.046713;0.044162
2008-03-07;56.414451599121094;43.70245361328125;16.572050094604492;25.30196762084961;23.59758186340332;36.967933654785156;19.933435440063477;9.062225341796875;11.399067878723145;42.64253234863281;0.02506;0.039411;0.046327;0.048535;0.046223
2008-03-14;56.141944885253906;46.79994201660156;16.304529190063477;25.318416595458984;22.956754684448242;37.460792541503906;19.997804641723633;8.760862350463867;11.434956550598145;44.41047286987305;0.02351;0.037970000000000004;0.044802999999999996;0.046291;0.042762
2008-03-20;55.088775634765625;46.192962646484375;17.299297332763672;26.239681243896484;28.881288528442383;37.67820739746094;20.87038803100586;8.739640235900879;12.21764087677002;43.940067291259766;0.023243999999999997;0.036618;0.043503999999999994;0.044819000000000005;0.039818
2008-03-28;54.10926818847656;48.23915481567383;17.27094841003418;25.49937629699707;26.8331356048584;37.6637077331543;19.962047576904297;8.701436996459961;11.962862968444824;44.05378723144531;0.02473;0.03847;0.045326000000000005;0.046515;0.041464
2008-04-04;55.71479797363281;48.70221710205078;17.075401306152344;25.696792602539062;28.863340377807617;38.90548324584961;20.856075286865234;9.062225341796875;12.486181259155273;45.87343978881836;0.025966;0.038442;0.044920999999999996;0.046234000000000004;0.041566
2008-04-11;56.60592269897461;46.80620193481445;17.086742401123047;24.82488250732422;26.937849044799805;37.914974212646484;20.2266845703125;8.680212020874023;12.577991485595703;45.811397552490234;0.02589;0.038271;0.044451;0.045731;0.041754
2008-04-18;57.931610107421875;53.608314514160156;17.035722732543945;25.770822525024414;28.983688354492188;40.055450439453125;21.456872940063477;8.688702583312988;12.924574851989746;48.592533111572266;0.029418001174926798;0.040826997756958;0.0467430019378662;0.0480039978027344;0.0434569978713989
2008-04-25;62.483055114746094;51.70358657836914;16.81465721130371;26.618064880371094;30.269439697265625;37.600894927978516;21.335277557373047;8.671725273132324;13.232136726379395;47.79647445678711;0.032116;0.04209399999999999;0.047233;0.048792999999999996;0.045967
2008-05-02;63.109073638916016;52.0493278503418;16.655954360961914;27.54755973815918;30.820472717285156;37.95362091064453;20.913301467895508;8.748128890991211;13.197708129882812;46.32315444946289;0.032126;0.04183099999999999;0.046813;0.048361;0.045722
2008-05-09;62.197383880615234;51.39557647705078;15.91342544555664;28.213829040527344;29.496721267700195;36.87614440917969;21.020570755004883;8.533803939819336;13.124265670776367;46.119911193847656;0.03032;0.040913000000000005;0.046386000000000004;0.047830000000000004;0.044263000000000004
2008-05-16;63.01871109008789;52.615081787109375;16.17415428161621;28.715591430664062;29.47138786315918;38.00676727294922;21.528682708740234;8.637293815612793;13.147366523742676;48.11903381347656;0.031928;0.041502;0.046583;0.048216999999999996;0.045594
2008-05-23;60.288421630859375;51.26356506347656;16.61627197265625;27.33368682861328;26.804832458496094;36.86747360229492;20.13603401184082;8.421685218811035;12.850027084350586;47.09609603881836;0.0321160006523132;0.0414610004425049;0.046373000144958494;0.0480550003051758;0.0458750009536743
2008-05-30;61.24289321899414;51.94874954223633;16.228004455566406;27.638038635253906;27.23552894592285;37.71851348876953;20.329858779907227;8.34837818145752;13.308707237243652;46.08875274658203;0.0346099996566772;0.0437459993362427;0.0482189989089966;0.0496220016479492;0.04741300106048581
2008-06-06;54.132293701171875;50.28290939331055;15.814225196838379;27.15272331237793;25.392379760742188;36.40548324584961;19.73402976989746;7.744676113128662;13.453923225402832;45.06583786010742;0.032374000549316405;0.0426859998703003;0.0479260015487671;0.0492320013046265;0.0455130004882812
2008-06-13;55.58253479003906;51.23213195800781;15.810105323791504;27.90949058532715;25.069366455078125;37.01823806762695;20.868247985839844;7.7576117515563965;13.640620231628418;45.88105773925781;0.0376149988174438;0.0455550003051758;0.049203000068664605;0.050178999900817894;0.0479930019378662
2008-06-20;56.10786819458008;49.71088790893555;15.308008193969727;26.272586822509766;23.979936599731445;35.510658264160156;20.265243530273438;7.4730048179626465;12.967577934265137;44.08964157104492;0.0361240005493164;0.0444029998779297;0.048347001075744606;0.049460000991821296;0.047080001831054694
2008-06-27;49.51521682739258;46.36037063598633;14.78880500793457;25.96824073791504;22.200124740600586;33.80370330810547;19.834531784057617;7.451446533203125;12.976799964904785;44.94121551513672;0.033931999206543;0.0424520015716553;0.046663999557495096;0.0479829978942871;0.0458160018920898
2008-07-03;47.70241928100586;44.197914123535156;14.6860990524292;25.41712188720703;22.61528968811035;33.77938461303711;18.650060653686523;7.654117107391357;13.045940399169922;45.83433151245117;0.0331419992446899;0.0426170015335083;0.0471029996871948;0.047863998413085904;0.0436320018768311
2008-07-11;46.821922302246094;43.88361740112305;14.340920448303223;24.018774032592773;21.23825454711914;33.41950607299805;18.126018524169922;7.679991722106934;12.974494934082031;44.38561248779297;0.0330329990386963;0.0422879981994629;0.046918997764587404;0.0478849983215332;0.04393400192260741
2008-07-18;50.41791915893555;44.829471588134766;14.27245044708252;25.41712188720703;25.63193702697754;33.52650833129883;18.563915252685547;7.8999128341674805;13.35019588470459;42.33976364135742;0.0345250010490417;0.0437890005111694;0.048222999572753895;0.0492199993133545;0.0456990003585815
2008-07-25;47.2288703918457;44.57022476196289;14.85156536102295;25.581634521484375;25.311697006225586;34.50398635864258;18.779277801513672;8.145706176757812;13.09896183013916;42.42284393310547;0.0347690010070801;0.0440980005264282;0.0485939979553223;0.0496829986572266;0.046352000236511204
2008-08-01;45.88222885131836;43.090431213378906;15.159662246704102;24.742624282836914;26.10588836669922;34.11494827270508;18.262407302856445;8.020650863647461;13.311014175415039;41.394737243652344;0.032490000724792495;0.0423839998245239;0.047340998649597205;0.0484200000762939;0.044415998458862294
2008-08-08;50.520687103271484;44.8358268737793;15.807243347167969;26.346616744995117;26.304428100585938;35.73436737060547;20.19346046447754;8.696554183959961;13.336360931396484;40.87546920776367;0.032360000610351596;0.0420849990844727;0.0470179986953735;0.0481729984283447;0.0443889999389648
2008-08-15;47.981990814208984;44.48799514770508;15.70740032196045;26.73322296142578;24.382999420166016;35.73922348022461;19.9637393951416;8.753538131713867;13.739604949951172;40.22309875488281;0.0312159991264343;0.0411639976501465;0.046247000694274905;0.047389001846313505;0.043449997901916504
2008-08-22;48.800933837890625;44.437408447265625;15.51055908203125;26.4864501953125;24.126806259155273;35.39900207519531;20.06499481201172;8.657105445861816;13.755805015563965;41.90886306762695;0.0315470004081726;0.041385998725891104;0.0461969995498657;0.0471589994430542;0.043601999282836895
2008-08-29;48.80836868286133;44.72830581665039;14.854421615600586;26.609832763671875;24.652000427246094;35.06596755981445;19.668594360351562;8.376571655273438;13.670180320739746;41.75749969482422;0.0308060002326965;0.04106699943542479;0.0460069990158081;0.0469000005722046;0.043364000320434595
2008-09-05;46.82060241699219;40.516658782958984;14.814478874206543;25.795507431030273;25.362939834594727;33.88566589355469;18.486604690551758;8.113568305969238;14.056652069091797;39.46634292602539;0.0289890003204346;0.039403998851776104;0.0444689989089966;0.045346999168396;0.0417969989776611
2008-09-12;47.12582778930664;41.39565658569336;15.658226013183594;27.35836410522461;26.368486404418945;34.3558349609375;19.906435012817383;8.161788940429688;14.443137168884277;40.44751739501953;0.0297880005836487;0.040265002250671394;0.044839000701904295;0.0455350017547607;0.0429349994659424
2008-09-19;44.49036407470703;42.04700469970703;15.146819114685059;28.287864685058594;30.13450813293457;35.59489059448242;18.133445739746094;8.131105422973633;13.815971374511719;41.548736572265625;0.030020000934600798;0.0409569978713989;0.0455480003356934;0.0461719989776611;0.043517999649047893
2008-09-26;43.41830825805664;40.55459976196289;15.077860832214355;26.938861846923828;30.89666175842285;34.013023376464844;19.74787139892578;8.179319381713867;14.049712181091309;42.09150695800781;0.0302169990539551;0.042034997940063504;0.0462249994277954;0.046139998435974106;0.0425790023803711
2008-10-03;40.07558059692383;32.38422393798828;15.103721618652344;24.298442840576172;29.624767303466797;31.637725830078125;18.969491958618164;8.328354835510254;13.822917938232422;40.677146911621094;0.0266639995574951;0.0406699991226196;0.0449760007858276;0.0442959976196289;0.0396709990501404
2008-10-10;31.11942481994629;27.27458953857422;11.923233985900879;18.951793670654297;26.875301361083984;26.573741912841797;15.495597839355469;6.636384010314941;11.791016578674316;32.54591369628906;0.0284549999237061;0.0442640018463135;0.0477489995956421;0.0454239988327026;0.0379099988937378
2008-10-17;33.16676330566406;25.116018295288086;12.698959350585938;20.35837745666504;25.384355545043945;27.665864944458008;17.2469539642334;7.412233352661133;12.443631172180176;35.51030731201172;0.029075000286102298;0.047002000808715805;0.05076200008392331;0.0479320001602173;0.0392919993400574
2008-10-24;33.68045425415039;21.270681381225586;11.954834938049316;18.598093032836914;22.867231369018555;29.193885803222656;15.827125549316406;7.263199329376221;11.895160675048828;36.03223419189453;0.0270519995689392;0.0449119997024536;0.0483379983901978;0.045527000427246105;0.037774999141693105
2008-10-31;39.02583312988281;24.400615692138672;12.658735275268555;21.31254768371582;26.623559951782227;31.490806579589844;16.09380340576172;7.762904644012451;12.915736198425293;38.68348693847656;0.028675000667572;0.0483549976348877;0.05210599899291991;0.0485270023345947;0.0385229992866516
2008-11-07;34.93871307373047;24.560302734375;13.287939071655273;19.215017318725586;24.364595413208008;31.7503719329834;15.495597839355469;7.5210466384887695;12.587117195129395;38.81669616699219;0.026493000984191897;0.0461780023574829;0.0500589990615845;0.0470289993286133;0.0385549998283386
2008-11-14;30.783252716064453;23.60855484008789;12.934551239013672;17.339576721191406;22.247617721557617;30.883516311645508;14.457743644714355;7.262318134307861;12.198325157165527;38.67496109008789;0.0243589997291565;0.044116997718811;0.0484630012512207;0.0459479999542236;0.038311998844146704
2008-11-21;29.688148498535156;22.14577865600586;12.641498565673828;17.37248420715332;14.66393756866455;30.264968872070312;14.27995491027832;6.990205764770508;12.246922492980957;39.79301452636719;0.0210190010070801;0.038303999900817905;0.042635002136230504;0.0408360004425049;0.0343829989433289
2008-11-28;31.97588539123535;26.182741165161133;13.580573081970215;18.524065017700195;20.433990478515625;33.04459762573242;14.67179012298584;7.329231262207031;12.93193244934082;42.07110595703125;0.0192809998989105;0.036350998878479;0.0406010007858276;0.0386080002784729;0.0316599988937378
2008-12-05;29.650650024414062;24.43893814086914;13.3226957321167;18.729711532592773;21.524751663208008;29.549072265625;14.417824745178223;7.382758140563965;13.47115421295166;40.20769500732422;0.017711000442504902;0.0337140011787415;0.0377069997787476;0.035436999797821;0.0275110006332397
2008-12-12;29.40310287475586;26.878990173339844;12.914143562316895;18.87686538696289;19.969287872314453;27.668001174926758;14.04776668548584;7.547811031341553;12.697352409362793;42.22857666015625;0.016405999660491898;0.0328629994392395;0.037197000980377204;0.0350769996643066;0.0271280002593994
2008-12-19;30.93328285217285;27.268638610839844;12.873579978942871;18.726585388183594;19.569128036499023;27.95435333251953;13.873621940612793;7.717323303222656;12.95534610748291;39.37833786010742;0.0143019998073578;0.0271810007095337;0.0312630009651184;0.0301099991798401;0.0238450002670288
2008-12-26;30.400726318359375;27.28780174255371;12.91704273223877;18.517868041992188;19.23351287841797;27.5198974609375;13.88087272644043;7.628109455108643;12.86469841003418;40.51739501953125;0.0150870001316071;0.027200999259948698;0.0312089991569519;0.0302469992637634;0.0242339992523193
2008-12-31;32.00589370727539;28.53336524963379;13.116972923278809;18.94365692138672;20.350088119506836;28.408580780029297;14.105815887451172;7.900225639343262;13.029720306396484;41.90313720703125;0.0155680000782013;0.0287910008430481;0.0328570008277893;0.0315869998931885;0.025020999908447302
2009-01-02;33.94109344482422;29.964195251464844;13.299510955810547;19.970569610595703;20.480741500854492;29.223209381103516;14.75160026550293;8.150032043457031;13.290042877197266;42.853206634521484;0.0174539995193481;0.0309130001068115;0.0348569989204407;0.0333730006217957;0.0263899993896484
2009-01-09;33.34103012084961;27.594409942626953;12.922843933105469;18.62639808654785;16.966032028198242;28.507326126098633;14.163860321044922;7.779780387878418;11.988456726074219;40.71684265136719;0.0156939995288849;0.030692999362945603;0.036407001018524204;0.0359529995918274;0.029337999820709202
2009-01-16;31.84836769104004;25.535491943359375;12.70262336730957;17.916746139526367;14.908149719238281;27.85563087463379;14.301730155944824;7.806544780731201;11.98381233215332;40.99504852294922;0.0157260000705719;0.0299070000648499;0.034806001186370804;0.0339050006866455;0.0272359991073608
2009-01-23;31.488340377807617;23.02389907836914;12.227438926696777;17.207090377807617;15.861956596374512;26.11772346496582;12.480457305908203;7.784238815307617;11.2377290725708;40.96355438232422;0.0179359996318817;0.0338150000572205;0.0394779992103577;0.038633999824523896;0.031245999336242697
2009-01-30;31.73586082458496;19.91832733154297;12.378108978271484;17.265527725219727;16.665510177612305;26.55712127685547;12.407889366149902;6.503965854644775;10.951844215393066;40.14469528198242;0.0199609994888306;0.0357870006561279;0.0415210008621216;0.040806999206543;0.0333719992637634
2009-02-06;32.51789855957031;21.48725700378418;12.618603706359863;16.23861312866211;18.050493240356445;25.865921020507812;14.265445709228516;6.762314319610596;11.535231590270996;42.38331985473633;0.0213389992713928;0.0369770002365112;0.0421290016174316;0.041346001625060996;0.035167000293731696
2009-02-13;30.669260025024414;19.976430892944336;12.70552921295166;15.462165832519531;16.12981414794922;24.39959144592285;13.851853370666504;6.6438374519348145;10.814715385437012;39.34992218017578;0.0201250004768372;0.0356620001792908;0.041680002212524395;0.041507000923156706;0.0352679991722107
2009-02-20;27.509891510009766;17.21304702758789;12.412884712219238;14.635627746582031;13.000533103942871;23.58184242248535;13.150486946105957;6.247395038604736;11.625874519348145;37.577362060546875;0.0193739998340607;0.034530000686645496;0.040514001846313506;0.0404829978942871;0.0346830010414124
2009-02-27;23.8201961517334;15.88946533203125;11.836276054382324;14.001111030578613;14.92774772644043;22.68846893310547;11.798912048339844;5.60944128036499;11.444584846496582;35.82061767578125;0.021273000240325902;0.0369519996643066;0.0424319982528687;0.041894998550415;0.035922000408172595
2009-03-06;22.80495262145996;14.998467445373535;11.329214096069336;13.216313362121582;10.406962394714355;20.87679100036621;11.16330623626709;5.800826549530029;11.36788558959961;33.778987884521484;0.0200119996070862;0.0347169995307922;0.039925000667572;0.0394479990005493;0.0337380003929138
2009-03-13;25.305158615112305;17.290523529052734;12.069856643676758;14.30167007446289;15.515719413757324;23.956153869628906;12.164202690124512;6.625607490539551;11.497454643249512;35.45132827758789;0.020227000713348403;0.034655001163482704;0.040465998649597205;0.0407919979095459;0.0361400008201599
2009-03-20;24.66116714477539;17.477764129638672;12.485648155212402;14.568833351135254;15.12374496459961;22.923049926757812;12.463740348815918;6.210938453674316;11.590949058532715;34.865745544433594;0.0177209997177124;0.0312840008735657;0.0381710004806519;0.039899001121521;0.036728999614715596
2009-03-27;28.434213638305664;19.595491409301758;13.205977439880371;15.520609855651855;17.900243759155273;25.119022369384766;13.245464324951172;6.397770881652832;12.287479400634766;36.91792678833008;0.0186989998817444;0.0322199988365173;0.0383310008049011;0.039430999755859404;0.0361310005187988
2009-04-03;28.555444717407227;20.757667541503906;13.167909622192383;16.69780158996582;19.1624755859375;26.007396697998047;13.6984281539917;6.174485683441162;12.574975967407227;37.16060256958008;0.019695999622345;0.0333590006828308;0.039465999603271504;0.0403690004348755;0.0362490010261536
2009-04-09;29.661592483520508;20.99656105041504;13.173771858215332;16.597618103027344;21.43343734741211;26.51645278930664;14.370572090148926;6.174485683441162;11.841044425964355;36.844058990478516;0.0199839997291565;0.0341639995574951;0.0406110000610352;0.041441001892089796;0.036168999671936
2009-04-17;29.032751083374023;21.116657257080078;13.182555198669434;17.01506233215332;21.767213821411133;26.855844497680664;14.027195930480957;6.452452182769775;11.73353099822998;35.213932037353516;0.0201869988441467;0.0344639992713928;0.0411079978942871;0.0421460008621216;0.0369910001754761
2009-04-24;29.3358097076416;21.992984771728516;12.52957534790039;16.914875030517578;21.84574317932129;28.447933197021484;15.276488304138184;6.001326560974121;11.188920974731445;35.11897277832031;0.0206920003890991;0.0349950003623962;0.0417290019989014;0.042975001335144;0.0381399989128113
2009-05-01;31.222332000732422;24.36688232421875;12.435870170593262;18.31749153137207;21.263288497924805;28.88712501525879;14.787006378173828;6.188154220581055;11.698468208312988;35.87865447998047;0.02144700050354;0.0368090009689331;0.0436709976196289;0.044755997657775895;0.0400349998474121
2009-05-08;35.06391906738281;25.923322677612305;12.567636489868164;21.256301879882812;25.484521865844727;29.99009132385254;14.187922477722168;6.636168956756592;11.719503402709961;37.35050964355469;0.0223569989204407;0.0378110003471375;0.0447639989852905;0.0460650014877319;0.0419899988174438
2009-05-15;32.89873123168945;23.372854232788086;13.164985656738281;19.544780731201172;22.84706687927246;28.907085418701172;14.772388458251953;6.917285442352295;11.315056800842285;36.67652130126953;0.0206909990310669;0.036273999214172396;0.042920999526977505;0.0439779996871948;0.0403879976272583
2009-05-22;32.85281753540039;22.43767738342285;13.850171089172363;19.786903381347656;22.51983642578125;28.227785110473633;14.520649909973145;6.894243240356445;11.573558807373047;36.527931213378906;0.0229579997062683;0.039418001174926796;0.0458129978179932;0.0467399978637695;0.0439069986343384
2009-05-29;34.314144134521484;23.189741134643555;14.394804000854492;20.221038818359375;24.149433135986328;28.746335983276367;15.358803749084473;7.00023889541626;11.688706398010254;36.803890228271484;0.0235409998893738;0.0399650001525879;0.04580800056457521;0.046387000083923303;0.0435909986495972
2009-06-05;40.28181457519531;25.158191680908203;14.476797103881836;20.83050537109375;22.61146354675293;30.679529190063477;16.277828216552734;6.686862945556641;12.001248359680176;38.725006103515625;0.0284060001373291;0.0437050008773804;0.0490049982070923;0.0492889976501465;0.045622000694274904
2009-06-12;39.35606002807617;24.674245834350586;14.438028335571289;20.922346115112305;22.991044998168945;30.70973014831543;17.152740478515625;6.802074909210205;11.712200164794922;39.154884338378906;0.028350999355316202;0.0430270004272461;0.0485540008544922;0.0493440008163452;0.0460860013961792
2009-06-19;37.060794830322266;22.006053924560547;14.414400100708008;19.644968032836914;22.905961990356445;29.88912582397461;17.696809768676758;6.91267728805542;11.319759368896484;37.706077575683594;0.0283529996871948;0.0429540014266968;0.047670998573303196;0.0478690004348755;0.044767999649047895
2009-06-26;32.04183578491211;22.601167678833008;14.213587760925293;19.561477661132812;22.546016693115234;29.833751678466797;17.167455673217773;7.00023889541626;11.427854537963867;36.644676208496094;0.025653998851776102;0.0399869990348816;0.0447039985656738;0.0452080011367798;0.0432460021972656
2009-07-02;31.238489151000977;20.756975173950195;14.435076713562012;19.068889617919922;21.15030288696289;30.332157135009766;17.182157516479492;6.67303466796875;11.230460166931152;36.34748840332031;0.0248370003700256;0.0398530006408691;0.0446150016784668;0.0452110004425049;0.0438549995422363
2009-07-10;30.335683822631836;19.96567153930664;14.266748428344727;18.70989418029785;21.196176528930664;30.100570678710938;16.461633682250977;6.543999195098877;11.178760528564453;34.55904769897461;0.022727999687194803;0.0379180002212524;0.043415999412536606;0.0442479991912842;0.04237599849700931
2009-07-17;31.643980026245117;22.507755279541016;14.860329627990723;20.463157653808594;24.17832374572754;31.676345825195312;17.858558654785156;6.894243240356445;11.39495849609375;36.363407135009766;0.0257680010795593;0.0416520023345947;0.0471799993515015;0.047877998352050796;0.0456839990615845
2009-07-24;32.416709899902344;27.81188201904297;14.576821327209473;22.19137954711914;24.853412628173828;34.94867706298828;17.24097442626953;7.594727993011475;11.500703811645508;38.364139556884766;0.026164999008178702;0.041817002296447796;0.047302999496459996;0.0481010007858276;0.0461679983139038
2009-07-31;32.82984924316406;29.17599105834961;14.718578338623047;20.972444534301758;25.33187484741211;35.50246810913086;17.292438507080078;7.3412604331970215;11.721604347229004;37.3558349609375;0.0255769991874695;0.039614999294281;0.0446379995346069;0.0453870010375977;0.043351001739501994
2009-08-07;36.064910888671875;31.639314651489258;14.5709228515625;22.283220291137695;27.76345443725586;36.700645446777344;17.321847915649414;7.429056167602539;11.582951545715332;36.867591857910156;0.0289000010490417;0.0431510019302368;0.0480170011520386;0.0485029983520508;0.0456979990005493
2009-08-14;34.65907669067383;30.46063232421875;14.31399917602539;21.590261459350586;27.822444915771484;35.90520477294922;17.41742706298828;7.340612888336182;12.237207412719727;36.420005798339844;0.0256329989433289;0.040194001197814896;0.0451879978179932;0.0459479999542236;0.044362001419067404
2009-08-21;35.43150329589844;31.32147216796875;14.739255905151367;22.366710662841797;28.615493774414062;36.83681106567383;18.047693252563477;7.74558162689209;12.135604858398438;37.333030700683594;0.0262210011482239;0.0401989984512329;0.044997000694274904;0.0456710004806519;0.0438119983673096
2009-08-28;39.42499542236328;30.9307861328125;14.488234519958496;22.40845489501953;28.130502700805664;36.47167205810547;18.2473201751709;7.824709415435791;12.081260681152344;37.43983459472656;0.0250049996376038;0.0390879988670349;0.0436289978027344;0.0440899991989136;0.0422440004348755
2009-09-04;37.965091705322266;30.53347396850586;14.75106430053711;21.6236572265625;27.750350952148438;36.18263244628906;18.20296287536621;7.629213809967041;12.211215019226074;36.93791961669922;0.0242580008506775;0.0390149998664856;0.043861999511718805;0.0446400022506714;0.043566999435424796
2009-09-11;39.6644401550293;32.13596725463867;15.336077690124512;23.727582931518555;27.855220794677734;37.526466369628906;18.380407333374023;7.5640435218811035;11.984384536743164;37.36507797241211;0.0233559989929199;0.0375850009918213;0.042494997978210394;0.043505001068115196;0.042821998596191395
2009-09-18;40.95441818237305;35.374061584472656;16.005964279174805;23.74427604675293;29.46098518371582;37.84087371826172;18.67615509033203;7.6850666999816895;11.840250968933105;37.37040710449219;0.025241999626159698;0.0390009999275208;0.0434959983825684;0.044274997711181596;0.04335700035095211
2009-09-25;39.79576110839844;33.904014587402344;15.770766258239746;23.05967140197754;28.608945846557617;37.425048828125;18.890562057495117;7.633865833282471;11.689022064208984;36.681644439697266;0.023787000179290797;0.0375699996948242;0.0422310018539429;0.042989997863769495;0.04178699970245361
2009-10-02;39.703067779541016;32.334617614746094;16.038711547851562;22.717363357543945;27.46895408630371;36.47674560546875;18.454341888427734;7.5174994468688965;11.596871376037598;35.54967498779297;0.0225370001792908;0.0364079999923706;0.041268000602722205;0.042157998085022;0.0410570001602173
2009-10-09;40.69950485229492;35.519744873046875;16.270944595336914;23.911256790161133;30.087234497070312;37.89667510986328;18.890562057495117;7.875911712646484;11.807168006896973;36.98597717285156;0.0239330005645752;0.0380329990386963;0.043358998298645;0.0445559978485107;0.0434969997406006
2009-10-16;41.085716247558594;36.13557815551758;16.378128051757812;24.5457706451416;30.22502326965332;38.55084228515625;19.592952728271484;8.27157211303711;12.102522850036621;39.04164505004883;0.023956999778747597;0.0381360006332397;0.043678998947143596;0.0449280023574829;0.043485999107360805
2009-10-23;38.53669357299805;38.41828918457031;15.851140022277832;24.119976043701172;29.68037986755371;39.463653564453125;20.716779708862305;8.029521942138672;11.918220520019531;39.28192901611328;0.024951000213623;0.0388299989700317;0.0441009998321533;0.0452559995651245;0.0438840007781982
2009-10-30;36.92230987548828;36.72417068481445;15.871988296508789;22.8509464263916;27.409894943237305;37.30842590332031;20.50235939025879;7.927117347717285;11.738642692565918;38.267459869384766;0.023477001190185497;0.0379469990730286;0.0432359981536865;0.0444409990310669;0.0437279987335205
2009-11-06;38.7125129699707;38.41828918457031;16.223308563232422;23.844467163085938;28.532011032104492;38.24150466918945;21.08644676208496;7.970032691955566;12.109607696533203;38.75331497192383;0.0235179996490479;0.039261999130249;0.045177001953125;0.0464410018920898;0.04526599884033199
2009-11-13;39.49174499511719;39.205345153808594;16.809837341308594;25.414058685302734;28.151412963867188;39.210105895996094;21.907136917114258;8.266094207763672;12.570367813110352;38.91981506347656;0.0229889988899231;0.0385450005531311;0.0443650007247925;0.04580800056457521;0.04536099910736081
2009-11-20;40.28656768798828;38.651763916015625;17.113521575927734;25.055055618286133;27.8626766204834;39.118507385253906;21.996545791625977;8.627939224243164;12.825556755065918;39.94557189941406;0.022207999229431202;0.0376570010185242;0.0433010005950928;0.0448559999465942;0.0450180006027222
2009-11-27;40.87099075317383;38.318267822265625;17.145170211791992;25.33892250061035;27.121164321899414;39.17464828491211;21.699495315551758;8.576244354248047;12.908254623413086;40.20872116088867;0.020504000186920203;0.0357809996604919;0.0417640018463135;0.043713002204895005;0.0444600009918213
2009-12-04;42.60869216918945;38.88520431518555;17.238122940063477;25.748018264770508;27.390209197998047;39.93517303466797;22.26388931274414;8.689029693603516;12.816102981567383;39.875732421875;0.022767000198364296;0.038478000164032;0.044488000869751;0.0460890007019043;0.045886001586914096
2009-12-11;43.32558059692383;38.35826873779297;17.723875045776367;26.771228790283203;26.878360748291016;41.726741790771484;22.167354583740234;8.599740982055664;12.978097915649414;39.11314392089844;0.022834999561309802;0.0392429995536804;0.0454589986801147;0.0470660018920898;0.046800999641418504
2009-12-18;41.64244842529297;38.14484405517578;17.067214965820312;26.982358932495117;26.87179946899414;41.32862091064453;22.54608726501465;8.599740982055664;12.550639152526855;36.63197708129883;0.023117001056671097;0.0391129994392395;0.0449289989471436;0.0465189981460571;0.0466970014572144
2009-12-24;43.232086181640625;38.90520095825195;17.223133087158203;27.26949691772461;27.48862075805664;42.135066986083984;23.0213680267334;8.74072265625;12.728750228881836;36.873661041259766;0.025817999839782703;0.0417700004577637;0.047526001930236796;0.0489020013809204;0.0484619998931885
2009-12-31;42.18009948730469;38.01144027709961;17.091197967529297;27.235715866088867;27.344282150268555;42.19630432128906;22.635210037231445;8.548048973083496;12.693127632141113;36.62126159667969;0.026823999881744397;0.0418240022659302;0.0473680019378662;0.0485410022735596;0.0472959995269775
2010-01-08;48.00101852416992;40.24584197998047;16.536481857299805;26.923242568969727;29.35468864440918;43.038509368896484;22.768878936767578;8.778315544128418;12.664628982543945;37.33552169799805;0.0259050011634827;0.041732997894287104;0.0475769996643066;0.0490990018844604;0.048818998336792
2010-01-15;47.393192291259766;40.37269592285156;16.878314971923828;25.842262268066406;28.697669982910156;42.553619384765625;22.917400360107422;9.15896224975586;12.747745513916016;37.115325927734375;0.0246370005607605;0.0404150009155273;0.046055998802185104;0.0476170015335083;0.0478399991989136
2010-01-22;45.01654052734375;36.4307746887207;16.263629913330078;25.318655014038086;25.728050231933594;41.58892822265625;21.50641632080078;8.909896850585938;12.572011947631836;35.49881362915039;0.0239630007743835;0.039381000995636;0.044832000732421905;0.046564998626709;0.0474100017547607
2010-01-29;47.221778869628906;35.08098220825195;16.266624450683594;24.955514907836914;25.583520889282227;41.0836067199707;20.92717170715332;8.768918991088867;12.688370704650879;34.60195541381836;0.0238330006599426;0.039560999870300304;0.045099000930786094;0.0466480016708374;0.046989002227783204
2010-02-05;45.818138122558594;34.7519416809082;15.918808937072754;24.947071075439453;25.16303062438965;40.08829879760742;20.808347702026367;8.519675254821777;12.693127632141113;34.8006591796875;0.022820999622345003;0.0390799999237061;0.044951000213623;0.046641001701354996;0.047086000442504904
2010-02-12;46.798824310302734;37.74026870727539;16.185665130615234;25.39466094970703;25.590084075927734;40.414955139160156;20.74151611328125;8.443772315979004;12.56251335144043;35.027687072753906;0.023889000415802;0.0403649997711182;0.0465719985961914;0.048382000923156705;0.0487029981613159
2010-02-19;49.889984130859375;39.11690902709961;16.707399368286133;26.37430763244629;26.299640655517578;41.882598876953125;21.465227127075195;8.533902168273926;12.702620506286621;35.6060791015625;0.0252729988098145;0.0412849998474121;0.0472139978408813;0.0489020013809204;0.0491069984436035
2010-02-26;49.55262756347656;38.311073303222656;15.807865142822266;26.382749557495117;27.5742244720459;41.17873764038086;21.39061164855957;8.325182914733887;12.840363502502441;35.13579177856445;0.0233829998970032;0.0395320010185242;0.0454050016403198;0.047093000411987294;0.0474860000610352
2010-03-05;53.29496383666992;39.7750129699707;16.40155601501465;28.054901123046875;28.126096725463867;42.35525894165039;21.330930709838867;8.291975975036621;12.856985092163086;35.93041229248047;0.023956999778747597;0.040121002197265596;0.0464239978790283;0.048214001655578605;0.048187999725341796
2010-03-12;54.7856330871582;40.533851623535156;16.1276912689209;28.451818466186523;28.349483489990234;41.81067657470703;21.838272094726562;8.102224349975586;12.872135162353516;36.108795166015625;0.024567999839782702;0.040086998939514194;0.04606800079345699;0.04785999774932861;0.048130998611450204
2010-03-19;55.4838752746582;39.869014739990234;16.550907135009766;28.409595489501953;28.54657745361328;42.108646392822266;22.077030181884766;8.021581649780273;13.216031074523926;36.238529205322266;0.0250699996948242;0.0396930003166199;0.0452589988708496;0.0470760011672974;0.047754001617431596
2010-03-26;56.95100021362305;41.9306526184082;16.520679473876953;29.819944381713867;29.578060150146484;41.61543655395508;22.12925148010254;8.13068962097168;13.256625175476074;35.96824645996094;0.026312000751495403;0.0414260005950928;0.0473839998245239;0.049326000213623;0.0490350008010864
2010-04-01;57.26483154296875;42.97151565551758;16.717178344726562;30.02262306213379;29.716381072998047;43.07967758178711;21.756200790405273;8.102224349975586;13.251856803894043;36.546630859375;0.0264219999313354;0.041532998085022;0.0471600008010864;0.0489139986038208;0.049008002281189
2010-04-09;56.81764221191406;43.83108901977539;16.50254249572754;30.588455200195312;30.242568969726562;42.894718170166016;22.6366024017334;8.182872772216797;13.151548385620117;37.168277740478516;0.0268359994888306;0.0416309976577759;0.0472760009765625;0.0490869998931885;0.0488089990615845
2010-04-16;55.53880310058594;44.912269592285156;16.617420196533203;30.259092330932617;29.959745407104492;43.033443450927734;22.88280487060547;7.969404697418213;12.922286033630371;36.7196159362793;0.025357000827789303;0.0404909992218018;0.0464429998397827;0.0484359979629517;0.048298001289367704
2010-04-23;58.943782806396484;46.47631072998047;16.28790855407715;31.06982421875;29.558542251586914;44.4822883605957;23.099180221557617;8.021581649780273;13.022592544555664;37.427730560302734;0.026537001132965102;0.040833001136779803;0.0463579988479614;0.048215999603271505;0.048144001960754405
2010-04-30;56.825477600097656;46.010047912597656;16.157920837402344;31.11205291748047;28.00628089904785;45.55604934692383;22.78582000732422;7.931456565856934;12.810047149658203;36.63313674926758;0.0247490000724792;0.0393330001831055;0.0448460006713867;0.046677999496459996;0.0468979978561401
2010-05-07;52.64944076538086;41.96245574951172;15.922122955322266;28.21535873413086;26.809206008911133;42.4528694152832;21.04741096496582;7.89040470123291;12.513912200927734;34.43307876586914;0.0224349999427795;0.0372379994392395;0.042470998764038106;0.0439260005950928;0.044249000549316395
2010-05-14;55.09568405151367;43.84096908569336;16.124666213989258;28.764293670654297;26.236976623535156;43.506103515625;21.58460235595703;7.765768527984619;12.519355773925781;34.61248779296875;0.022253999710083;0.0373169994354248;0.0426100015640259;0.044226999282836896;0.0449529981613159
2010-05-21;50.944950103759766;40.60425567626953;15.595647811889648;27.75931739807129;26.342214584350586;41.722007751464844;20.115619659423828;7.382275104522705;12.33919906616211;33.13220977783203;0.0207879996299744;0.0349830007553101;0.04026400089263919;0.0419210004806519;0.042525000572204597
2010-05-28;50.64509963989258;41.0569953918457;15.53820514678955;28.223800659179688;26.0330867767334;41.00337219238281;19.336170196533203;7.300782680511475;12.144641876220703;32.903648376464844;0.021819000244140598;0.0360319995880127;0.0417110013961792;0.0437109994888306;0.0438089990615845
2010-06-04;48.254093170166016;39.029815673828125;15.498905181884766;28.451818466186523;24.74392318725586;39.34379196166992;19.328676223754883;7.075479984283447;12.106208801269531;32.39752197265625;0.020599000453949003;0.0349950003623962;0.0406010007858276;0.0425169992446899;0.043105001449585
2010-06-11;51.59203338623047;40.69886016845703;15.745870590209961;28.91630744934082;25.053064346313477;40.4811897277832;19.23124122619629;7.411037921905518;12.21670150756836;33.66554641723633;0.0209260010719299;0.035164999961853;0.040802001953125;0.042755999565124506;0.043141999244689894
2010-06-18;53.62794494628906;44.49641418457031;15.947071075439453;29.68482208251953;25.769987106323242;41.97015380859375;19.815837860107422;7.291194915771484;12.382437705993652;34.340389251708984;0.0210109996795654;0.0352069997787476;0.0408519983291626;0.0428170013427734;0.043123002052307104
2010-06-25;54.26711654663086;43.726104736328125;15.322115898132324;28.274471282958984;25.940998077392578;40.7913932800293;18.38435173034668;7.017953872680664;11.721887588500977;32.16348648071289;0.0195980000495911;0.0340669989585876;0.0399340009689331;0.0420260000228882;0.0424989986419678
2010-07-02;48.87749481201172;39.989341735839844;15.258098602294922;26.5009822845459;23.59881019592285;40.15548324584961;17.440032958984375;6.778270721435547;11.52972412109375;30.786611557006836;0.0187870001792908;0.0327600002288818;0.0387080001831055;0.040890998840331996;0.0410449981689453
2010-07-09;51.02388000488281;43.73285675048828;15.974508285522461;28.502492904663086;25.587886810302734;42.47682571411133;18.18949317932129;7.080273151397705;11.873215675354004;31.989355087280273;0.0190349996089935;0.0335419988632202;0.0395050001144409;0.0416510009765625;0.0424030017852783
2010-07-16;48.845924377441406;43.4935302734375;15.965362548828125;27.89443588256836;25.686681747436523;41.85127258300781;18.654155731201172;6.979607105255127;11.930856704711914;31.543088912963867;0.017470999956130998;0.0321600008010864;0.0383540010452271;0.04058499813079831;0.041750998497009306
2010-07-23;53.6042594909668;47.146331787109375;16.6909236907959;28.823415756225586;26.233346939086914;44.54998779296875;19.34366798400879;6.989195346832275;12.411262512207031;32.500919342041016;0.0179250001907349;0.032772998809814505;0.038949000835418704;0.0412230014801025;0.0425570011138916
2010-07-30;53.76998519897461;47.445621490478516;16.800670623779297;28.451818466186523;26.52972984313965;44.22431182861328;19.34366798400879;7.19052791595459;12.295969009399414;32.47913360595703;0.0164800000190735;0.031735999584197996;0.0383439993858337;0.040817999839782695;0.0422550010681152
2010-08-06;54.541290283203125;48.676822662353516;17.300640106201172;29.558137893676758;26.635108947753906;45.12902069091797;19.148801803588867;7.871657371520996;12.44009017944336;33.72542190551758;0.015599000453948998;0.0307349991798401;0.0378349995613098;0.0408260011672974;0.04294099807739259
2010-08-13;51.4768180847168;46.26203155517578;16.98968505859375;28.44338035583496;24.698726654052734;43.43327713012695;18.28692054748535;7.794105529785156;12.176859855651855;32.83761978149414;0.0148969995975494;0.028828001022338897;0.0360030007362366;0.0392790007591248;0.041670999526977504
2010-08-20;51.286277770996094;46.84021759033203;16.858596801757812;27.91132926940918;24.46160888671875;41.96331024169922;18.25638771057129;7.716550827026367;12.13337230682373;32.27854537963867;0.014937000274658201;0.028227000236511198;0.0343530011177063;0.0370269989967346;0.0391319990158081
2010-08-27;50.1430549621582;44.8267707824707;17.120777130126953;27.683311462402344;24.105960845947266;42.14020538330078;18.03034782409668;7.798949718475342;12.32182788848877;32.7773323059082;0.015393999814987201;0.0285610008239746;0.0347429990768433;0.0373850011825562;0.039284999370575
2010-09-03;51.31804275512695;47.67008972167969;17.547576904296875;29.279443740844727;25.79863929748535;43.43043518066406;18.30159568786621;7.978293418884277;12.573092460632324;33.610469818115234;0.0156159996986389;0.0294980001449585;0.0360859990119934;0.0387540006637573;0.0403090000152588
2010-09-10;50.68291091918945;48.472774505615234;17.840240478515625;28.840303421020508;26.187238693237305;43.669734954833984;17.97007179260254;8.235189437866211;12.556178092956543;33.54470443725586;0.0165659999847412;0.030251998901367202;0.0364610004425049;0.039165999889373804;0.0413070011138916
2010-09-17;49.97633743286133;49.778812408447266;17.680517196655273;29.186552047729492;26.384824752807617;44.77785873413086;19.0023136138916;8.269118309020996;12.807445526123047;33.314476013183594;0.0152579998970032;0.029946000576019302;0.0367179989814758;0.0396129989624023;0.0418120002746582
2010-09-24;51.286277770996094;54.2342529296875;18.006105422973633;28.358922958374023;26.18065643310547;45.24088668823242;18.67078399658203;8.433918952941895;13.06596565246582;33.846160888671875;0.0142050004005432;0.028557999134063698;0.0355369997024536;0.0385700011253357;0.040774998664856
2010-10-01;53.05669403076172;53.207130432128906;18.159696578979492;28.15624237060547;25.56153678894043;45.584251403808594;18.36940574645996;8.327282905578613;12.892009735107422;34.2791748046875;0.013183000087738;0.0274399995803833;0.0345659995079041;0.037697000503539996;0.0399620008468628
2010-10-08;54.962074279785156;54.66962432861328;18.2487735748291;29.144323348999023;25.92424774169922;46.385433197021484;18.51256561279297;8.463001251220703;13.145697593688965;35.287696838378906;0.0117040002346039;0.0261619997024536;0.034152998924255405;0.038001000881195096;0.0410300016403198
2010-10-15;55.660701751708984;54.24784851074219;18.411571502685547;29.456798553466797;24.499773025512695;46.37502670288086;19.243419647216797;8.603569030761719;12.889595985412598;35.73168182373047;0.0126760005950928;0.0281159996986389;0.036628999710083;0.0406409978866577;0.0435879993438721
2010-10-22;56.57367706298828;53.57544708251953;18.924537658691406;29.532806396484375;24.862489700317383;47.05134963989258;19.122859954833984;8.482389450073242;13.06113052368164;36.362003326416016;0.0123759996891022;0.028010001182556202;0.0363820004463196;0.0402150011062622;0.042989001274108894
2010-10-29;56.08148193359375;53.760128021240234;18.835453033447266;30.51244354248047;24.816316604614258;43.81541061401367;20.094833374023438;8.44361400604248;13.08770751953125;36.444210052490234;0.0123599994182587;0.028482000827789303;0.0369779992103577;0.0408139991760254;0.0435909986495972
2010-11-05;56.92425537109375;57.13890838623047;19.222492218017578;31.416078567504883;26.99920082092285;44.91831970214844;20.23046112060547;8.413376808166504;13.336569786071777;38.368125915527344;0.0114090001583099;0.027390999794006297;0.0374070000648499;0.0423479986190796;0.045419998168945305
2010-11-12;50.390769958496094;55.42899703979492;19.326927185058594;31.880573272705078;26.12210464477539;44.866302490234375;19.793447494506836;8.251768112182617;13.078045845031738;39.15574264526367;0.0137769997119904;0.0292249989509583;0.0392280006408691;0.044229998588562004;0.046567001342773404
2010-11-19;50.79013442993164;57.43301773071289;19.756959915161133;31.255626678466797;25.990209579467773;44.503753662109375;19.475372314453125;8.227283477783203;13.140857696533203;38.90755081176758;0.0155050003528595;0.030912001132965102;0.039491000175476104;0.043638000488281196;0.0463910007476807
2010-11-26;51.756595611572266;57.542442321777344;19.69245147705078;30.99382209777832;24.730594635009766;44.184410095214844;19.14181137084961;8.075471878051758;12.98382568359375;38.18501663208008;0.0154480004310608;0.0309369993209839;0.0392960000038147;0.0432130002975464;0.0459999990463257
2010-12-03;53.1463508605957;61.13331604003906;19.949167251586914;31.745441436767578;26.12210464477539;45.514137268066406;20.483633041381836;8.188106536865234;13.196433067321777;39.26607131958008;0.016675000190734902;0.0327020001411438;0.0408199977874756;0.0445760011672974;0.0465880012512207
2010-12-10;51.24540328979492;61.51631164550781;19.995559692382812;31.298675537109375;27.322355270385742;44.14251708984375;20.72623062133789;8.335022926330566;13.186813354492188;39.8121223449707;0.0201419997215271;0.035887000560760496;0.042850999832153305;0.0457429981231689;0.0470779991149902
2010-12-17;51.94028091430664;63.328857421875;20.320308685302734;31.631641387939453;26.161664962768555;45.21572494506836;21.1507511138916;8.339920043945312;13.218399047851562;39.806610107421875;0.0198450005054474;0.0359619998931885;0.0429260015487671;0.0456909990310669;0.0468930006027222
2010-12-23;51.964229583740234;64.60103607177734;20.2831974029541;32.18658447265625;27.751028060913086;45.268089294433594;21.453996658325195;8.623957633972168;13.021618843078613;40.374717712402344;0.0210019993782043;0.0366529989242554;0.0436910009384155;0.046564998626709;0.0471619987487793
2010-12-31;52.123985290527344;64.06072998046875;20.34195899963379;32.02436828613281;27.97523307800293;45.179080963134766;21.15833282470703;8.574982643127441;13.101783752441406;40.3305778503418;0.020129001140594502;0.0354480004310608;0.0422520017623901;0.045093002319335905;0.045752000808715804
2011-01-07;55.414676666259766;64.10860443115234;19.460487365722656;33.68065643310547;28.812864303588867;45.142452239990234;21.681421279907227;8.981447219848633;13.138226509094238;41.69297790527344;0.0197790002822876;0.035913999080657996;0.043475999832153306;0.0467339992523193;0.0475969982147217
2011-01-14;55.9658088684082;64.30010223388672;19.525436401367188;33.5440673828125;29.651371002197266;46.12140655517578;21.453996658325195;8.981447219848633;13.315568923950195;42.933998107910156;0.0194959998130798;0.0359660005569458;0.043724999427795404;0.0471080017089844;0.048439998626709
2011-01-21;57.251712799072266;63.736595153808594;19.414098739624023;33.928253173828125;29.90226936340332;46.7443962097168;21.24173355102539;8.991244316101074;13.539083480834961;43.56278991699219;0.020439000129699698;0.0368650007247925;0.044419999122619604;0.0476189994812012;0.048635001182556196
2011-01-28;55.29489517211914;65.75005340576172;19.240894317626953;33.16840362548828;29.407085418701172;45.7758903503418;21.03704833984375;8.888405799865723;13.77472972869873;43.568275451660156;0.0192610001564026;0.0358170008659363;0.0435010004043579;0.0469180011749268;0.0485860013961792
2011-02-04;57.01211166381836;68.43694305419922;19.349138259887695;34.756385803222656;29.440088272094727;46.220855712890625;21.052204132080078;9.550970077514648;13.611958503723145;45.93452072143555;0.0228719997406006;0.0389680004119873;0.0462400007247925;0.0493139982223511;0.0501140022277832
2011-02-11;57.953895568847656;71.1513442993164;19.661527633666992;37.06153106689453;30.74736785888672;48.058406829833984;20.657997131347656;9.318379402160645;13.529362678527832;45.92153549194336;0.0238210010528564;0.038659999370575;0.0457100009918213;0.048958997726440405;0.049967999458313
2011-02-18;58.67689895629883;72.74561309814453;19.964632034301758;37.18959045410156;31.69152069091797;48.95835876464844;20.635208129882812;9.496532440185547;13.454047203063965;46.853065490722656;0.0231340003013611;0.0381620001792908;0.04521800041198729;0.0486229991912842;0.0503550004959106
2011-02-25;58.08244323730469;70.09307861328125;19.890398025512695;36.66879653930664;30.81999969482422;47.53110122680664;20.246294021606445;9.33322525024414;12.57217788696289;47.31881332397461;0.0216860008239746;0.0364280009269714;0.0433190011978149;0.046609001159668005;0.0482170009613037
2011-03-04;57.68075942993164;70.80777740478516;20.168752670288086;37.18105697631836;30.054126739501953;48.552833557128906;19.788753509521484;9.729122161865234;12.649913787841797;47.174644470214844;0.0219160008430481;0.0371720004081726;0.0442280006408691;0.0475680017471313;0.0491949987411499
2011-03-11;57.552207946777344;68.73245239257812;20.190385818481445;36.6517219543457;30.199371337890625;48.247379302978516;19.58285903930664;9.63509464263916;12.865792274475098;45.53340530395508;0.020738000869751;0.036407001018524204;0.0437050008773804;0.0470819997787476;0.0487729978561401
2011-03-18;55.511695861816406;72.19586181640625;19.53305435180664;35.20033645629883;30.199371337890625;46.862247467041016;18.911792755126953;9.986449241638184;12.604026794433594;44.8292236328125;0.019695999622345;0.0351209998130798;0.042505998611450206;0.0459359979629517;0.0474730014801025
2011-03-25;58.91791534423828;74.96521759033203;20.318119049072266;36.68587875366211;30.27860450744629;48.5949592590332;19.537111282348633;10.070577621459961;12.80708122253418;46.36510467529297;0.022142999172210697;0.0368300008773804;0.0436040019989014;0.0466849994659424;0.0479580020904541
2011-04-01;59.45616912841797;77.7345962524414;20.941177368164062;36.58341979980469;30.60211944580078;49.04788589477539;19.430341720581055;10.08542537689209;12.753260612487793;46.952857971191406;0.022632999420165997;0.036784000396728495;0.0434320020675659;0.0464820003509521;0.04744800090789789
2011-04-08;59.02235412597656;75.46687316894531;20.956754684448242;35.65283203125;31.093353271484375;49.09529495239258;19.880258560180664;10.125017166137695;12.85356616973877;47.65702819824219;0.0233990001678467;0.0382340002059937;0.0451609992980957;0.0482189989089966;0.0488219976425171
2011-04-15;58.32344055175781;73.67333984375;21.187294006347656;35.44792556762695;29.798885345458984;48.88461685180664;19.34646224975586;10.159653663635254;13.100656509399414;46.736602783203125;0.0216319990158081;0.0366359996795654;0.0435129976272583;0.0465000009536743;0.0471799993515015
2011-04-21;60.604942321777344;75.50514221191406;21.146791458129883;36.0882453918457;29.659488677978516;49.46395492553711;19.460851669311523;9.793453216552734;13.107992172241211;47.88438415527344;0.0215109992027283;0.0365359997749329;0.0433879995346069;0.0463990020751953;0.047287001609802204
2011-04-29;64.09149932861328;79.6385269165039;21.01594352722168;36.79685974121094;30.29012680053711;51.19666290283203;19.765880584716797;10.377399444580078;13.4504976272583;48.78262710571289;0.0197990000247955;0.0355259990692139;0.0424989986419678;0.045486998558044396;0.0471560001373291
2011-05-06;63.71394348144531;76.13999938964844;20.841482162475586;36.762718200683594;29.898466110229492;50.348751068115234;19.72774887084961;10.1695556640625;13.460283279418945;45.84945297241211;0.0187399995326996;0.0340949988365173;0.0411350011825562;0.044254999160766605;0.046283001899719206
2011-05-13;63.82427215576172;73.37288665771484;21.240253448486328;35.44792556762695;28.643842697143555;50.5646858215332;19.087194442749023;10.452877044677734;13.721724510192871;45.094642639160156;0.0186059999465942;0.0339820003509521;0.041036000251770004;0.044249000549316395;0.0466890001296997
2011-05-20;62.604793548583984;71.9927978515625;21.277633666992188;35.43085479736328;28.630571365356445;49.56480407714844;18.79780387878418;10.337953567504883;13.615827560424805;45.48494338989258;0.0182400000095367;0.0336809992790222;0.040798001289367704;0.04402900218963621;0.0464330005645752
2011-05-27;62.176780700683594;72.17912292480469;20.719993591308594;35.44792556762695;28.40487289428711;49.51711654663086;19.005054473876953;10.45787239074707;13.47053337097168;46.07604217529297;0.0170439994335175;0.0329229998588562;0.0402890014648438;0.0435260009765625;0.04592599868774409
2011-06-03;60.440452575683594;69.763916015625;20.414690017700195;33.62089538574219;27.595012664794922;48.0496826171875;18.352619171142578;10.412901878356934;13.214424133300781;45.267478942871094;0.0159510004520416;0.0320070004463196;0.0398690009117126;0.043364000320434595;0.0459800004959106
2011-06-10;58.704124450683594;66.78982543945312;20.371076583862305;32.86959457397461;27.249826431274414;48.065555572509766;18.19910430908203;10.048147201538086;12.982939720153809;44.486812591552734;0.0157340002059937;0.0319409990310669;0.039707999229431204;0.0430189990997314;0.0453310012817383
2011-06-17;59.89131164550781;66.210205078125;20.590726852416992;32.47686767578125;27.08386993408203;48.621803283691406;18.621274948120117;10.123100280761719;13.007561683654785;44.06303405761719;0.015283999443054199;0.0315529990196228;0.0395320010185242;0.04303599834442139;0.045598001480102505
2011-06-24;57.549259185791016;69.01176452636719;20.37421226501465;32.08414077758789;26.214263916015625;48.15032958984375;18.65196990966797;10.033161163330078;12.906595230102539;42.813961029052734;0.0141359996795654;0.030934000015258797;0.0394300007820129;0.043015999794006304;0.045194001197814894
2011-07-01;59.98011016845703;74.95309448242188;21.36577796936035;33.91117477416992;27.771238327026367;51.21236038208008;19.972196578979492;10.36793041229248;13.177483558654785;45.730308532714844;0.0180920004844666;0.0347049999237061;0.0423010015487671;0.0454339981079102;0.047562999725341795
2011-07-08;60.626197814941406;76.18828582763672;21.55091094970703;34.07337951660156;27.210205078125;51.71562957763672;20.663002014160156;10.07313346862793;13.317856788635254;45.95890808105469;0.0158449995517731;0.0327509999275208;0.040857000350952105;0.0441510009765625;0.046104001998901405
2011-07-15;57.5654182434082;75.4637222290039;21.190059661865234;33.5269660949707;26.70260238647461;50.57666015625;20.555553436279297;9.86827278137207;13.207036018371582;46.28232955932617;0.0147370004653931;0.0316580009460449;0.040349001884460396;0.0440210008621216;0.0461079978942871
2011-07-22;58.68798065185547;72.8651351928711;21.880388259887695;34.705162048339844;28.17864990234375;50.52897262573242;21.131229400634766;10.028165817260742;13.426206588745117;47.520240783691406;0.0153129994869232;0.0320659995079041;0.0404559993743896;0.0439410018920898;0.0459280014038086
2011-07-29;56.911285400390625;68.45787811279297;21.340681076049805;32.97203063964844;27.016515731811523;46.163719177246094;21.03144645690918;9.61844539642334;12.980472564697266;44.49238204956055;0.0133840000629425;0.0301740002632141;0.038824999332428;0.0424410009384155;0.0445090007781982
2011-08-05;50.67661666870117;63.05274963378906;20.95158576965332;30.035120010375977;25.113000869750977;43.838050842285156;19.711223602294922;8.836466789245605;12.522429466247559;41.72101974487305;0.0122839999198914;0.0275979995727539;0.0357209992408752;0.0392950010299683;0.041532998085022
2011-08-12;50.20728302001953;62.23506546020508;21.06768226623535;28.250776290893555;23.984241485595703;43.7267951965332;19.266029357910156;9.023404121398926;12.340167999267578;40.41368103027344;0.00976000010967255;0.0241440010070801;0.0326519989967346;0.037135000228881804;0.041185998916626006
2011-08-19;46.784244537353516;55.41631317138672;21.055139541625977;27.192108154296875;22.942317962646484;40.997581481933594;18.57659912109375;8.927411079406738;12.972681999206543;39.17882537841797;0.00912899971008301;0.0220280003547668;0.0299480009078979;0.0340229988098145;0.037184000015258796
2011-08-26;51.06100845336914;59.01277542114258;21.494428634643555;27.66167640686035;24.184621810913086;42.67224884033203;19.50349235534668;9.200235366821289;13.121505737304688;40.77290344238281;0.00950500011444092;0.023450999259948698;0.0317070007324219;0.0357760000228882;0.0387739992141724
2011-09-02;52.06109619140625;59.16523361206055;21.883525848388672;27.712907791137695;23.129343032836914;42.32024383544922;19.92831802368164;9.32654094696045;12.905702590942383;40.49226760864258;0.00879400014877319;0.0214800000190735;0.0292989993095398;0.0333369994163513;0.036524999141693104
2011-09-09;50.23981475830078;58.181243896484375;21.76742935180664;26.500572204589844;21.426206588745117;40.88023376464844;19.881977081298828;9.235602378845215;12.739517211914062;39.858001708984375;0.00822300016880035;0.020675001144409202;0.0285269999504089;0.032672998905181896;0.036029999256134
2011-09-16;53.15873718261719;59.52557373046875;22.503520965576172;28.097089767456055;22.32785987854004;42.9495735168457;20.947900772094727;9.169918060302734;13.059492111206055;41.84499740600586;0.00951200008392334;0.0223219990730286;0.029609000682830802;0.0333890008926392;0.036814000606536904
2011-09-23;48.386009216308594;51.182281494140625;21.299833297729492;25.467525482177734;19.76312828063965;39.46155548095703;19.356733322143555;8.816258430480957;12.600614547729492;38.90377426147461;0.00885699987411499;0.0196379995346069;0.0260770010948181;0.0291849994659424;0.031103999614715598
2011-09-30;49.19906997680664;51.16844177246094;21.34406089782715;25.749267578125;20.11711311340332;38.28821563720703;19.225419998168945;8.932461738586426;12.873457908630371;40.767295837402344;0.009519000053405759;0.0206060004234314;0.0269370007514954;0.0297000002861023;0.0308089995384216
2011-10-07;50.25606155395508;52.33263397216797;20.81963348388672;27.06405258178711;20.684988021850586;39.370887756347656;20.27590560913086;9.316433906555176;13.3199462890625;41.28931427001953;0.011011999845504801;0.0223550009727478;0.028266000747680698;0.030778000354766803;0.0321099996566772
2011-10-14;51.947269439697266;58.27128982543945;21.435684204101562;29.428951263427734;21.486783981323242;42.07490539550781;21.06377410888672;9.619574546813965;13.756502151489258;43.843231201171875;0.0114880001544952;0.024107999801635704;0.0303399991989136;0.0328369998931885;0.034100000858306896
2011-10-21;52.51640701293945;60.893306732177734;21.54309844970703;30.018049240112305;22.517669677734375;42.922916412353516;20.97879981994629;9.629679679870605;14.11864185333252;44.9770622253418;0.0110350000858307;0.0238220000267029;0.030499000549316403;0.033296000957489;0.0347189998626709
2011-10-28;55.42721939086914;67.48505401611328;21.776878356933594;30.91448974609375;24.720918655395508;43.200260162353516;20.839771270751953;10.013653755187988;14.175690650939941;45.73480224609375;0.011555999517440801;0.0249460005760193;0.031761999130249;0.0344779992103577;0.035657999515533396
2011-11-04;53.5002326965332;66.71156311035156;21.41358184814453;29.676546096801758;22.88825225830078;42.293575286865234;20.27590560913086;9.932823181152344;14.262506484985352;44.0733642578125;0.00919200003147125;0.0218020009994507;0.0288439989089966;0.0317339992523193;0.0326539993286133
2011-11-11;54.7578239440918;66.98333740234375;21.52098274230957;31.33283233642578;22.423337936401367;43.888267517089844;20.785703659057617;10.201194763183594;14.684178352355957;45.0135612487793;0.00938950002193451;0.02161700010299685;0.028529499769210848;0.03149150013923645;0.03268700003623965
2011-11-18;55.19968032836914;65.45035552978516;21.29035758972168;30.419309616088867;20.631092071533203;42.95492172241211;19.689271926879883;9.96645450592041;14.195534706115723;43.985870361328125;0.00971700012683868;0.021159999370575;0.027620000839233397;0.0303730010986328;0.0313289999961853
2011-11-25;51.3702278137207;60.426422119140625;20.453149795532227;28.609342575073242;19.189208984375;40.88978958129883;18.911033630371094;9.415312767028809;14.111196517944336;41.7273063659668;0.009523000121116641;0.0206949996948242;0.026849000453949;0.0294829988479614;0.0306559991836548
2011-12-02;58.341766357421875;67.09483337402344;21.123607635498047;31.25598907470703;21.78324317932129;42.83948516845703;19.62700653076172;10.150165557861328;14.40885066986084;45.05308532714844;0.00952899992465973;0.021616001129150398;0.0281870007514954;0.0308369994163513;0.0316720008850098
2011-12-09;58.857269287109375;66.87181854248047;21.502296447753906;31.213302612304688;22.35596466064453;44.150020599365234;20.00056266784668;10.49207878112793;14.556292533874512;45.928279876708984;0.00926100015640259;0.0218589997291565;0.0288439989089966;0.031675999164581296;0.032504000663757304
2011-12-16;58.1044807434082;60.760921478271484;21.460922241210938;30.6610164642334;21.486783981323242;42.36145782470703;20.234024047851562;10.731925010681152;14.543811798095703;45.261993408203125;0.00830900013446808;0.019485000371933;0.0260010004043579;0.0288490009307861;0.0299930000305176
2011-12-23;60.52653121948242;64.27975463867188;22.256488800048828;32.727081298828125;22.618741989135742;44.150020599365234;20.25737762451172;11.140182495117188;14.973116874694824;48.11913299560547;0.009883999824523931;0.021324000358581497;0.027959001064300503;0.030896999835968;0.0320469999313354
2011-12-30;60.01921081542969;63.13003921508789;22.266027450561523;32.553462982177734;22.40312385559082;43.8975830078125;20.202899932861328;11.043216705322266;14.9157075881958;47.859375;0.008777999877929689;0.0198430001735687;0.0263369989395142;0.0292249989509583;0.030390000343322798
2012-01-13;61.042030334472656;71.40803527832031;21.317720413208008;33.33474349975586;24.37633514404297;44.9019775390625;21.985050201416016;11.145282745361328;14.86079216003418;47.9271125793457;0.00836600005626678;0.019739999771118198;0.026505999565124498;0.0295020008087158;0.030629000663757303
2012-01-20;61.7948112487793;73.93892669677734;21.667774200439453;34.12470626831055;25.353551864624023;46.00303268432617;23.121265411376953;11.175902366638184;15.227699279785156;49.40083694458008;0.00937799990177155;0.021586000919342;0.0285130000114441;0.031470999717712396;0.032606999874115
2012-01-27;61.00108337402344;77.88642120361328;21.460922241210938;34.0726203918457;25.25176239013672;46.975189208984375;22.747718811035156;10.961569786071777;15.152823448181152;48.46351623535156;0.00789900004863739;0.020123000144958502;0.0278099989891052;0.0312739992141724;0.032260999679565396
2012-02-03;62.465797424316406;79.74821472167969;21.66459083557129;34.723697662353516;25.97789764404297;47.12022399902344;23.533729553222656;10.931052207946777;15.482281684875488;47.949710845947266;0.00815500020980835;0.0204570007324219;0.0282750010490417;0.0318560004234314;0.0329990005493164
2012-02-10;61.68938064575195;78.21540069580078;21.620044708251953;35.982421875;25.523218154907227;46.803321838378906;23.73607635498047;10.853711128234863;15.449833869934082;47.576290130615234;0.00845000028610229;0.0203959989547729;0.0280819988250732;0.031609001159668;0.0324950003623962
2012-02-17;62.018592834472656;79.75523376464844;21.9732666015625;36.24285888671875;26.10683822631836;47.34636688232422;24.479854583740234;10.92590045928955;15.594595909118652;48.60955047607422;0.00915300011634827;0.0210590004920959;0.0286100006103516;0.0321160006523132;0.0332179999351501
2012-02-24;62.60297775268555;81.19001770019531;21.957353591918945;35.86089324951172;25.97789764404297;47.692447662353516;24.660022735595703;10.920744895935059;14.673599243164062;49.58606719970703;0.00923099994659424;0.0206270003318787;0.0279819989204407;0.0314680004119873;0.0325440001487732
2012-03-02;61.648193359375;78.73332214355469;22.014633178710938;36.77238845825195;27.572681427001953;47.324745178222656;25.13003921508789;11.039335250854492;14.72851276397705;49.01266098022461;0.00884899973869324;0.0207599997520447;0.0283049988746643;0.0317280006408691;0.0325959992408752
2012-03-09;60.323081970214844;77.1445541381836;22.119646072387695;36.66822052001953;27.844125747680664;46.9354133605957;25.05953598022461;11.075431823730469;15.095949172973633;47.86016082763672;0.00948300004005432;0.0213109993934631;0.028931000232696503;0.0324650001525879;0.0332969999313354
2012-03-16;61.89514923095703;79.49624633789062;22.490001678466797;37.49290084838867;30.246469497680664;48.42783737182617;25.537378311157227;11.312610626220703;15.286904335021973;49.07509231567383;0.0116949999332428;0.024309999942779503;0.0315199995040894;0.0346580004692078;0.0357940006256104
2012-03-23;60.88276290893555;75.47174072265625;22.916336059570312;37.89222717285156;30.646854400634766;47.83302688598633;25.07520294189453;11.250738143920898;15.264298439025879;48.569828033447266;0.0114160001277924;0.0236759996414185;0.0306110000610352;0.0336179995536804;0.0347679996490479
2012-03-30;61.211971282958984;74.55482482910156;23.72412872314453;38.00507736206055;31.203330993652344;48.23855972290039;25.27103614807129;11.67870044708252;15.377364158630371;49.23975372314453;0.0108539998531342;0.0234590005874634;0.0308599996566772;0.0340849995613098;0.0350950002670288
2012-04-05;60.570003509521484;74.09992218017578;23.551029205322266;37.39741897583008;30.2873477935791;47.18954849243164;24.691349029541016;11.518857955932617;15.244193077087402;48.1553955078125;0.0105359995365143;0.022959001064300502;0.030532999038696298;0.0338910007476807;0.0347289991378784
2012-04-13;60.018531799316406;74.11390686035156;23.060585021972656;36.32965850830078;29.51548194885254;46.335208892822266;24.13517189025879;11.266206741333008;15.018051147460938;47.09370803833008;0.00903999984264374;0.0209689998626709;0.028440999984741203;0.0318409991264343;0.0328909993171692
2012-04-20;60.53709030151367;75.72068786621094;23.762590408325195;36.76370620727539;29.180782318115234;47.3031005859375;25.39637565612793;11.632290840148926;15.691438674926758;48.427879333496094;0.00898400008678436;0.020725998878479;0.028138000965118398;0.031582999229431204;0.0327959990501404
2012-04-27;63.59892272949219;73.49258422851562;24.563976287841797;37.63179397583008;29.604284286499023;48.3196907043457;25.05169677734375;11.900413513183594;14.832118034362793;48.870723724365234;0.00864099979400635;0.0203679990768433;0.027859001159668;0.0314170002937317;0.0328710007667542
2012-05-04;62.42190933227539;69.19100189208984;24.682579040527344;37.26720428466797;28.5181941986084;47.94657516479492;24.268342971801758;11.539480209350586;14.749200820922852;48.0134391784668;0.008264999985694889;0.0197290003299713;0.027197000980377202;0.0308159995079041;0.0324130010604858
2012-05-11;60.90068817138672;67.12454223632812;24.833242416381836;39.550289154052734;25.24629783630371;46.897560119628906;24.409347534179688;11.794432640075684;15.031427383422852;47.50387954711914;0.007980999946594241;0.0190209996700287;0.0263350009918213;0.029988999366760298;0.0318910002708435
2012-05-18;57.2496223449707;62.330928802490234;23.73695945739746;38.031124114990234;22.876041412353516;45.469154357910156;23.07925796508789;11.752776145935059;15.792861938476562;46.57210159301758;0.00791000008583069;0.0174979996681213;0.0241939997673035;0.0277250003814697;0.0294720005989075
2012-05-25;57.953338623046875;63.21656036376953;24.115201950073242;38.63010787963867;22.88286590576172;46.1606330871582;22.91367530822754;11.52365779876709;16.52141571044922;46.92080307006836;0.0080460000038147;0.0178369998931885;0.024595999717712397;0.0281529998779297;0.0300250005722046
2012-06-01;55.66832733154297;60.109832763671875;23.429216384887695;38.54330062866211;21.810449600219727;45.109798431396484;22.432687759399414;11.268497467041016;16.582122802734375;44.54275894165039;0.00651400029659271;0.01478600025177;0.0211540007591248;0.024800999164581297;0.026531000137329102
2012-06-08;57.90367126464844;61.57183074951172;24.118412017822266;40.140594482421875;23.005817413330078;46.82491683959961;23.378887176513672;11.528863906860352;17.257553100585938;46.21196365356445;0.007552000284194949;0.0169000005722046;0.0235409998893738;0.0271760010719299;0.0293740010261536
2012-06-15;59.600887298583984;61.10088348388672;24.557422637939453;40.87846755981445;23.92795753479004;47.60893630981445;23.670631408691406;11.773602485656738;17.13866424560547;47.57249069213867;0.00733900010585785;0.0163469994068146;0.0229310011863708;0.026582999229431203;0.0285400009155273
2012-06-22;59.57603454589844;59.71623229980469;24.186269760131836;41.208343505859375;24.583709716796875;47.27680587768555;24.20681381225586;11.83609390258789;17.024824142456055;46.937984466552734;0.00808300018310547;0.0173259997367859;0.0238199996948242;0.0272749996185303;0.0288529992103577
2012-06-29;61.51333999633789;59.68108367919922;25.23518180847168;42.10247802734375;24.406112670898438;48.78499221801758;24.120073318481445;11.976690292358398;17.63700294494629;48.91585922241211;0.00770399987697601;0.0170729994773865;0.0239409995079041;0.0275880002975464;0.0287400007247925
2012-07-06;61.00831985473633;59.47021484375;25.222278594970703;41.70315933227539;23.34916877746582;48.452884674072266;23.804677963256836;11.737154960632324;18.051881790161133;48.475685119628906;0.006958000063896181;0.015974999666214;0.0228539991378784;0.0266050004959106;0.0276300001144409
2012-07-13;60.85927200317383;57.6849250793457;24.94147491455078;41.8333625793457;24.84380531311035;47.69059753417969;23.173873901367188;11.8777494430542;18.512277603149414;48.85868453979492;0.00673600018024445;0.015461000204086299;0.0219810009002686;0.0255250000953674;0.0268269991874695
2012-07-20;61.17390060424805;57.26123046875;24.860801696777344;42.18061065673828;23.34916877746582;48.99736404418945;23.749483108520508;12.341196060180664;18.27702522277832;49.133079528808594;0.006172999739646911;0.0152250003814697;0.021728999614715597;0.0251469993591309;0.0267149996757507
2012-07-27;62.51509094238281;60.94657897949219;25.82257843017578;43.3525276184082;25.408578872680664;49.933876037597656;23.465620040893555;12.408894538879395;18.851259231567383;49.99053955078125;0.00690100014209747;0.016180000305175798;0.022765998840332;0.0261610007286072;0.0273740005493164
2012-08-03;60.27975082397461;60.14019012451172;26.087217330932617;43.20494842529297;24.857568740844727;49.92841339111328;23.457735061645508;12.759991645812988;18.85885238647461;50.0477294921875;0.00700900018215179;0.016535999774932898;0.023073999881744398;0.026352999210357702;0.0275679993629456
2012-08-10;61.43882369995117;62.91306686401367;25.42882537841797;43.10077667236328;25.463687896728516;50.24964141845703;23.986024856567383;12.581305503845215;18.73956871032715;50.88505172729492;0.00739099979400635;0.0171259999275208;0.023801000118255602;0.0271519994735718;0.028429000377654997
2012-08-17;61.55740737915039;63.669952392578125;25.515966415405273;43.80393600463867;25.4705753326416;51.311370849609375;24.525917053222656;12.50247859954834;18.309734344482422;50.86202621459961;0.00845700025558472;0.0189409995079041;0.025706000328064;0.0290170001983643;0.030580999851226802
2012-08-24;59.20873260498047;61.87323760986328;24.831754684448242;43.02265930175781;25.60143280029297;50.86562728881836;24.256046295166016;12.618097305297852;18.34025764465332;50.66062927246094;0.007483999729156489;0.0174199998378754;0.0242140007019043;0.027634000778198203;0.029028000831604
2012-08-31;59.466915130615234;60.35948944091797;24.141094207763672;42.94453430175781;25.580764770507812;50.739620208740234;24.462411880493164;12.539265632629395;18.46488380432129;50.229122161865234;0.00633499979972839;0.0160920000076294;0.0229800009727478;0.026470000743865997;0.027801001071929902
2012-09-07;60.707862854003906;62.318885803222656;24.463830947875977;44.915096282958984;27.068510055541992;50.86014175415039;24.565601348876953;12.73896598815918;18.775175094604492;51.736576080322266;0.00690400004386902;0.0171529996395111;0.024330000877380402;0.0279259991645813;0.0291630005836487
2012-09-14;59.366973876953125;65.90523529052734;24.773088455200195;45.444637298583984;28.63200569152832;51.49577331542969;24.77196502685547;12.507730484008789;18.948122024536133;53.10593032836914;0.00777300000190735;0.0193690001964569;0.027167999744415302;0.0308990001678467;0.0319689989089966
2012-09-21;58.27590560913086;64.87955474853516;24.714599609375;45.78318786621094;28.156757354736328;51.0738410949707;24.756088256835938;12.886119842529297;18.93541145324707;52.88729476928711;0.007257000207901;0.0181379997730255;0.0259240007400513;0.029755001068115197;0.0302959990501404
2012-09-28;57.967735290527344;60.86171340942383;24.649616241455078;45.38386535644531;27.88125991821289;50.6409797668457;23.621074676513672;13.059542655944824;18.770090103149414;52.61687469482422;0.00652199983596802;0.0167599999904633;0.024284000396728497;0.0281329989433289;0.0290739989280701
2012-10-05;59.04214096069336;60.43022537231445;25.072036743164062;45.98285675048828;28.940616607666016;52.032752990722656;23.692508697509766;13.411653518676758;19.108360290527344;53.24977493286133;0.00712000012397766;0.0178859996795654;0.0256820011138916;0.0296230006217957;0.0305719995498657
2012-10-12;59.84171676635742;58.5839958190918;24.844573974609375;43.91679000854492;28.878158569335938;50.82178497314453;23.176591873168945;13.20143985748291;19.281307220458984;52.3752326965332;0.00700999975204468;0.0171350002288818;0.0244289994239807;0.028164000511169397;0.029342000484466602
2012-10-19;61.640689849853516;59.67786407470703;24.30518341064453;45.05399703979492;29.363855361938477;50.9258918762207;22.73210906982422;13.5377836227417;19.23298454284668;53.01964569091797;0.008001999855041499;0.0183889997005463;0.0255949997901917;0.0292129993438721;0.0303629994392395
2012-10-26;59.22538757324219;59.95543670654297;24.071229934692383;43.47407150268555;28.558996200561523;48.23550033569336;22.390806198120117;13.364354133605957;19.1032772064209;52.13932418823242;0.00800100028514862;0.0182420003414154;0.0254010009765625;0.0290350008010864;0.0302250003814697
2012-11-02;58.34252166748047;61.05135726928711;24.09722328186035;43.283084869384766;29.433231353759766;48.75056457519531;23.414705276489258;12.901883125305176;18.508121490478516;51.93796157836914;0.007626000046730041;0.0179009997844696;0.0251290011405945;0.0288289999961853;0.0302360010147095
2012-11-09;61.38274383544922;60.45356750488281;23.583831787109375;40.8524284362793;28.184314727783203;48.66290283203125;22.88292121887207;12.816285133361816;18.3911190032959;50.49150085449219;0.00681900024414062;0.016354000568389898;0.023317000865936303;0.027030999660491897;0.0286420011520386
2012-11-16;59.30453109741211;58.30441665649414;23.759296417236328;41.16493606567383;27.428003311157227;48.49302291870117;21.222387313842773;12.651908874511719;17.302566528320312;50.051483154296875;0.00653299987316132;0.016013000011444102;0.0230100011825562;0.0267770004272461;0.0284190011024475
2012-11-23;61.79331970214844;59.89134979248047;24.649616241455078;42.76222610473633;28.51041030883789;49.796382904052734;22.166675567626953;13.007182121276855;17.854469299316406;51.579959869384766;0.00740400016307831;0.0172850000858307;0.0243199992179871;0.027966001033782998;0.0293050003051758
2012-11-30;62.245880126953125;60.659912109375;24.81220054626465;43.109466552734375;28.50347900390625;50.165931701660156;21.302413940429688;13.267008781433105;18.31736946105957;51.02992630004883;0.00659200012683868;0.0164590001106262;0.023742001056671097;0.0276370000839233;0.029326000213623
2012-12-07;62.54753875732422;61.90529251098633;24.674787521362305;43.401268005371094;29.530393600463867;50.474830627441406;21.174375534057617;13.55334186553955;18.488065719604492;51.2962646484375;0.006646000146865841;0.0165890002250671;0.023924000263214097;0.0277850008010864;0.029154000282287602
2012-12-14;62.027976989746094;63.33567810058594;24.642070770263672;42.89884948730469;29.703845977783203;50.8995361328125;21.454456329345703;13.35184097290039;17.582717895507812;50.995201110839844;0.0073059999942779496;0.0175670003890991;0.0246799993515015;0.0283049988746643;0.0298000001907349
2012-12-21;63.82965850830078;62.91323471069336;24.138242721557617;44.07114791870117;30.52953338623047;51.351829528808594;21.966615676879883;13.298819541931152;17.55714225769043;50.503074645996094;0.007799999713897709;0.018135000467300398;0.025302000045776398;0.0289610004425049;0.030346999168396
2012-12-28;62.589439392089844;62.13308334350586;23.5362606048584;43.32194137573242;30.002201080322266;50.623748779296875;21.24639892578125;13.198073387145996;17.291162490844727;49.26988983154297;0.0074089998006820704;0.017581000328064;0.024786999225616498;0.0285060000419617;0.0298230004310608
2012-12-31;63.15089416503906;64.13712310791016;23.719465255737305;43.88605880737305;30.508699417114258;51.213951110839844;21.374433517456055;13.298819541931152;17.449726104736328;50.10939407348633;0.007538999915122991;0.018136999607086198;0.0255360007286072;0.0292759990692139;0.0305509996414185
2013-01-11;62.98329544067383;68.13094329833984;24.15131950378418;44.58237838745117;32.23430252075195;53.10585021972656;21.470470428466797;14.06238842010498;17.55202293395996;51.88101577758789;0.00812300026416779;0.0194309997558594;0.0268149995803833;0.0303460001945496;0.0315949988365173
2013-01-18;62.88272476196289;69.87018585205078;24.668254852294922;46.1336784362793;32.45785903930664;54.462730407714844;21.80657196044922;14.07298755645752;17.697803497314453;52.569976806640625;0.00804799973964691;0.0191680002212524;0.0265569996833801;0.0301489996910095;0.0314240002632141
2013-01-25;62.87434768676758;68.41007995605469;24.242938995361328;47.93177795410156;32.946895599365234;55.4831428527832;22.310720443725586;14.316905975341797;17.646652221679688;53.10842514038086;0.00890399992465973;0.020357999801635704;0.027757000923156697;0.0312719988822937;0.0324530005455017
2013-02-01;62.74028015136719;71.20862579345703;24.56355094909668;48.116878509521484;33.42894744873047;56.01818084716797;22.35073471069336;14.779020309448242;18.027719497680664;52.12995529174805;0.00902100026607513;0.021068000793457;0.0286010003089905;0.0320689988136292;0.0332769989967346
2013-02-08;64.15647888183594;69.3190689086914;25.36837387084961;48.1785774230957;33.973854064941406;56.62491226196289;22.046634674072266;14.377853393554688;18.280912399291992;51.62978744506836;0.00859600007534027;0.0204900002479553;0.028187999725341802;0.0317950010299683;0.032850000858306895
2013-02-15;63.2782096862793;68.43154907226562;24.485044479370117;49.01593017578125;34.14852523803711;57.29095458984375;22.41475486755371;14.597158432006836;17.723379135131836;51.484130859375;0.00895099997520447;0.020780000686645497;0.0283360004425049;0.031914000511169396;0.0332690000534058
2013-02-22;64.65290832519531;65.51849365234375;25.204801559448242;47.817195892333984;34.16947937011719;57.463016510009766;22.398611068725586;14.645299911499023;18.004703521728516;51.973567962646484;0.00861699998378754;0.0203889989852905;0.0280310010910034;0.0316720008850098;0.0329780006408691
2013-03-01;65.17578125;65.38967895507812;25.322582244873047;48.769134521484375;34.16947937011719;57.590633392333984;22.551923751831055;14.65064811706543;18.347408294677734;52.10757064819336;0.00770099997520447;0.0191680002212524;0.026967999935150103;0.030790998935699497;0.0320749998092651
2013-03-08;68.50711822509766;64.78131103515625;25.662832260131836;50.584861755371094;35.07069778442383;58.66730499267578;22.592260360717773;15.078558921813965;18.79782485961914;51.83955383300781;0.00921199977397919;0.021524000167846703;0.029188001155853297;0.032757999897003204;0.0342230010032654
2013-03-15;72.89266967773438;63.578861236572266;25.5915584564209;50.75233459472656;34.9449577331543;59.05023193359375;22.624540328979492;14.987630844116211;18.661399841308594;52.0726318359375;0.00867299973964691;0.020768001079559298;0.0287409996986389;0.0325609993934631;0.033777999877929704
2013-03-22;71.53480529785156;62.61259460449219;26.3890380859375;50.04719543457031;34.07865524291992;59.06132888793945;22.79397964477539;15.18018627166748;19.119569778442383;52.0260124206543;0.008262000083923339;0.019847999811172502;0.0276760005950928;0.031544001102447504;0.0329180002212524
2013-03-28;72.40351867675781;62.247596740722656;26.652660369873047;50.064823150634766;33.15647506713867;59.00030517578125;23.08444595336914;15.43693733215332;19.261140823364258;52.503807067871094;0.00785000026226044;0.019190000295639;0.027146999835968;0.0312190008163452;0.0327150011062622
2013-04-05;72.67337036132812;60.55128860473633;26.41539764404297;50.85810470581055;33.68013381958008;58.706138610839844;23.157068252563477;15.565309524536133;19.662673950195312;51.86288833618164;0.0070279997587204;0.017508000135421798;0.0250009989738464;0.0288330006599426;0.030041000843048102
2013-04-12;74.96734619140625;60.87337112426758;27.074472427368164;53.370155334472656;34.45341491699219;59.760623931884766;23.229690551757812;16.405088424682617;20.221233367919922;51.85120391845703;0.00717599987983704;0.0177499997615814;0.025309998989105197;0.0292409992218018;0.0306590008735657
2013-04-19;74.18301391601562;57.93647384643555;28.115793228149414;54.260398864746094;33.20211410522461;58.66730499267578;24.020416259765625;16.613691329956055;20.1517333984375;50.95391082763672;0.00730300009250641;0.017576999664306602;0.024914000034332303;0.0287689995765686;0.030272998809814503
2013-04-26;78.3071060180664;60.99787139892578;27.746713638305664;54.53363800048828;34.36203384399414;57.60172653198242;25.65028953552246;16.094844818115234;20.344789505004883;51.27436447143555;0.006945999860763549;0.0172580003738403;0.024614999294281;0.028487999439239502;0.0302060008049011
2013-05-03;79.0577163696289;62.65465545654297;27.83897590637207;57.1161994934082;33.44112777709961;59.84386444091797;27.021961212158203;15.490426063537598;20.398841857910156;52.451351165771484;0.00740700006484985;0.0182019996643066;0.0257340002059937;0.0296040010452271;0.0311579990386963
2013-05-10;79.88814544677734;63.83603286743164;27.779672622680664;59.23161697387695;34.41828155517578;61.31454849243164;26.376462936401367;15.4901123046875;20.427967071533203;52.88459777832031;0.00828299999237061;0.019487999677658102;0.027025001049041698;0.030833001136779798;0.0324449992179871
2013-05-17;83.85542297363281;63.151668548583984;28.32010269165039;58.68513488769531;36.76625442504883;61.819602966308594;28.33271598815918;15.61955738067627;20.16384506225586;53.835052490234375;0.00854300022125244;0.020125999450683597;0.0278449988365173;0.031688001155853296;0.033250000476837197
2013-05-24;84.7709732055664;62.10000991821289;27.83897590637207;57.72438049316406;37.72233200073242;61.546913146972656;27.84520721435547;15.66270637512207;20.018842697143555;53.700096130371094;0.00915499985218048;0.0208270001411438;0.028189001083374;0.031735000610351595;0.033310999870300305
2013-05-31;83.94020080566406;61.8046989440918;26.356077194213867;55.60017013549805;38.3760871887207;61.546913146972656;28.357107162475586;14.686483383178711;19.379253387451172;53.07821273803711;0.0105289995670319;0.0224580001831055;0.0296300005912781;0.033034999370575;0.0347420001029968
2013-06-07;86.88175201416016;60.97629165649414;27.291954040527344;57.16027069091797;38.15114974975586;62.015769958496094;28.982751846313477;15.242009162902832;19.76507568359375;53.65318298339844;0.0109309995174408;0.022787001132965102;0.029813001155853298;0.033285000324249296;0.035132999420166
2013-06-14;86.32225799560547;60.414424896240234;26.770519256591797;56.23478698730469;37.349735260009766;61.97113800048828;27.95083999633789;15.689672470092773;19.387025833129883;53.14275360107422;0.010421999692916899;0.022386000156402602;0.029535999298095698;0.0329719996452332;0.034886999130249
2013-06-21;84.75401306152344;59.874183654785156;26.385616302490234;55.29166030883789;36.5272331237793;61.167415618896484;27.032684326171875;15.349883079528809;19.03486442565918;52.49738311767578;0.0142410004138947;0.0263369989395142;0.0328889989852905;0.0360840010643005;0.0369829988479614
2013-06-28;86.83937072753906;59.42036056518555;26.617887496948242;55.66185760498047;37.1107063293457;61.03345489501953;28.064590454101562;15.107176780700684;19.288616180419922;53.007808685302734;0.0141260004043579;0.0263899993896484;0.0326259994506836;0.0355390000343323;0.0363709998130798
2013-07-05;88.33135223388672;59.16823196411133;26.889963150024414;56.25240707397461;38.231075286865234;62.255767822265625;27.796466827392578;15.085601806640625;19.475067138671875;53.723575592041016;0.0161029994487762;0.0287639999389648;0.034614999294281;0.0372230005264282;0.038099000453949004
2013-07-12;86.35616302490234;62.7915153503418;27.22841453552246;59.037715911865234;38.9250373840332;64.26512145996094;28.982751846313477;15.538657188415527;20.10170555114746;54.79723358154297;0.014378000497818;0.027344000339508102;0.033831000328064;0.036800000667572;0.0377419996261597
2013-07-19;90.67100524902344;62.126712799072266;27.26823616027832;57.433528900146484;39.767677307128906;64.85118103027344;25.51326560974121;15.689672470092773;20.218231201171875;55.8356819152832;0.0132630002498627;0.0263260006904602;0.0328839993476868;0.0358850002288818;0.0372609996795654
2013-07-26;89.51811981201172;59.52265167236328;26.969602584838867;57.27486801147461;39.68979263305664;65.2530517578125;25.69202995300293;15.840689659118652;20.197507858276367;55.612735748291016;0.0137119996547699;0.0271569991111755;0.0335199999809265;0.0363059997558594;0.0378329992294312
2013-08-02;91.46784973144531;61.147483825683594;26.69087791442871;58.623435974121094;40.001365661621094;66.00654602050781;25.911399841308594;15.969870567321777;20.391721725463867;53.946529388427734;0.0138039994239807;0.0278130006790161;0.0344099998474121;0.0372230005264282;0.0387050008773804
2013-08-09;89.69567108154297;61.2998046875;26.65106964111328;57.05451202392578;38.60637283325195;66.0344467163086;26.569551467895508;15.882865905761719;20.033594131469727;53.592769622802734;0.013709000349044799;0.027346999645233197;0.0339100003242493;0.0367910003662109;0.0384489989280701
2013-08-16;88.11175537109375;61.77127456665039;25.91444206237793;54.79806900024414;37.735389709472656;64.68931579589844;26.02034568786621;15.426119804382324;19.306753158569336;51.93276596069336;0.0160669994354248;0.0301230001449585;0.036414999961853003;0.0392090010643005;0.0408850002288818
2013-08-23;89.82339477539062;60.850074768066406;25.562725067138672;54.41023254394531;37.04852294921875;64.20532989501953;28.43419075012207;15.409811019897461;19.132213592529297;51.702369689941406;0.0166960000991821;0.0298589992523193;0.0356730008125305;0.0383660006523132;0.040163002014160204
2013-08-30;88.49495697021484;59.87086868286133;25.337093353271484;53.61695861816406;35.78101348876953;63.74509811401367;27.329545974731445;15.339123725891113;19.012372970581055;51.48970031738281;0.0164279997348785;0.0293400001525879;0.0348920011520386;0.0373469996452332;0.038856999874115
2013-09-06;90.32582092285156;60.487422943115234;25.449913024902344;54.11054992675781;37.218475341796875;64.56450653076172;25.488483428955078;15.37718391418457;18.91077423095703;51.54286193847656;0.017940000295639;0.0308719992637634;0.0366459989547729;0.039258999824523896;0.0404290008544922
2013-09-13;94.80508422851562;63.113189697265625;25.86227035522461;58.7821044921875;37.239715576171875;66.56249237060547;27.026790618896484;15.502251625061035;19.371877670288086;52.22222137451172;0.0173749995231628;0.030376999378204303;0.0362649989128113;0.0389800000190735;0.04032400131225591
2013-09-20;99.31837463378906;61.47386932373047;26.336875915527344;57.301300048828125;37.3884162902832;67.35383605957031;26.830419540405273;15.752373695373535;19.754840850830078;52.37584686279297;0.015243999958038299;0.028987998962402298;0.0352679991722107;0.0380839991569519;0.039969999790191696
2013-09-27;101.11519622802734;60.78480911254883;25.668420791625977;57.4599609375;36.991886138916016;67.47171783447266;27.223176956176758;15.703435897827148;19.371877670288086;51.33610153198242;0.0142139995098114;0.0277769994735718;0.0341790008544922;0.0370919990539551;0.0393249988555908
2013-10-04;99.80375671386719;61.07493209838867;24.86628532409668;57.55692672729492;37.57112121582031;67.01148986816406;27.72230339050293;15.768683433532715;18.965476989746094;50.99346923828125;0.0143799996376038;0.0280699992179871;0.034521999359130896;0.0375119996070862;0.0398420000076294
2013-10-11;100.468017578125;62.09769058227539;25.247295379638672;58.3590087890625;37.457000732421875;67.75232696533203;27.926864624023438;15.616434097290039;19.49172019958496;51.36563491821289;0.014557000398635899;0.0284380006790161;0.0347420001029968;0.037558000087738;0.0398769998550415
2013-10-18;104.33411407470703;63.79627227783203;25.92243003845215;59.18754577636719;38.733856201171875;68.94212341308594;28.606016159057617;16.58974266052246;19.723583221435547;51.72008514404297;0.013732000589370701;0.0274239993095398;0.0338289999961853;0.0366659998893738;0.038921000957489
2013-10-25;111.71721649169922;61.919029235839844;26.089542388916016;61.04737091064453;37.64247131347656;69.82890319824219;29.23607063293457;16.644115447998047;19.819971084594727;51.96821212768555;0.0131970000267029;0.0265809988975525;0.0331380009651184;0.0361479997634888;0.0384130001068115
2013-11-01;113.28409576416016;61.05712127685547;26.477235794067383;60.8270149230957;37.457000732421875;70.65951538085938;29.072425842285156;16.948619842529297;20.07788848876953;53.06108093261719;0.013996000289917002;0.0279069995880127;0.0342249989509583;0.037063000202179;0.0394519996643066
2013-11-08;114.090087890625;61.531883239746094;26.7713623046875;60.44799041748047;38.49131774902344;71.83250427246094;30.913490295410156;17.162023544311523;20.309741973876953;55.15291213989258;0.0145099997520447;0.029258999824523898;0.0358619999885559;0.0387140011787415;0.0410050010681152
2013-11-15;116.3037109375;61.166690826416016;26.884992599487305;61.69960021972656;39.140464782714844;72.87641143798828;30.962562561035156;17.64422607421875;20.637983322143555;56.66360855102539;0.013899999856948899;0.0286849999427795;0.0354040002822876;0.0383030009269714;0.0406010007858276
2013-11-22;116.20967102050781;60.53850555419922;27.025373458862305;61.875892639160156;40.98798751831055;73.89385986328125;30.974794387817383;17.600391387939453;20.791690826416016;56.50897979736328;0.014002000093460101;0.029184000492095897;0.0359730005264282;0.0387840008735657;0.0408640003204346
2013-11-29;114.73963165283203;61.79485321044922;27.053144454956055;62.17559051513672;40.81678009033203;75.29818725585938;31.436471939086914;17.38668441772461;21.10430908203125;55.59896469116211;0.013997999429702802;0.0292549991607666;0.0359590005874634;0.0386279988288879;0.0404710006713867
2013-12-06;115.53446960449219;62.452239990234375;27.234872817993164;62.98649215698242;39.98932647705078;72.5346450805664;31.62612533569336;17.282575607299805;20.94678497314453;56.88963317871094;0.0152690005302429;0.0305719995498657;0.036930000782012896;0.0394679999351501;0.0413770008087158
2013-12-13;114.38068389892578;62.85398483276367;26.406930923461914;62.12226104736328;40.06779098510742;71.30514526367188;30.249271392822266;16.575714111328125;20.45941162109375;56.68740463256836;0.0156959998607635;0.030460000038147;0.0365129995346069;0.0390429997444153;0.041136999130249
2013-12-20;116.80793762207031;64.95762634277344;26.95216941833496;64.60285949707031;41.15918731689453;77.10859680175781;30.33995819091797;16.575714111328125;20.289087295532227;58.69178771972656;0.0166439998149872;0.0305509996414185;0.035924999713897704;0.0382979989051819;0.0404769992828369
2013-12-27;117.0044937133789;66.37469482421875;27.369504928588867;66.34286499023438;41.47306442260742;78.5918960571289;30.743947982788086;16.789411544799805;20.561603546142578;60.37495040893555;0.017525000572204602;0.0318160009384155;0.0373569989204407;0.0396900010108948;0.0415670013427734
2013-12-31;116.65411376953125;66.33085632324219;27.807044982910156;68.17207336425781;41.715579986572266;79.09947967529297;30.842884063720703;16.783931732177734;20.61924171447754;60.19058609008789;0.0176269996166229;0.0320970010757446;0.037606000900268596;0.039935998916626;0.0419159984588623
2014-01-10;121.27782440185547;66.11174011230469;27.01275634765625;67.27083587646484;41.995601654052734;76.80403900146484;29.71337890625;16.816814422607422;20.448930740356445;59.78615951538086;0.0165439999103546;0.0302150011062622;0.0358010005950928;0.0381979990005493;0.0400419998168945
2014-01-17;120.04715728759766;67.22750854492188;26.440597534179688;66.01271057128906;41.72275924682617;77.44136810302734;29.99369239807129;17.035995483398438;19.964168548583984;58.97726821899414;0.0166439998149872;0.0297889995574951;0.0352810001373291;0.0377029991149902;0.039418001174926796
2014-01-24;116.79085540771484;63.35298538208008;26.14441680908203;64.8884048461914;39.55440902709961;73.44265747070312;30.348217010498047;16.488037109375;19.5003719329834;56.41379928588867;0.01605299949646;0.028914000988006602;0.034147000312805195;0.036489999294281004;0.0384689998626709
2014-01-31;107.05614471435547;69.04349517822266;25.45781707763672;64.79024505615234;39.74827575683594;72.2977523803711;31.19738006591797;16.657901763916016;19.568504333496094;54.81388854980469;0.015297000408172601;0.0282189989089966;0.0337319993972778;0.0362229990959167;0.038050000667572
2014-02-07;108.56035614013672;69.74930572509766;25.545331954956055;67.52069854736328;40.652957916259766;73.50469207763672;30.142091751098633;17.2498779296875;19.324806213378906;54.255733489990234;0.015110000371932998;0.028533999919891403;0.034330999851226805;0.0369350004196167;0.0388520002365112
2014-02-14;111.87145233154297;70.98446655273438;26.204992294311523;70.69731140136719;41.751495361328125;75.00382995605469;31.016010284423828;17.64769744873047;19.85935401916504;56.370113372802734;0.015629999637603798;0.0288490009307861;0.0345250010490417;0.0371029996871948;0.0390019989013672
2014-02-21;110.25560760498047;71.68291473388672;25.02701187133789;71.5003890991211;41.36376953125;74.69161987304688;31.547626495361328;17.382492065429688;19.15973472595215;56.92119598388672;0.0157829999923706;0.028831000328064002;0.0343939995765686;0.0370029997825623;0.039140999317169196
2014-02-28;110.80570983886719;71.29322814941406;25.71360969543457;72.10714721679688;40.796539306640625;76.48553466796875;31.82172393798828;17.741626739501953;19.573741912841797;57.6639289855957;0.015398000478744501;0.0279699993133545;0.0333430004119873;0.0359159994125366;0.0380399990081787
2014-03-07;110.47908020019531;71.3520736694336;25.949214935302734;73.35637664794922;42.64898681640625;76.13357543945312;31.48116683959961;17.918439865112305;19.668376922607422;56.89723587036133;0.016735999584198;0.029354000091552698;0.0347350001335144;0.0373110008239746;0.039284999370575
2014-03-14;105.81205749511719;70.13160705566406;25.8969783782959;71.44684600830078;40.782188415527344;73.7038345336914;31.31504249572754;17.255407333374023;19.589263916015625;55.98676300048828;0.0157140004634857;0.0278229999542236;0.0330999994277954;0.0357529997825623;0.0380620002746582
2014-03-21;105.35653686523438;71.60201263427734;26.080171585083008;71.69669342041016;43.20182800292969;75.57154846191406;33.3584098815918;17.78030014038086;20.069232940673828;56.48992156982422;0.0175870001316071;0.02875;0.033394000530242905;0.035815000534057596;0.038264999389648405
2014-03-28;106.97236633300781;73.07244873046875;26.426189422607422;70.48314666748047;43.108497619628906;76.18467712402344;33.47471237182617;17.614547729492188;20.045495986938477;58.52046203613281;0.0177989995479584;0.0284660005569458;0.0328539991378784;0.035171000957489;0.0375370001792908
2014-04-04;109.48207092285156;75.11631774902344;25.93090057373047;71.76807403564453;43.21403121948242;77.12701416015625;33.11753463745117;17.769254684448242;20.388343811035156;58.31681442260742;0.0175590002536774;0.028724000453949003;0.033308000564575196;0.0356669998168945;0.0380380010604858
2014-04-11;104.91818237304688;74.58700561523438;26.209095001220703;68.71639251708984;39.955448150634766;75.15711975097656;32.569305419921875;16.498441696166992;20.174724578857422;57.93347930908203;0.0161960005760193;0.027537999153137198;0.032263998985290504;0.0346090006828308;0.0365989995002747
2014-04-17;109.94620513916016;76.04672241210938;27.62706756591797;71.37545776367188;39.89765930175781;78.18862915039062;33.23381042480469;16.713930130004883;20.48064422607422;60.149688720703125;0.0178460001945496;0.028541998863220203;0.0327180004119873;0.0348539996147156;0.0370050001144409
2014-04-25;110.58222961425781;77.4222640991211;27.823829650878906;69.80500030517578;40.24445724487305;77.52442169189453;33.150753021240234;16.99019432067871;20.733810424804688;60.143699645996094;0.0176129996776581;0.027987000942230198;0.0320050001144409;0.0340799999237061;0.0362019991874695
2014-05-02;111.68238067626953;77.6589126586914;27.783123016357422;71.66098022460938;40.15776824951172;79.54539489746094;32.968017578125;16.99019432067871;20.865673065185547;61.102081298828125;0.0170480000972748;0.027111999988555898;0.031157000064849897;0.033259000778198204;0.0353859996795654
2014-05-09;113.31166076660156;77.69586944580078;27.72884178161621;73.1243667602539;39.023406982421875;80.23799133300781;32.84341812133789;16.182815551757812;21.016082763671875;61.480716705322266;0.0166499996185303;0.027195999622345;0.0317120003700256;0.0341300010681152;0.0366020011901855
2014-05-16;113.06098937988281;78.41326141357422;27.742403030395508;71.73238372802734;38.51763916015625;80.11876678466797;33.31770706176758;16.232988357543945;20.434955596923828;60.75103759765625;0.0158739995956421;0.0261339998245239;0.030522999763488802;0.0328719997406006;0.035278000831604
2014-05-23;114.44390106201172;76.93415069580078;27.532089233398438;74.34681701660156;39.39912414550781;80.61595153808594;33.560279846191406;16.43924331665039;20.063461303710938;61.1008186340332;0.015780999660491898;0.0264389991760254;0.0310209989547729;0.0334710001945496;0.035987000465393104
2014-05-30;116.89852142333984;75.6030044555664;27.75597381591797;74.96253204345703;40.150543212890625;81.42134857177734;34.2462158203125;16.517284393310547;20.37127685546875;60.624412536621094;0.0156589996814728;0.025829999446868902;0.0302539992332458;0.0326830005645752;0.0352300000190735
2014-06-06;119.49150848388672;80.00324249267578;27.810260772705078;75.4979019165039;41.16206741333008;82.61510467529297;34.697933197021484;16.400218963623047;20.48802947998047;61.2696647644043;0.0167980003356934;0.0271740007400513;0.031470999717712396;0.0338199996948242;0.036331000328064
2014-06-13;114.34017181396484;78.96051025390625;27.595590591430664;73.8828353881836;41.212646484375;81.88400268554688;34.48880386352539;16.46154022216797;19.975893020629883;61.90287780761719;0.017175999879837;0.027095000743865998;0.0312779998779297;0.0335439991950989;0.0358960008621216
2014-06-20;114.17594909667969;80.89069366455078;28.497909545898438;73.90067291259766;41.581119537353516;82.91211700439453;34.86521530151367;16.600902557373047;20.082042694091797;62.614463806152344;0.0173430001735687;0.027355999946594198;0.031649000644683796;0.0339549994468689;0.036319999694824204
2014-06-27;111.09899139404297;80.44697570800781;28.839685440063477;76.11360931396484;41.56668472290039;82.07247924804688;35.3420295715332;16.539588928222656;19.991819381713867;61.034488677978516;0.016574000120163;0.0264610004425049;0.030799000263214096;0.0331480002403259;0.0355579996109009
2014-07-03;111.07305908203125;82.14791107177734;28.86702537536621;77.48774719238281;41.50801467895508;83.054931640625;34.96560287475586;17.01898956298828;20.100610733032227;61.86667251586914;0.0176670002937317;0.0275959992408752;0.0319440007209778;0.0342720007896423;0.0366409993171692
2014-07-11;110.7100601196289;81.31962585449219;28.689306259155273;77.53236389160156;40.59856033325195;82.42662048339844;35.208187103271484;16.7625675201416;20.384540557861328;61.35408401489258;0.0167830002307892;0.0262400007247925;0.030525999069213897;0.0328940010070801;0.0353410005569458
2014-07-18;110.32110595703125;81.9901123046875;29.003738403320312;76.56867980957031;42.366554260253906;82.72362518310547;37.38309097290039;17.130477905273438;20.456192016601562;61.95111846923828;0.0171619999408722;0.0259450006484985;0.0300189995765686;0.0323429989814758;0.0347930002212524
2014-07-25;106.48355865478516;78.03089141845703;28.026243209838867;76.94343566894531;42.934059143066406;82.88927459716797;37.224159240722656;16.829458236694336;20.158987045288086;62.22248840332031;0.017256000041961702;0.0257069993019104;0.029602999687194802;0.031810998916626;0.0341260004043579
2014-08-01;104.04620361328125;74.80847930908203;26.85735321044922;76.18497467041016;41.09329605102539;80.02764892578125;35.85228729248047;16.2299861907959;19.514183044433594;59.58113098144531;0.0172300004959106;0.0261439990997314;0.030106999874114998;0.0323370003700256;0.0346779990196228
2014-08-08;104.8936996459961;76.86251068115234;26.96670913696289;77.49667358398438;40.9914436340332;80.45032501220703;36.13670349121094;15.93755054473877;19.944561004638672;60.14797592163086;0.0167289996147156;0.0253559994697571;0.0293670010566711;0.031723001003265396;0.0342770004272461
2014-08-15;107.09363555908203;78.6932601928711;27.94422149658203;79.66494750976562;41.28973388671875;81.06153106689453;37.46672439575195;16.10626220703125;19.7388973236084;60.13584518432617;0.0159990000724792;0.0243799996376038;0.028327999114990197;0.0306539988517761;0.0331750011444092
2014-08-22;110.83271026611328;79.86165618896484;28.1082763671875;80.7446517944336;42.555721282958984;82.81464385986328;38.003761291503906;16.263729095458984;20.22768783569336;59.81400680541992;0.0171710002422333;0.0249900007247925;0.0286120009422302;0.0308270001411438;0.0333360004425049
2014-08-29;110.25881958007812;81.1714859008789;28.518413543701172;80.20033264160156;43.25418472290039;82.73998260498047;38.239437103271484;16.528039932250977;20.166255950927734;60.39694595336914;0.0167200005054474;0.024433000087738;0.027992000579834003;0.0301379990577698;0.0325270009040833
2014-09-05;108.42405700683594;80.77704620361328;28.60043716430664;81.14619445800781;43.58887481689453;82.85489654541016;38.643470764160156;16.674257278442383;20.70313835144043;60.275516510009766;0.017398999929428102;0.0256389999389648;0.0294600009918213;0.0316950011253357;0.0341009998321533
2014-09-12;110.38924407958984;78.15741729736328;28.54715347290039;80.01295471191406;43.676185607910156;82.70549774169922;39.308441162109375;16.550535202026367;20.23837661743164;58.162288665771484;0.0187479996681213;0.027200999259948698;0.030892000198364297;0.0329570007324219;0.0351189994812012
2014-09-19;112.47615814208984;76.2894287109375;28.95339012145996;80.7446517944336;44.461944580078125;84.28559875488281;39.9986572265625;17.096033096313477;20.52417755126953;58.976016998291016;0.0188709998130798;0.0268969988822937;0.0303430008888245;0.0323200011253357;0.0344530010223389
2014-09-26;111.90226745605469;74.70426940917969;29.056682586669922;79.18312072753906;44.06180953979492;81.83212280273438;39.06432342529297;16.713623046875;20.430694580078125;57.94974899291992;0.0185720002651215;0.0263930010795593;0.029753000736236598;0.0316240000724792;0.0335800004005432
2014-10-03;109.87620544433594;72.47906494140625;29.607528686523438;78.92434692382812;44.16822052001953;80.5393295288086;38.79497528076172;16.43243980407715;20.652389526367188;57.032840728759766;0.0178980004787445;0.0253920006752014;0.028724000453949003;0.0306439995765686;0.0326990008354187
2014-10-10;105.65020751953125;69.30870819091797;30.61968421936035;76.97911071777344;42.86442947387695;76.89645385742188;37.06102752685547;16.38182830810547;20.911481857299805;55.62398910522461;0.0161319994926453;0.0240409994125366;0.0275760006904602;0.0296230006217957;0.0318309998512268
2014-10-17;107.16319274902344;71.27645874023438;29.52489471435547;74.80191040039062;41.165069580078125;78.9477310180664;36.72433853149414;15.650745391845703;19.792314529418945;55.387168884277344;0.0149950003623962;0.0231500005722046;0.0268959999084473;0.029094998836517297;0.0314989995956421
2014-10-24;106.29367065429688;74.56846618652344;28.251079559326172;79.0671157836914;43.02555847167969;85.37730407714844;38.82864761352539;16.370569229125977;20.40130615234375;57.37895965576172;0.0156389999389648;0.023905999660491898;0.0275289988517761;0.0297160005569458;0.0322690010070801
2014-10-31;108.61534881591797;76.04572296142578;28.83634376525879;81.53881072998047;44.3000602722168;88.35364532470703;39.51885223388672;16.84296417236328;20.37192726135254;58.72703170776367;0.0167279994487762;0.024581999778747598;0.0279850006103516;0.0300149989128113;0.0323270010948181
2014-11-07;108.84679412841797;76.30819702148438;29.139301300048828;80.30742645263672;45.02520751953125;89.95096588134766;40.975040435791016;16.971824645996094;21.03968620300293;59.077632904052734;0.0164610004425049;0.024128999710082998;0.0276220011711121;0.0296799993515015;0.0319250011444092
2014-11-14;112.70386505126953;75.99325561523438;29.421611785888672;81.0212631225586;44.153564453125;91.27251434326172;41.73259353637695;17.21007537841797;22.158845901489258;58.160194396972656;0.0165910005569458;0.0242630004882812;0.027685000896453902;0.0297289991378784;0.0320239996910095
2014-11-21;116.13240051269531;79.82511138916016;30.64034080505371;79.37943267822266;44.27808380126953;92.51915740966797;40.64056396484375;17.2724666595459;22.610244750976562;59.212215423583984;0.016654000282287598;0.0241939997673035;0.0274230003356934;0.0294269990921021;0.0318729996681213
2014-11-28;117.51431274414062;75.43831634521484;31.08091926574707;82.54712677001953;44.0656852722168;92.47872161865234;40.49656295776367;17.669527053833008;23.382184982299805;55.377262115478516;0.0154159998893738;0.0227169990539551;0.0260969996452332;0.028169000148773198;0.0305250000953674
2014-12-05;115.63386535644531;74.07353973388672;30.17961883544922;83.66249084472656;45.92613983154297;93.73807525634766;41.013248443603516;18.14601707458496;22.594202041625977;57.38341522216797;0.0173179996013641;0.023896000385284402;0.0268969988822937;0.028798999786377;0.03105299949646
2014-12-12;105.62818908691406;67.86450958251953;28.363162994384766;82.67456817626953;43.9777717590332;90.7630615234375;39.768104553222656;17.55608558654785;22.510948181152344;52.96742630004883;0.0156980001926422;0.0216499996185303;0.024316000938415502;0.026282000541686997;0.029223999977111798
2014-12-19;110.40361785888672;68.77183532714844;29.084196090698242;83.93965911865234;45.362152099609375;95.59236907958984;40.369510650634766;18.117647171020508;22.873546600341797;57.273311614990234;0.0170000004768372;0.022441999912262;0.0246779990196228;0.026414999961853;0.0293179988861084
2014-12-26;115.1265869140625;70.66157531738281;29.78443145751953;85.87348175048828;45.8162956237793;96.0429458618164;40.55585479736328;17.953153610229492;23.343584060668945;57.010311126708984;0.0179289996623993;0.023206000328064;0.0253229999542236;0.026935999393463098;0.0295919990539551
2014-12-31;113.6834487915039;68.63684844970703;29.271394729614258;85.11441040039062;45.838260650634766;94.9222412109375;39.3445930480957;17.669527053833008;23.066930770874023;56.54548263549805;0.0169120001792908;0.0224320006370544;0.0246269989013672;0.026268000602722198;0.028993999958038297
2015-01-02;113.65721130371094;68.8993148803711;29.215927124023438;84.716796875;46.06679916381836;94.7720718383789;39.60718536376953;17.771631240844727;23.072315216064453;56.77790451049805;0.0165190005302429;0.021830000877380403;0.0239759993553162;0.0256130003929138;0.028373000621795697
2015-01-09;115.0478515625;65.72732543945312;29.832971572875977;85.16863250732422;43.744651794433594;93.36260223388672;39.971405029296875;18.52039337158203;23.998958587646484;56.331398010253906;0.0148959994316101;0.0204099988937378;0.0229739999771118;0.024611001014709498;0.0265659999847412
2015-01-16;114.38314056396484;63.40090560913086;29.486324310302734;86.00902557373047;41.230838775634766;93.58208465576172;39.16672897338867;18.60548210144043;23.305984497070312;55.73202896118164;0.013322000503539998;0.0190359997749329;0.0217799997329712;0.0234910011291504;0.0254469990730286
2015-01-23;117.74169158935547;64.72396850585938;30.0270938873291;85.59334564208984;41.783729553222656;94.74893951416016;39.96293258666992;18.406946182250977;23.77334213256836;55.59132385253906;0.013668999671936;0.0188590002059937;0.0213549995422363;0.0229719996452332;0.024899001121521002
2015-01-30;127.14390563964844;60.45990753173828;28.543418884277344;82.19563293457031;40.08821487426758;93.7553939819336;34.22005081176758;17.726253509521484;22.825204849243164;53.468963623046875;0.012218999862670901;0.017742999792099;0.0204320001602173;0.0219479990005493;0.0235179996490479
2015-02-06;129.44415283203125;62.90948486328125;28.737546920776367;92.1899642944336;42.67572784423828;95.93316650390625;35.922576904296875;18.98133659362793;23.456403732299805;56.385704040527344;0.015211000442504901;0.0202419996261597;0.0227360010147095;0.024381000995636;0.0263560009002686
2015-02-13;131.76719665527344;64.36103820800781;29.111928939819336;94.13280487060547;43.9879150390625;96.45431518554688;37.159263610839844;19.822540283203125;23.048133850097656;57.538047790527344;0.015654000043869;0.0212159991264343;0.023945000171661398;0.025641999244689902;0.0275530004501343
2015-02-20;139.31788635253906;63.83939743041992;29.098066329956055;94.47618865966797;44.08375930786133;97.72145080566406;37.4151725769043;19.776762008666992;22.642559051513672;55.41201400756836;0.0164690005779266;0.0223499989509583;0.0249990010261536;0.0266429996490479;0.028557999134063698
2015-02-27;132.7528533935547;62.67512130737305;30.020160675048828;94.05148315429688;45.1747932434082;98.02951049804688;37.40665054321289;19.63941764831543;22.543180465698242;54.561622619628906;0.0154419994354248;0.0209640002250671;0.0235770010948181;0.0252850008010864;0.0273629999160767
2015-03-06;134.75050354003906;60.52796936035156;28.78607749938965;93.81652069091797;44.88728713989258;95.53591918945312;36.135589599609375;19.439138412475586;22.183259963989258;52.76837921142578;0.0173740005493164;0.023334999084472702;0.026059000492095898;0.027762999534606897;0.0297510004043579
2015-03-13;133.38648986816406;59.90049362182617;27.899459838867188;96.18407440185547;44.96836853027344;94.5942611694336;35.299583435058594;19.4562931060791;22.130054473876953;51.68379592895508;0.016318999528884902;0.0221059989929199;0.0246429991722107;0.0263050007820129;0.028447000980377203
2015-03-20;135.9649658203125;61.382293701171875;28.41676139831543;97.9823226928711;45.521270751953125;96.77399444580078;36.57917785644531;19.599365234375;22.492136001586914;52.09667205810547;0.0145070004463196;0.0201250004768372;0.0227239990234375;0.0243790006637573;0.026375000476837197
2015-03-27;130.99276733398438;60.23311233520508;28.018293380737305;95.31658172607422;43.89945983886719;95.03601837158203;34.94984817504883;19.75959014892578;21.9814453125;51.50508117675781;0.0145360004901886;0.0203290009498596;0.0228220009803772;0.024486999511718798;0.0268219995498657
2015-04-02;131.3712158203125;60.664066314697266;28.437721252441406;95.78646850585938;44.91106033325195;94.62913513183594;34.36975860595703;19.67375373840332;21.81390953063965;51.94877243041992;0.0138759994506836;0.0199670004844666;0.0227500009536743;0.0245499992370605;0.0268479990959167
2015-04-10;135.859375;62.44829559326172;28.57754135131836;96.64494323730469;45.78672790527344;97.11111450195312;35.58962631225586;20.28033447265625;21.792293548583984;52.7252311706543;0.0143959999084473;0.0203900003433228;0.023131000995636;0.0249729990959167;0.0274440002441406
2015-04-17;131.65280151367188;63.48422622680664;28.172080993652344;96.40998077392578;46.63270950317383;93.99557495117188;35.50432205200195;20.05143928527832;21.043819427490234;53.56947708129883;0.0133560001850128;0.0195009994506836;0.022425000667571998;0.0243230009078979;0.0267210006713867
2015-04-24;130.5967559814453;64.49048614501953;28.584518432617188;98.9763412475586;46.45460510253906;92.41454315185547;40.835941314697266;20.183053970336914;21.573423385620117;53.5941276550293;0.013672000169754;0.020197000503539998;0.023378999233245802;0.025432000160217298;0.027971999645233198
2015-05-01;127.31426239013672;66.6020278930664;28.598508834838867;99.87094116210938;47.204105377197266;91.6530990600586;41.509857177734375;19.502079010009766;21.238367080688477;54.75263595581055;0.015430999994278001;0.0222250008583069;0.025404000282287603;0.027490000724792497;0.0301789999008179
2015-05-08;128.829833984375;66.55628967285156;28.64744758605957;99.5004653930664;48.59923553466797;93.35037231445312;40.73357391357422;19.628826141357422;21.353376388549805;54.83892822265625;0.0153709995746613;0.0225550007820129;0.026008000373840302;0.0282730007171631;0.0311579990386963
2015-05-15;130.08749389648438;67.41006469726562;29.024934768676758;99.67214965820312;48.88865280151367;94.9197769165039;41.2027702331543;19.611515045166016;21.546438217163086;54.27350997924805;0.0150460004806519;0.022606999874115;0.0262479996681213;0.0286439990997314;0.031768000125885
2015-05-22;128.25413513183594;67.5625228881836;28.808225631713867;99.63601684570312;49.32649612426758;94.1629409790039;40.26848220825195;19.778846740722656;20.627361297607422;53.757816314697266;0.0160800004005432;0.0233139991760254;0.026875;0.0292659997940063;0.0323629999160767
2015-05-29;124.45460510253906;65.03933715820312;28.63345718383789;99.73540496826172;48.81443405151367;93.05157470703125;40.2341423034668;20.05002212524414;20.19502067565918;52.93764114379883;0.0152240002155304;0.022318999767303498;0.025806000232696504;0.0281599998474121;0.0312719988822937
2015-06-05;124.64055633544922;65.5958023071289;28.03228187561035;99.67214965820312;50.031463623046875;91.88170623779297;39.61594772338867;19.66921043395996;19.866004943847656;52.36602020263672;0.0178620004653931;0.025181000232696503;0.028215000629425;0.0303379988670349;0.0337809991836548
2015-06-12;126.47394561767578;66.96794128417969;28.16486358642578;99.35585021972656;50.64740753173828;92.44320678710938;39.46999740600586;19.73845100402832;19.694698333740234;52.2044563293457;0.0178159999847412;0.0249580001831055;0.027843999862670898;0.0299990010261536;0.033931000232696504
2015-06-19;128.53758239746094;66.71636962890625;28.47498321533203;101.76860046386719;50.521240234375;92.97551727294922;39.58161163330078;19.72115135192871;19.779001235961914;52.94384765625;0.0162020003795624;0.0236520004272461;0.0269700002670288;0.0294379997253418;0.0336940002441406
2015-06-26;126.19051361083984;66.18276977539062;28.193058013916016;103.91024017333984;51.16685485839844;91.88758850097656;38.86037063598633;19.571130752563477;19.610410690307617;52.10505294799805;0.0179779994487762;0.025987999439239504;0.029309000968933102;0.031635000705719;0.0356030011177063
2015-07-02;124.18006896972656;64.32273864746094;27.833587646484375;104.49641418457031;50.43317794799805;90.88729095458984;38.121978759765625;19.253795623779297;19.539705276489258;51.65769577026367;0.0168959999084473;0.0250699996948242;0.0285439991950989;0.030961000919342;0.0350550007820129
2015-07-10;127.96186828613281;62.62281799316406;28.46793556213379;105.8324966430664;50.08210372924805;90.63579559326172;38.30229187011719;19.825002670288086;19.882320404052734;51.0860595703125;0.0172150003910065;0.0252369999885559;0.028536000251770003;0.0309389996528625;0.0353609991073608
2015-07-17;130.05206298828125;63.97810363769531;29.074092864990234;108.03202056884766;51.69547653198242;91.6535873413086;40.028079986572266;20.234661102294922;19.955734252929688;51.32839584350586;0.017010999917984;0.0243479990959167;0.0272300004959106;0.0294440007209778;0.0339000010490417
2015-07-24;127.58990478515625;58.546573638916016;28.50318145751953;108.07748413085938;51.47142028808594;87.34844970703125;39.444236755371094;19.767301559448242;19.46357536315918;49.669429779052734;0.0165729999542236;0.0233750009536743;0.0260549998283386;0.0281920003890991;0.0327150011062622
2015-07-31;127.68730163574219;60.49299240112305;28.95426368713379;109.06817626953125;51.18757247924805;88.5241470336914;40.09677505493164;20.805864334106445;19.572336196899414;49.21586608886719;0.015827000141143802;0.0226990008354187;0.0255960011482239;0.0278229999542236;0.0321110010147095
2015-08-07;126.94212341308594;59.462100982666016;29.440597534179688;99.38838195800781;50.82905197143555;87.091064453125;40.13111877441406;20.462562561035156;19.506134033203125;47.73708724975586;0.016282000541687002;0.02228600025177;0.024714999198913602;0.0267179989814758;0.030775001049041698
2015-08-14;129.32199096679688;60.38528823852539;29.074092864990234;97.39788055419922;50.70952224731445;86.73423767089844;40.35434341430664;20.538156509399414;19.81549072265625;49.14326477050781;0.0164069998264313;0.0226640009880066;0.0250530004501343;0.0269470000267029;0.0310870003700256
2015-08-21;117.39608764648438;57.700313568115234;27.861785888671875;89.83582305908203;47.50517272949219;83.69192504882812;37.22389602661133;19.50310707092285;18.216672897338867;45.23612594604492;0.0147809994220734;0.0213150000572205;0.0241739988327026;0.0261739993095398;0.029656999111175503
2015-08-28;118.75982666015625;58.43118667602539;27.805400848388672;93.14424133300781;47.90104675292969;84.94062805175781;37.96717071533203;18.99139404296875;17.778640747070312;47.079959869384766;0.0158720004558563;0.0228830003738403;0.026043000221252402;0.028150999546051;0.0315450000762939
2015-09-04;115.65801239013672;56.23857879638672;27.149917602539062;91.77178955078125;45.93660354614258;82.3666763305664;36.82634353637695;18.241283416748047;17.49118423461914;45.443092346191406;0.015382000207901002;0.022191998958587603;0.0255870008468628;0.027943000793457;0.0312299990653992
2015-09-11;120.034423828125;55.876991271972656;27.107872009277344;94.96204376220703;46.72835922241211;83.20307159423828;37.578243255615234;19.171659469604492;17.69924545288086;45.587345123291016;0.015702999830246;0.0228080010414124;0.026217000484466603;0.0285509991645813;0.0318899989128113
2015-09-18;121.30010223388672;55.28459548950195;27.712162017822266;93.47142028808594;45.51832580566406;82.23709869384766;37.578243255615234;19.10188102722168;17.340618133544922;45.58106994628906;0.0149609994888306;0.0222350001335144;0.025757999420166;0.0281290006637573;0.0319370007514954
2015-09-25;116.77215576171875;49.99155807495117;28.167160034179688;91.162841796875;45.9141845703125;82.20176696777344;37.97579574584961;18.54364776611328;17.461071014404297;45.925987243652344;0.0152680003643036;0.0225230002403259;0.025940001010894803;0.0282459998130798;0.032374000549316405
2015-10-02;118.15369415283203;50.54547119140625;28.714576721191406;93.6168441772461;45.74895095825195;84.34574127197266;39.38456726074219;19.235618591308594;17.789596557617188;47.58794403076172;0.013416999578476;0.0206789994239807;0.0242700004577637;0.0267319989204407;0.031040000915527298
2015-10-09;124.51776885986328;54.85376739501953;29.873388290405273;95.94364166259766;46.5915641784668;88.29206848144531;40.715538024902344;19.328662872314453;18.257734298706055;49.70771408081055;0.014668999910354601;0.0218849992752075;0.0253889989852905;0.0278690004348755;0.0322149991989136
2015-10-16;122.64598083496094;53.60744094848633;29.873388290405273;98.37948608398438;46.96772766113281;87.58525848388672;41.06123352050781;20.009002685546875;16.122337341308594;51.727108001708984;0.0140470004081726;0.0211420011520386;0.0245260000228882;0.0269619989395142;0.0315700006484985
2015-10-23;130.7570037841797;55.81684494018555;30.420812606811523;102.78768157958984;48.051063537597656;91.76132202148438;45.69369125366211;19.799665451049805;15.960805892944336;52.040679931640625;0.014757000207901001;0.0218219995498657;0.0251659989356995;0.027525999546051;0.0315009999275208
2015-10-30;131.97816467285156;56.781497955322266;30.10801124572754;103.37844848632812;48.336952209472656;92.59769439697266;45.49491882324219;19.665924072265625;15.670611381530762;51.89017105102539;0.0157430005073547;0.0224009990692139;0.025466001033783;0.027727000713348403;0.03167799949646
2015-11-06;132.6775360107422;57.44272994995117;29.830726623535156;105.13262939453125;51.504249572753906;93.80516815185547;47.465431213378906;19.889137268066406;16.09221649169922;52.97513198852539;0.0178690004348755;0.0242880010604858;0.0272519993782043;0.0294899988174438;0.0331960010528564
2015-11-13;127.8794937133789;54.16763687133789;29.418392181396484;104.37824249267578;49.322505950927734;91.67884826660156;45.66777038574219;19.50226402282715;15.446124076843262;49.40718460083008;0.0172790002822876;0.0239580011367798;0.0269210004806519;0.029154999256134004;0.0332909989356995
2015-11-20;133.9869384765625;55.342323303222656;30.164871215820312;109.13180541992188;50.812110900878906;94.23770904541016;47.150203704833984;18.863317489624023;16.445384979248047;50.47631072998047;0.0173249995708466;0.023691000938415502;0.0265759992599487;0.0287159991264343;0.0328060007095337
2015-11-27;131.78965759277344;55.404544830322266;30.91200828552246;104.64183044433594;50.533748626708984;93.66854858398438;46.923973083496094;19.220895767211914;16.396100997924805;51.38728713989258;0.0169490003585815;0.023234000205993702;0.0262220001220703;0.028461000919342002;0.032600998878479
2015-12-04;133.17977905273438;54.439910888671875;31.01231575012207;103.83290100097656;51.07541275024414;93.80490112304688;48.64677429199219;19.22675895690918;16.469940185546875;49.88797378540039;0.0176199996471405;0.0237730002403259;0.0263100004196167;0.028371000289917;0.032853000164032004
2015-12-11;129.7000732421875;50.90032196044922;30.281597137451172;98.82718658447266;48.201534271240234;91.7950668334961;47.037105560302734;18.79298210144043;16.387121200561523;47.028568267822266;0.016100000143051102;0.0222270011901855;0.024765999317169198;0.026728999614715598;0.0314459991455078
2015-12-18;125.1800308227539;50.651363372802734;30.446359634399414;98.53446197509766;48.449806213378906;87.10538482666016;47.097999572753906;18.7519474029541;16.2463321685791;48.8884391784668;0.0172440004348755;0.022832999229431203;0.0251769995689392;0.027088999748229998;0.0315210008621216
2015-12-24;128.7224884033203;53.97314453125;31.191410064697266;96.83309173583984;50.10492706298828;89.63700103759766;48.43793487548828;19.121244430541992;16.792938232421875;50.18531799316406;0.0177489995956421;0.023422999382019;0.0259270000457764;0.0278740000724792;0.0321329998970032
2015-12-31;129.6731414794922;52.86848068237305;30.775903701782227;96.1196060180664;49.67609405517578;89.31090545654297;48.27263259887695;18.92194175720215;16.922691345214844;49.31230545043945;0.017961000204086298;0.023775000572204597;0.0263730001449585;0.0284249997138977;0.0326559996604919
2016-01-08;116.57937622070312;49.23552322387695;29.737140655517578;90.7867431640625;44.62440872192383;83.29319763183594;45.53183364868164;18.171627044677734;17.541067123413086;47.24997329711914;0.0161220002174377;0.022232999801635702;0.0252970004081726;0.0274279999732971;0.031638998985290503
2016-01-15;112.66919708251953;47.15812683105469;29.7299861907959;85.8929214477539;43.2005615234375;82.22602844238281;44.36591720581055;18.060251235961914;17.09661102294922;49.0782356262207;0.014975999593734699;0.0212190008163452;0.0242770004272461;0.026319999694824202;0.0306040000915527
2016-01-22;111.7544174194336;48.03244400024414;30.131162643432617;88.63712310791016;43.132389068603516;82.71812438964844;45.497039794921875;18.00163459777832;17.306411743164062;48.439308166503906;0.015288000106811498;0.0214869999885559;0.0245199990272522;0.0265289998054504;0.030745999813079797
2016-01-29;107.73658752441406;49.0249137878418;30.747241973876953;87.64922332763672;45.063697814941406;89.52434539794922;47.93327331542969;17.8726749420166;18.319576263427734;49.24903869628906;0.0137510001659393;0.020220999717712396;0.023471999168396;0.0256629991531372;0.030213000774383502
2016-02-05;109.9158935546875;52.08110427856445;30.403383255004883;85.8929214477539;43.73828887939453;90.98876953125;43.643741607666016;17.18792724609375;18.496252059936523;50.65977096557617;0.012978999614715601;0.0193610000610352;0.0226349997520447;0.0248370003700256;0.0295709991455078
2016-02-12;98.32455444335938;49.741695404052734;30.883352279663086;83.37744903564453;43.5413703918457;91.93877410888672;43.939571380615234;17.383312225341797;18.269872665405273;51.72599411010742;0.012476999759674099;0.0183070003986359;0.021324999332428;0.023471999168396;0.0286649990081787
2016-02-19;104.23507690429688;51.52972412109375;31.356155395507812;86.9083023071289;43.79130554199219;93.42569732666016;45.41181945800781;17.460281372070312;17.85025978088379;52.66439437866211;0.0127730000019073;0.0184769999980927;0.021440999507904103;0.023659000396728497;0.028782000541687
2016-02-26;106.95046997070312;52.671852111816406;30.904855728149414;87.18269348144531;43.57923889160156;94.51252746582031;44.95612335205078;17.89841651916504;18.360973358154297;52.185611724853516;0.0128740000724792;0.018592000007629398;0.021689999103546097;0.0239459991455078;0.0289599990844727
2016-03-04;109.58440399169922;57.37427520751953;31.599742889404297;90.0823974609375;45.48024368286133;95.58741760253906;45.59584426879883;17.590539932250977;18.435518264770508;52.530338287353516;0.014345999956130999;0.019867000579834;0.022623999118804902;0.0247760009765625;0.029691998958587602
2016-03-11;112.80667114257812;57.342777252197266;32.63311004638672;89.58844757080078;44.942501068115234;96.66824340820312;46.50722885131836;18.05828285217285;18.680452346801758;52.46651077270508;0.015374000072479199;0.020655999183654798;0.023234000205993702;0.0252519989013672;0.030085999965667697
2016-03-18;121.2515640258789;59.44587707519531;32.92191696166992;90.74100494384766;45.8059196472168;98.72846221923828;46.875308990478516;17.43659782409668;18.61928367614746;53.74959945678711;0.013907999992370601;0.019609999656677198;0.0223900008201599;0.024486999511718798;0.029612998962402298
2016-03-24;119.58611297607422;59.30408477783203;32.907470703125;88.92984771728516;45.048545837402344;98.20893096923828;47.50627517700195;17.809606552124023;18.911287307739258;53.609161376953125;0.0143050003051758;0.0198280000686646;0.0225300002098083;0.024549000263214098;0.029398999214172397
2016-04-01;114.9156494140625;60.4855842590332;33.809940338134766;90.62208557128906;45.34392166137695;100.04220581054688;48.69809341430664;17.78592872619629;19.206077575683594;52.95803451538086;0.012770999670028699;0.0186779999732971;0.0217729997634888;0.0239930009841919;0.0290249991416931
2016-04-08;115.74834442138672;58.56364822387695;33.83881759643555;88.19806671142578;44.054481506347656;99.5047607421875;47.69028854370117;19.242431640625;18.9279727935791;53.11759948730469;0.011935000419616698;0.0178429996967316;0.021077001094818103;0.023324999809265102;0.0283480000495911
2016-04-15;118.69005584716797;62.36024856567383;33.28289031982422;90.18299865722656;47.205589294433594;100.78868103027344;48.7681999206543;19.242431640625;19.206077575683594;54.24112319946289;0.012483999729156502;0.0181630003452301;0.0211899995803833;0.0234109997749329;0.028431999683380102
2016-04-22;118.61764526367188;62.29224395751953;32.15662384033203;94.92129516601562;48.80785369873047;100.717041015625;45.37676239013672;19.69832420349121;19.11152458190918;55.87533187866211;0.0139049994945526;0.019564000368118298;0.0226139998435974;0.024920001029968303;0.029725999832153297
2016-04-29;122.01190948486328;61.81504821777344;32.344337463378906;94.45478820800781;48.22034454345703;99.95265197753906;43.70297622680664;19.36676788330078;18.597021102905273;56.43069076538086;0.013150000572204602;0.0189310002326965;0.022049999237060497;0.024482998847961398;0.0292899990081787
2016-05-06;120.61798095703125;58.3472900390625;32.71976089477539;96.54036712646484;46.99958801269531;100.85435485839844;44.158653259277344;19.881868362426758;18.98081398010254;56.50090789794922;0.012695000171661398;0.0184650003910065;0.021533000469207798;0.0238750004768372;0.0290330004692078
2016-05-13;120.56156158447266;55.73057556152344;32.74142074584961;91.94842529296875;46.69439697265625;100.51396942138672;44.763336181640625;19.826934814453125;18.1925048828125;57.072322845458984;0.0124469995498657;0.0178260004520416;0.0209019994735718;0.0232890009880066;0.028315999507904102
2016-05-20;116.24536895751953;55.571495056152344;31.730655670166016;91.27153778076172;48.45689010620117;99.19351196289062;44.67048645019531;20.15549659729004;19.570812225341797;57.767539978027344;0.0140190005302429;0.0191680002212524;0.021993999481201197;0.02417799949646;0.0288770008087158
2016-05-27;117.9152603149414;57.23377990722656;32.329898834228516;91.7380599975586;49.92180252075195;101.52591705322266;46.17067337036133;20.675209045410156;19.82014274597168;57.94136047363281;0.014256999492645299;0.0192289996147156;0.0219689989089966;0.024291000366210902;0.029131000041961702
2016-06-03;116.2362289428711;59.68348693847656;32.51760482788086;90.32938385009766;49.31904983520508;101.2193374633789;45.70297622680664;20.723003387451172;19.853755950927734;56.885658264160156;0.012661999464035002;0.0176789999008179;0.020357000827789302;0.0226909995079041;0.027987000942230198
2016-06-10;119.66728210449219;60.47088623046875;33.20348358154297;89.03959655761719;48.70866012573242;101.3275146484375;45.429412841796875;21.081430435180664;19.929393768310547;57.92204666137695;0.0120539999008179;0.016942000389099102;0.019565999507904098;0.021882998943328902;0.027253999710083
2016-06-17;118.4627914428711;60.391357421875;32.58510208129883;90.55805969238281;47.51841735839844;101.55595397949219;44.23807144165039;20.44223976135254;19.87616729736328;58.39839172363281;0.0116159999370575;0.0167340004444122;0.0194309997558594;0.02166100025177;0.0272210001945496
2016-06-24;115.45148468017578;58.084815979003906;31.95943832397461;87.5577392578125;45.4736328125;101.66419219970703;43.97334671020508;20.29289436340332;20.159116744995117;57.542236328125;0.0110609996318817;0.016217999458313;0.0189800000190735;0.0214269995689392;0.027353999614715598
2016-07-01;118.34415435791016;60.80492401123047;32.825172424316406;89.67076110839844;47.10403060913086;105.52346801757812;45.14701843261719;21.248695373535156;20.397239685058594;60.40681457519531;0.0103079998493195;0.015058000087738;0.0175559997558594;0.0197870004177094;0.0252769994735718
2016-07-08;118.70916748046875;61.536651611328125;33.01433181762695;91.7871322631836;47.54230880737305;106.4732437133789;46.15303421020508;21.577253341674805;20.685781478881836;60.21365737915039;0.009790999889373781;0.0140069997310638;0.0163660001754761;0.018502999544143698;0.023849999904632598
2016-07-15;120.80795288085938;64.18519592285156;33.19621276855469;91.9529800415039;49.349266052246094;109.04615783691406;47.38848114013672;21.965543746948242;20.638164520263672;61.230770111083984;0.0118439996242523;0.0163429999351501;0.0185629999637604;0.0205559992790222;0.025743999481201197
2016-07-22;121.79344940185547;63.7435417175293;33.341705322265625;90.02730560302734;49.24163055419922;108.46903228759766;49.92116928100586;21.9476261138916;20.604541778564453;60.5162353515625;0.0116129994392395;0.0161570000648499;0.0185099995136261;0.0205360007286072;0.0255170011520386
2016-07-29;121.96684265136719;66.4577407836914;31.741186141967773;88.40570068359375;49.18780517578125;107.21866607666016;50.01823806762695;22.037235260009766;20.44206428527832;57.259002685546875;0.0105429995059967;0.0149839997291565;0.017345000505447402;0.0194169998168945;0.024472999572753902
2016-08-05;120.20567321777344;66.297119140625;31.632070541381836;88.29513549804688;50.97937774658203;107.3448715209961;51.147796630859375;21.347023010253906;20.663372039794922;56.364234924316406;0.0116709995269775;0.0162860000133514;0.018731000423431402;0.020799000263214098;0.0258610010147095
2016-08-12;122.46235656738281;66.65045928955078;32.032196044921875;89.22572326660156;50.22583770751953;108.36683654785156;51.13015365600586;21.0699462890625;20.841493606567383;57.03314208984375;0.0112909996509552;0.0156949996948242;0.018054000139236498;0.020100998878479;0.0248830008506775
2016-08-19;123.69524383544922;67.32498931884766;31.952163696289062;88.81111145019531;50.64106369018555;108.64286041259766;51.16466522216797;21.0699462890625;20.5368709564209;57.00071716308594;0.012006000280380201;0.016373000144958502;0.0188020002841949;0.0208559989929199;0.025104000568389902
2016-08-26;121.661865234375;66.37743377685547;31.515653610229492;87.72386932373047;50.917869567871094;108.52188110351562;51.52874755859375;20.973567962646484;20.065828323364258;56.65660095214844;0.0127110004425049;0.0166919994354248;0.0190880000591278;0.021119000911712604;0.0249839997291565
2016-09-02;120.6773910522461;65.5985336303711;31.763011932373047;86.9959945678711;51.89439392089844;109.36869049072266;51.209075927734375;20.943449020385742;20.449432373046875;56.753971099853516;0.012418999671936;0.0165499997138977;0.0189010000228882;0.020933001041412398;0.024944000244140598
2016-09-09;118.25759887695312;64.87579345703125;30.751779556274414;85.15325164794922;51.248504638671875;106.24147033691406;49.91263961791992;20.53988265991211;19.828899383544922;56.37742614746094;0.012760000228881801;0.0172619998455048;0.0198360002040863;0.0220989990234375;0.026324000358581498
2016-09-16;116.57384490966797;65.8875732421875;30.907665252685547;85.2822494506836;50.61030578613281;105.8906478881836;50.83613204956055;20.443510055541992;20.553796768188477;54.55315399169922;0.012581000328064;0.0175109994411469;0.0203719997406006;0.0226640009880066;0.026761000156402603
2016-09-23;121.24781799316406;66.2007827758789;31.347732543945312;85.9364242553711;51.70985794067383;107.30001831054688;50.9959602355957;20.636259078979492;20.407121658325195;54.176612854003906;0.012092000246048;0.0167340004444122;0.0196389997005463;0.0218560004234314;0.0254830002784729
2016-09-30;121.2110366821289;71.28387451171875;31.039691925048828;85.55865478515625;51.202369689941406;106.59835815429688;51.146915435791016;20.401348114013672;20.34225082397461;56.663116455078125;0.011934000253677399;0.016495000123977702;0.0193099999427795;0.0215639996528625;0.025315001010894803
2016-10-07;123.15241241455078;71.04298400878906;30.60696029663086;85.21773529052734;52.75182342529297;103.63442993164062;51.32450485229492;20.214616775512695;19.377601623535156;56.31253433227539;0.013142000436782798;0.0178320002555847;0.0207789993286133;0.0230730009078979;0.026737000942230197
2016-10-14;122.83037567138672;70.40055084228516;30.56293487548828;84.1213150024414;52.29487609863281;103.02953338623047;50.98707962036133;19.672510147094727;19.307083129882812;56.18266677856445;0.0134370005130768;0.0184769999980927;0.0216619992256165;0.024052000045776397;0.0277119994163513
2016-10-21;124.79014587402344;69.93647003173828;30.900333404541016;85.71529388427734;53.046146392822266;102.52748107910156;52.97611618041992;19.383384704589844;19.27605628967285;56.234615325927734;0.013059999942779501;0.0178939998149872;0.020971000194549602;0.023310999870300303;0.0270210003852844
2016-10-28;131.5802764892578;67.95169830322266;30.973676681518555;86.4708023071289;53.52634048461914;100.27130889892578;53.162593841552734;19.232803344726562;19.741451263427734;55.04008483886719;0.0138259994983673;0.0190900003910065;0.0222029995918274;0.0245729994773865;0.0284870004653931
2016-11-04;128.3876495361328;66.67981719970703;30.57761001586914;85.18089294433594;52.48076248168945;100.70077514648438;52.132545471191406;18.07027816772461;19.507349014282227;54.2545166015625;0.012954000234603899;0.0184200000762939;0.0216709995269775;0.0240869998931885;0.0279310011863708
2016-11-11;137.69931030273438;75.34793853759766;30.09354019165039;89.9996566772461;59.39714050292969;105.90271759033203;52.40782928466797;19.826129913330078;20.091205596923828;56.11034393310547;0.016804000139236448;0.02272300004959105;0.02564549922943115;0.028021000623703;0.032493499517440794
2016-11-18;135.6874237060547;74.80518341064453;30.005523681640625;90.51564025878906;60.18710708618164;105.29116821289062;53.95084762573242;19.150859832763672;19.33246612548828;55.85492706298828;0.0185940003395081;0.0243409991264343;0.026728999614715598;0.0286680006980896;0.0328180003166199
2016-11-25;139.10858154296875;77.61625671386719;30.46026039123535;91.05004119873047;61.05458450317383;105.61378479003906;54.11175537109375;19.27861213684082;20.091205596923828;57.06004333496094;0.0190450000762939;0.024556000232696502;0.0268289995193481;0.0286929988861084;0.0326869988441467
2016-12-02;141.15756225585938;77.07349395751953;29.85238265991211;90.75518798828125;63.19995880126953;104.968505859375;52.96747589111328;19.24210548400879;19.992494583129883;57.00766372680664;0.0191089999675751;0.0250789999961853;0.0275530004501343;0.0294779992103577;0.0334450006484985
2016-12-09;145.08863830566406;77.38943481445312;31.065410614013672;97.3597183227539;66.21279907226562;108.65762329101562;55.399078369140625;19.284700393676758;19.908315658569336;58.29136276245117;0.0195679998397827;0.0258789992332458;0.0284660005569458;0.0304080009460449;0.0343580007553101
2016-12-16;143.24363708496094;74.9996109008789;30.873106002807617;96.47767639160156;65.78681945800781;108.02452087402344;55.694087982177734;19.978212356567383;20.163991928100586;59.719173431396484;0.0212430000305176;0.0269980001449585;0.029077000617981002;0.0306909990310669;0.0345169997215271
2016-12-23;146.31246948242188;76.40921020507812;30.769546508789062;97.62896728515625;67.42105102539062;108.81587219238281;56.5344123840332;19.75920867919922;19.754915237426758;59.41135787963867;0.0208270001411438;0.0264560008049011;0.0284949994087219;0.0300990009307861;0.033787999153137196
2016-12-30;144.33766174316406;75.12922668457031;30.666000366210938;96.76548767089844;66.83240509033203;108.7062759399414;55.551048278808594;19.75920867919922;19.63559913635254;59.11660385131836;0.01978600025177;0.025466001033783;0.0277239990234375;0.0295040011405945;0.033283998966217004
2017-01-06;147.5084991455078;75.37225341796875;30.873106002807617;101.18502807617188;67.0698013305664;108.49929809570312;56.17681884765625;20.3675594329834;19.391284942626953;57.963897705078125;0.0197269999980927;0.0249659991264343;0.0271539998054504;0.0288549995422363;0.0323709988594055
2017-01-13;147.25816345214844;76.53880310058594;30.237009048461914;100.33082580566406;67.52151489257812;107.98795318603516;56.05167770385742;19.783540725708008;19.07027816772461;56.555728912353516;0.0194860005378723;0.024677000045776398;0.0269219994544983;0.0286969995498657;0.0322129988670349
2017-01-20;147.90719604492188;77.25559997558594;30.56244468688965;99.95945739746094;65.16178131103516;108.65762329101562;56.08742141723633;19.327280044555664;19.084487915039062;56.25444412231445;0.0200180006027222;0.0255399990081787;0.0277369999885559;0.029419999122619597;0.0328480005264282
2017-01-27;155.48191833496094;80.85778045654297;30.658597946166992;101.48213958740234;67.70064544677734;108.0427474975586;58.805084228515625;19.11435890197754;18.652681350708008;56.00556182861328;0.0199749994277954;0.0256609988212585;0.027922999858856202;0.0295930004119873;0.0328999996185303
2017-02-03;150.56805419921875;76.19371032714844;30.72517204284668;102.41060638427734;67.89534759521484;106.55736541748047;56.927757263183594;19.720840454101562;18.89130973815918;54.71528244018555;0.019826999902725198;0.025594000816345202;0.028057000637054397;0.0299130010604858;0.033643000125885
2017-02-10;155.44473266601562;78.668701171875;30.01510238647461;101.44499206542969;67.75516510009766;108.96806335449219;57.21381759643555;19.880626678466797;19.323108673095703;54.54145431518555;0.0194260001182556;0.024925000667572;0.0272639989852905;0.0290199995040894;0.032613000869751
2017-02-17;161.50430297851562;80.74343872070312;30.49587059020996;102.18778228759766;70.27064514160156;112.09793853759766;58.1182861328125;20.66109275817871;19.706619262695312;54.039127349853516;0.0196150004863739;0.025064001083374;0.0274659991264343;0.0293020009994507;0.0326920008659363
2017-02-24;165.92739868164062;77.99072265625;30.902679443359375;102.4291763305664;70.3485336303711;114.8307113647461;58.1182861328125;21.054410934448242;20.564538955688477;53.58967590332031;0.0185420000553131;0.0239280009269714;0.0264809989929199;0.028468000888824497;0.0319630002975464
2017-03-03;170.35987854003906;77.6966781616211;31.42045021057129;103.28337860107422;72.27216339111328;115.9948959350586;57.78553771972656;21.214195251464844;19.894107818603516;54.501792907714844;0.020703999996185298;0.0256439995765686;0.027857000827789302;0.029728000164032;0.0332649993896484
2017-03-10;167.10565185546875;75.40138244628906;31.279916763305664;102.98626708984375;71.08838653564453;117.15907287597656;58.397098541259766;20.962228775024414;20.060422897338867;53.93999099731445;0.021484999656677203;0.026600000858306896;0.028917000293731697;0.0308060002326965;0.0341389989852905
2017-03-17;168.41485595703125;75.89147186279297;31.361997604370117;103.76618194580078;70.62110900878906;117.8636703491211;58.343162536621094;21.091272354125977;20.00033187866211;54.197750091552734;0.020643999576568598;0.025738000869750997;0.028164000511169397;0.030139000415802003;0.033570001125335695
2017-03-24;164.41250610351562;75.27069854736328;31.429140090942383;104.1189956665039;67.98101043701172;117.34290313720703;58.442081451416016;20.894624710083008;19.92020034790039;53.68882751464844;0.0197169995307922;0.024693999290466298;0.0269519996643066;0.0288849997520447;0.032558000087738
2017-03-31;165.38504028320312;75.76892852783203;31.667930603027344;105.27958679199219;68.40935516357422;117.23259735107422;59.2335319519043;21.023681640625;20.62704086303711;54.20438003540039;0.019675999879837;0.024697000980377203;0.027046000957489002;0.0290619993209839;0.032850999832153296
2017-04-07;167.24594116210938;78.02339935302734;31.79477882385254;104.52754974365234;67.502197265625;116.41152954101562;59.0716438293457;20.95608139038086;20.861698150634766;54.70009231567383;0.019534000158309903;0.024433000087738;0.026817998886108398;0.028856999874115;0.0327099990844727
2017-04-13;164.22549438476562;76.04666137695312;31.929088592529297;105.10317993164062;66.10795593261719;115.59049224853516;58.41511154174805;20.820884704589844;20.933231353759766;53.992862701416016;0.018013000488281198;0.0229999995231628;0.0255909991264343;0.0277259993553162;0.0315030002593994
2017-04-21;168.67666625976562;77.68315887451172;32.138023376464844;106.25448608398438;66.20193481445312;117.33672332763672;59.71923065185547;20.673383712768555;21.445484161376953;53.3319091796875;0.017961000204086298;0.0230010008811951;0.025524001121521;0.0276480007171631;0.0315910005569458
2017-04-28;172.8379364013672;84.2226333618164;32.197715759277344;107.3315200805664;68.14446258544922;119.98985290527344;61.57196044921875;20.845460891723633;21.514162063598633;53.966407775878906;0.0184739995002747;0.023517000675201398;0.026103999614715597;0.028264000415802;0.0322250008583069
2017-05-05;173.00624084472656;82.06476593017578;32.600650787353516;103.979736328125;68.14446258544922;122.17729949951172;62.05759811401367;20.575061798095703;21.89190673828125;54.210968017578125;0.0191279995441437;0.024200000762939503;0.0267750000953674;0.0288260006904602;0.0323399996757507
2017-05-12;172.67230224609375;82.94602966308594;32.526031494140625;101.84423828125;68.08177947998047;120.44328308105469;61.499996185302734;20.482574462890625;21.810821533203125;55.07651901245117;0.0187549996376038;0.024042000770568797;0.0267770004272461;0.0288680005073547;0.0322569990158081
2017-05-19;170.3260040283203;84.3626480102539;32.75735092163086;99.8294448852539;66.40560913085938;120.68802642822266;61.22837448120117;20.14130973815918;22.692354202270508;54.6628532409668;0.018092999458313;0.023032000064849897;0.025687000751495402;0.0277710008621216;0.0312389993667603
2017-05-26;175.81948852539062;87.02293395996094;33.86915588378906;100.6557846069336;66.85990142822266;123.6898422241211;63.28168487548828;19.942750930786133;22.507978439331055;54.409324645996094;0.0182650005817413;0.023127000331878703;0.025792000293731698;0.0279469990730286;0.031458001136779795
2017-06-02;179.2493438720703;87.26177215576172;34.24223709106445;99.5137710571289;64.72942352294922;127.40658569335938;64.90985107421875;20.19095230102539;22.937223434448242;53.041595458984375;0.0174489998817444;0.0220580005645752;0.0246449995040894;0.026735000610351597;0.030251998901367202
2017-06-09;179.06092834472656;87.23707580566406;33.816932678222656;98.06536102294922;68.1131362915039;127.54839324951172;63.607337951660156;20.333663940429688;22.87961196899414;54.79629135131836;0.018048000335693398;0.0225300002098083;0.0251659989356995;0.0273300004005432;0.030896999835968
2017-06-16;185.10093688964844;88.62075805664062;34.087703704833984;97.96322631835938;67.502197265625;131.43772888183594;63.31787109375;20.457761764526367;21.675416946411133;55.70367431640625;0.0177320003509521;0.0219379997253418;0.024453999996185298;0.026537001132965102;0.0299230003356934
2017-06-23;190.5567169189453;85.74632263183594;34.042564392089844;96.89546966552734;68.03482055664062;131.22816467285156;64.412353515625;21.20235824584961;21.5601863861084;54.44936752319336;0.0178170001506805;0.021854000091552698;0.0241330003738403;0.0259960007667542;0.029128999710083
2017-06-30;186.33531188964844;88.50543212890625;33.74163818359375;98.6502914428711;71.59085083007812;128.32498168945312;62.34999465942383;20.84246826171875;21.802175521850586;53.86222839355469;0.019007999897003202;0.0235570001602173;0.025657999515533398;0.0272950005531311;0.0304089999198914
2017-07-07;190.68861389160156;88.06068420410156;33.39555740356445;96.64351654052734;73.9142074584961;129.18795776367188;62.82941436767578;20.69354820251465;21.701345443725586;53.52196502685547;0.019708000421524;0.024453999996185298;0.0266149997711182;0.028264000415802;0.0312859988212585
2017-07-14;196.4741973876953;89.58435821533203;33.61373519897461;98.29912567138672;72.65408325195312;130.53164672851562;65.83251190185547;20.743194580078125;21.992313385009766;54.229183197021484;0.0188339996337891;0.0237680006027222;0.026217999458313;0.0280360007286072;0.0311319994926453
2017-07-21;199.89468383789062;88.42253875732422;33.877052307128906;100.16987609863281;71.58297729492188;130.1556854248047;66.74607849121094;20.774215698242188;21.93757438659668;53.455238342285156;0.0182039999961853;0.022885000705719;0.025227999687194802;0.0269580006599426;0.0300009989738464
2017-07-28;227.34320068359375;94.65254211425781;34.61433029174805;102.85442352294922;71.89012145996094;123.104248046875;66.06770324707031;20.56945037841797;22.991958618164062;53.108299255371094;0.018514000177383402;0.0234739995002747;0.0259820008277893;0.0278430008888245;0.0310050010681152
2017-08-04;223.9887237548828;94.85991668701172;34.230648040771484;100.73112487792969;73.76455688476562;127.99217224121094;65.7420425415039;21.077383041381836;23.18498420715332;53.51530075073242;0.0183800005912781;0.0231500005722046;0.025552999973297102;0.027320001125335697;0.030341000556945802
2017-08-11;222.64210510253906;93.6156005859375;34.2983512878418;95.39944458007812;72.0003890991211;126.9627914428711;65.57920837402344;20.83302879333496;23.307619094848633;52.68667984008789;0.0175899994373322;0.0223889994621277;0.0248740005493164;0.026716001033783;0.029714000225067098
2017-08-18;223.4857177734375;94.50322723388672;34.35853576660156;94.19281005859375;71.46482849121094;125.45267486572266;65.91952514648438;20.469623565673828;22.99163818359375;51.62903594970703;0.0178149998188019;0.022428998947143598;0.024804000854492202;0.0265750002861023;0.0295589995384216
2017-08-25;223.5994873046875;95.68949127197266;34.28330612182617;95.79230499267578;72.37055969238281;125.30636596679688;66.21958923339844;20.92074966430664;22.79450798034668;51.68294143676758;0.0177740001678467;0.022184998989105198;0.0245099997520447;0.026294999122619598;0.029402000904083302
2017-09-01;227.80810546875;98.12008666992188;34.44129180908203;94.94110870361328;72.22089385986328;126.19281768798828;67.23807525634766;21.277883529663086;22.71912956237793;51.5819091796875;0.0175880002975464;0.0220149993896484;0.0244779992103577;0.0263879990577698;0.0296550011634827
2017-09-08;226.33888244628906;97.73848724365234;34.83251190185547;90.79737854003906;69.63765716552734;127.51331329345703;67.27446746826172;21.3656063079834;22.866975784301758;53.09761047363281;0.016646000146865802;0.0209570002555847;0.023406000137329103;0.025374999046325702;0.0287310004234314
2017-09-15;236.02639770507812;100.6834487915039;35.018672943115234;92.1536636352539;72.15789794921875;132.26190185546875;68.48392486572266;22.15506362915039;23.30182456970215;53.93968963623047;0.0182469999790192;0.0224040007591248;0.024607999324798603;0.0263910007476807;0.029612998962402298
2017-09-22;243.0882568359375;103.22188568115234;34.49544143676758;92.22850799560547;74.6860122680664;130.65634155273438;67.6655044555664;22.530994415283203;23.055410385131836;53.83864974975586;0.0189030003547668;0.022980999946594197;0.0250929999351501;0.026768000125885;0.0297760009765625
2017-09-29;240.96498107910156;103.45413208007812;34.131446838378906;92.20044708251953;75.22158813476562;130.12322998046875;67.73824310302734;22.368091583251953;22.65245819091797;55.226383209228516;0.0193900001049042;0.0236380004882812;0.0257620000839233;0.0274169993400574;0.0304769992828369
2017-10-06;245.10726928710938;105.29574584960938;34.49544143676758;93.60350799560547;76.77826690673828;134.2270965576172;69.1113510131836;22.587387084960938;22.901769638061523;55.04447937011719;0.0198039996623993;0.0240100002288818;0.0261339998245239;0.0278309988975525;0.0309859991073608
2017-10-13;247.15472412109375;108.43148803710938;35.018672943115234;91.08733367919922;75.93853759765625;134.97097778320312;70.46631622314453;22.769084930419922;25.11077308654785;55.51606750488281;0.019182000160217302;0.0230690002441406;0.0251430010795593;0.026840999126434298;0.0300309991836548
2017-10-20;250.955810546875;109.62067413330078;35.170326232910156;92.9768295288086;78.83001708984375;137.2028045654297;71.66666412353516;22.819217681884766;25.348485946655273;55.98760986328125;0.0203250002861023;0.0241109991073608;0.0260560011863708;0.0276780009269714;0.0308060002326965
2017-10-27;243.09771728515625;115.00323486328125;34.93525314331055;91.95723724365234;80.62034606933594;145.52224731445312;76.21346282958984;22.305437088012695;25.560110092163086;56.39179229736328;0.020467998981475798;0.0244740009307861;0.0264919996261597;0.0281069993972778;0.031135001182556202
2017-11-03;248.112060546875;114.01854705810547;34.85942459106445;92.26591491699219;80.33516693115234;143.95997619628906;76.51356506347656;22.274106979370117;25.997854232788086;56.034767150878906;0.0200410008430481;0.023536000251770002;0.0253699994087219;0.026882998943328903;0.0299130010604858
2017-11-10;248.5882110595703;113.89337921142578;35.29166030883789;98.00916290283203;77.24564361572266;141.00294494628906;76.26805114746094;22.243701934814453;26.357322692871094;56.39019012451172;0.0206469988822937;0.0243359994888306;0.0261800003051758;0.0276370000839233;0.0305369997024536
2017-11-17;249.93194580078125;113.60128784179688;34.66226577758789;96.75574493408203;77.7447280883789;142.18698120117188;75.30757904052734;22.36383056640625;28.25614356994629;54.55447006225586;0.020613999366760297;0.023754000663757303;0.025420000553131098;0.026742999553680404;0.029303998947143597
2017-11-24;253.3817138671875;114.65274810791016;34.79117202758789;96.00745391845703;77.88732147216797;144.162841796875;76.09356689453125;22.439701080322266;28.009735107421875;55.356746673583984;0.0207349991798401;0.0237350010871887;0.025348000526428202;0.026617999076843302;0.0290490007400513
2017-12-01;258.6231994628906;118.0992660522461;35.14521408081055;98.44879913330078;83.01273345947266;150.2501678466797;77.00749206542969;22.983470916748047;28.22134780883789;56.74372482299805;0.0212540006637573;0.023956999778747597;0.0253299999237061;0.0265100002288818;0.029031999111175502
2017-12-08;272.46063232421875;120.052001953125;34.640628814697266;98.27899169921875;83.91583251953125;148.36851501464844;76.9161148071289;22.597774505615234;28.136943817138672;56.19982147216797;0.0214079999923706;0.024072000980377203;0.025436999797821002;0.0266039991378784;0.0291039991378784
2017-12-15;280.1227111816406;122.4136734008789;35.31340408325195;104.91702270507812;84.0821533203125;148.2875213623047;79.37457275390625;23.52090835571289;28.300148010253906;56.45136642456055;0.0214869999885559;0.0237030005455017;0.0248079991340637;0.0258139991760254;0.028111000061035202
2017-12-22;281.22821044921875;129.97427368164062;34.85469436645508;102.4654769897461;85.11994171142578;146.25015258789062;78.14991760253906;22.850688934326172;28.620710372924805;57.090476989746094;0.0224729990959167;0.0251149988174438;0.026363000869750998;0.027393999099731402;0.0296670007705688
2017-12-29;281.0471496582031;131.50144958496094;35.076412200927734;101.3717041015625;84.71595001220703;146.64891052246094;78.17731475830078;22.901269912719727;28.778079986572266;56.8661003112793;0.0219120001792908;0.0243199992179871;0.0254019999504089;0.026370999813079797;0.028733000755310097
2018-01-12;320.40570068359375;142.11634826660156;35.28282928466797;106.04853820800781;89.72008514404297;152.31869506835938;81.88787078857422;23.103607177734375;29.395889282226562;59.50407791137695;0.023341000080108597;0.025690999031066898;0.0267030000686646;0.027574999332428;0.029684000015258796
2018-01-19;321.8543395996094;142.86825561523438;36.05500411987305;104.2758560180664;89.9908218383789;154.6301727294922;82.25342559814453;23.356515884399414;30.479991912841797;59.25252914428711;0.0243319988250732;0.0265490007400513;0.0274469995498657;0.0282399988174438;0.030132999420165996
2018-01-26;327.0861511230469;140.05963134765625;37.10239791870117;105.78451538085938;92.62662506103516;161.1411590576172;85.96395874023438;24.66533851623535;31.587411880493164;60.510345458984375;0.0246880006790161;0.0266510009765625;0.027525999546051;0.028311998844146702;0.0299239993095398
2018-02-02;332.50872802734375;132.03639221191406;35.72624969482422;102.49378967285156;91.00215148925781;152.7548370361328;83.88021850585938;23.3623104095459;30.44794464111328;57.47121047973633;0.0259890007972717;0.028598999977111798;0.0294580006599426;0.030081000328064;0.031635000705719
2018-02-09;318.75030517578125;125.0945816040039;32.97395324707031;97.20406341552734;87.62580871582031;140.3186492919922;80.59008026123047;21.79886817932129;28.958759307861328;52.049015045166016;0.0253229999542236;0.0287569999694824;0.030025999546050997;0.030766999721527098;0.0323760008811951
2018-02-16;340.020751953125;131.0302276611328;34.38833236694336;100.44766998291016;91.3206787109375;148.32835388183594;84.47626495361328;23.138967514038086;30.535367965698242;52.571014404296875;0.026414999961853;0.029107000827789303;0.0299990010261536;0.030599000453949;0.032214000225067096
2018-02-23;341.572265625;136.16114807128906;33.66968536376953;101.12657165527344;93.41494750976562;148.5477294921875;86.36776733398438;23.138967514038086;27.070327758789062;53.25099182128906;0.0263669991493225;0.029047999382018998;0.030130999088287397;0.030897998809814503;0.0325769996643066
2018-03-02;330.0895080566406;122.72196197509766;33.42503356933594;97.10977935791016;90.2376937866211;144.37998962402344;85.4404067993164;22.941137313842773;25.86966896057129;51.89102554321289;0.026386001110076898;0.028928999900817903;0.029939999580383302;0.0306719994544983;0.0322560000419617
2018-03-09;339.5228271484375;132.67349243164062;34.26600646972656;98.75045013427734;93.99626159667969;151.26144409179688;88.6449966430664;23.464414596557617;26.00925064086914;51.21106719970703;0.026654999256134;0.0291400003433228;0.0301360011100769;0.030899999141693103;0.032590000629425
2018-03-16;316.49017333984375;131.17282104492188;33.519569396972656;96.99663543701172;91.9258804321289;148.67306518554688;86.86363220214844;23.47079849243164;26.14116859436035;51.59569549560547;0.0264919996261597;0.0285759997367859;0.0293670010566711;0.0300309991836548;0.031654000282287605
2018-03-23;307.4207458496094;120.9697036743164;32.648014068603516;92.91386413574219;85.21297454833984;134.97279357910156;80.05043029785156;22.009456634521484;25.041820526123047;50.06403732299805;0.0261080002784729;0.028269000053405803;0.0291589999198914;0.0298790001869202;0.0315120005607605
2018-03-29;314.009765625;123.560302734375;33.496429443359375;94.70537567138672;87.57006072998047;137.57994079589844;83.80593872070312;22.64759063720703;26.082538604736328;51.245399475097656;0.025648999214172397;0.027418999671936;0.0282130002975464;0.0289299988746643;0.0305250000953674
2018-04-06;312.3241882324219;119.87982177734375;33.87435531616211;94.62052154541016;87.309814453125;133.02359008789062;82.85101318359375;22.443395614624023;25.41413688659668;51.42399215698242;0.025875000953674298;0.0276729989051819;0.0285820007324219;0.0293740010261536;0.0308279991149902
2018-04-13;315.3505859375;125.94970703125;34.32939529418945;94.62052154541016;88.27826690673828;135.072998046875;85.46794128417969;23.177255630493164;25.217714309692383;53.46391677856445;0.0267300009727478;0.0281419992446899;0.0288809990882874;0.0295510005950928;0.0307170009613037
2018-04-20;324.34332275390625;129.12850952148438;33.73552322387695;94.51679229736328;89.21466064453125;136.4705810546875;87.23091125488281;23.375080108642578;25.499141693115234;54.260658264160156;0.028015999794006298;0.029547998905181897;0.0302110004425049;0.0307929992675781;0.0318840003013611
2018-04-27;326.4598388671875;121.94112396240234;33.40386962890625;93.564453125;87.55793762207031;122.9144287109375;87.98384094238281;23.611190795898438;25.590028762817383;53.4295654296875;0.0280229997634888;0.0295370006561279;0.0301620006561279;0.0306730008125305;0.031589000225067096
2018-05-04;320.28265380859375;123.33143615722656;32.671173095703125;95.37483978271484;86.78157806396484;124.94507598876953;87.37783813476562;22.232807159423828;25.66038703918457;52.81828308105469;0.0278349995613098;0.0295749998092651;0.030267999172210697;0.0306200003623962;0.0309730005264282
2018-05-11;329.6090393066406;130.48507690429688;32.50147247314453;96.2423095703125;91.12747192382812;128.58009338378906;89.71012878417969;22.875118255615234;24.597759246826172;56.39251708984375;0.0283349990844727;0.0298169994354248;0.0303480005264282;0.0306139993667603;0.030880000591278097
2018-05-18;338.0499267578125;131.20130920410156;32.53232955932617;97.9961166381836;88.94252014160156;125.54716491699219;88.86318969726562;22.965330123901367;24.674463272094727;56.40637969970703;0.0289520001411438;0.0307080006599426;0.0313289999961853;0.031640000343322795;0.0319510006904602
2018-05-25;346.57745361328125;131.31924438476562;32.70201110839844;96.36488342285156;88.56639099121094;125.59136199951172;90.70762634277344;22.991104125976562;24.32635498046875;54.60942840576172;0.0277530002593994;0.0293409991264343;0.0299930000305176;0.0304450011253357;0.0311310005187988
2018-06-01;343.3339538574219;129.35601806640625;33.257328033447266;93.68704986572266;86.757568359375;125.9447250366211;92.94855499267578;23.358400344848633;24.48270606994629;56.77410125732422;0.027532000541686998;0.028908998966217;0.029447000026702898;0.0298950004577637;0.0307800006866455
2018-06-08;355.6343688964844;130.8726806640625;33.89748764038086;98.04326629638672;88.92652893066406;130.36184692382812;93.72318267822266;23.62903594970703;24.886869430541992;58.00214385986328;0.0278320002555847;0.0292820000648499;0.0298550009727478;0.030288999080657998;0.0310540008544922
2018-06-15;344.45037841796875;126.40691375732422;34.33165740966797;102.63520812988281;86.357421875;129.33961486816406;92.33988952636719;23.42927360534668;24.69215965270996;55.962364196777344;0.0280940008163452;0.0293740010261536;0.029811999797821;0.030032000541686997;0.0302509999275208
2018-06-22;326.1922607421875;117.91345977783203;33.65468978881836;100.26851654052734;84.63665771484375;123.9948501586914;92.59813690185547;23.52593231201172;25.022567749023438;56.46188735961914;0.0277320003509521;0.029163999557495098;0.0297009992599487;0.0299699997901917;0.030239999294281002
2018-06-29;322.91986083984375;114.3155746459961;34.12935256958008;98.82588195800781;83.39613342285156;124.13363647460938;90.93814849853516;23.377729415893555;25.26742935180664;57.398529052734375;0.027311999797821;0.0286509990692139;0.0291560006141663;0.0294099998474121;0.029663999080657998
2018-07-06;322.08251953125;114.0965347290039;34.736297607421875;99.59175109863281;83.73666381835938;124.60064697265625;93.2897720336914;23.91254997253418;24.931119918823242;57.121002197265625;0.027135000228881802;0.028262999057769803;0.0287430000305176;0.028991000652313203;0.0292389988899231
2018-07-13;337.62646484375;118.59595489501953;34.814117431640625;104.55328369140625;85.58747863769531;126.94800567626953;97.22755432128906;24.18318748474121;25.8721923828125;57.80091857910156;0.0272720003128052;0.0283310008049011;0.0287660002708435;0.0289860010147095;0.0292059993743896
2018-07-20;341.58221435546875;115.99141693115234;35.234317779541016;105.95999908447266;89.54660034179688;127.43391418457031;98.002197265625;24.054311752319336;25.97840118408203;56.47575759887695;0.027650001049041698;0.029000000953674297;0.0296160006523132;0.029935998916626;0.0302579998970032
2018-07-27;347.1164245605469;120.85761260986328;35.957984924316406;107.04354858398438;93.3688735961914;130.88560485839844;99.30252075195312;24.750228881835938;25.99905014038086;56.8365478515625;0.028434998989105197;0.0296199989318848;0.0302250003814697;0.0305469989776611;0.0308699989318848
2018-08-03;335.3646545410156;117.42415618896484;36.27702713012695;108.44075775146484;94.22184753417969;130.80357360839844;99.63448333740234;26.345170974731445;26.432710647583008;55.6431884765625;0.028117001056671097;0.0295309996604919;0.030225999355316203;0.030597000122070298;0.0309730005264282
2018-08-10;328.2876281738281;115.22842407226562;35.85683059692383;107.10057830810547;93.12745666503906;127.44022369384766;100.51982116699219;26.598617553710938;26.758333206176758;55.670379638671875;0.0274399995803833;0.028770999908447302;0.029514000415802003;0.029928998947143598;0.030353000164032
2018-08-17;335.0486145019531;118.12777709960938;36.26145935058594;106.91049194335938;92.35494995117188;129.21336364746094;99.59209442138672;27.352453231811523;29.034183502197266;54.85726547241211;0.027451000213622997;0.028668999671936;0.029419999122619597;0.029862000942230196;0.030322999954223603
2018-08-24;337.93096923828125;117.16983032226562;35.50666427612305;106.3877182006836;92.28253936767578;130.4097900390625;100.35120391845703;27.553903579711914;28.17369270324707;55.810577392578125;0.027195999622345;0.0281419992446899;0.0288299989700317;0.029268000125885;0.029741001129150398
2018-08-31;331.556884765625;117.71240234375;34.68183517456055;106.47325897216797;92.20205688476562;133.98623657226562;103.9893798828125;26.98203468322754;28.443708419799805;56.19609832763672;0.0274309992790222;0.0285560011863708;0.0293390011787415;0.0298309993743896;0.0303600001335144
2018-09-07;337.8341979980469;119.80638885498047;35.576698303222656;105.47525787353516;91.99282836914062;135.03439331054688;100.17528533935547;27.42393684387207;28.434814453125;57.35969543457031;0.0282489991188049;0.0293650007247925;0.030158998966217;0.0306640005111694;0.031212000846862802
2018-09-14;348.00946044921875;122.8414077758789;36.09120178222656;103.84992218017578;91.33299255371094;132.0551300048828;104.95216369628906;27.917818069458008;28.066871643066406;58.123741149902344;0.0289400005340576;0.029835000038147;0.030492000579834002;0.0309270000457764;0.0314120006561279
2018-09-21;360.0321960449219;132.57373046875;36.55421447753906;104.93347930908203;94.83342742919922;137.42295837402344;105.77609252929688;28.632665634155273;28.455583572387695;59.700927734375;0.0295160007476807;0.0305960011482239;0.031275999546051;0.0316890001296997;0.0321289992332458
2018-09-28;359.7129821777344;129.27597045898438;36.248146057128906;111.14964294433594;90.80189514160156;133.8528289794922;105.8779067993164;28.6391658782959;27.86510467529297;59.59577941894531;0.0293339991569519;0.030462999343872102;0.0311619997024536;0.0315759992599487;0.0320099997520447
2018-10-05;373.8055419921875;129.9710693359375;36.00487518310547;109.09659576416016;92.88016510009766;135.42822265625;103.80425262451172;29.18504524230957;27.68706703186035;59.8200798034668;0.030715999603271503;0.0323460006713867;0.0332080006599426;0.0336809992790222;0.034161999225616496
2018-10-12;348.309326171875;120.44218444824219;35.06315612792969;107.03404235839844;86.6649169921875;125.92495727539062;101.43431091308594;28.450712203979492;28.13214874267578;57.04426956176758;0.029979000091552698;0.0314790010452271;0.032341001033783;0.032827000617981;0.0333270001411438
2018-10-19;344.5854797363281;112.03826141357422;36.35801315307617;113.0125961303711;87.44282531738281;126.9540786743164;100.59190368652344;28.918601989746094;28.82647705078125;57.45783615112305;0.0304830002784729;0.0319700002670288;0.032897999286651596;0.0334360003471375;0.0339919996261597
2018-10-26;347.496826171875;98.15717315673828;36.0362663269043;107.58533477783203;83.804443359375;117.48889923095703;99.01810455322266;27.683879852294922;29.357614517211914;54.34556198120117;0.0290689992904663;0.030789999961853002;0.0320129990577698;0.032757999897003204;0.0335450005531311
2018-11-02;346.02667236328125;107.32022094726562;37.6685676574707;109.4767837524414;87.82366943359375;122.48194122314453;98.27753448486328;27.898326873779297;30.069744110107422;57.44380569458008;0.030385999679565397;0.032163999080658;0.033406000137329105;0.0341650009155273;0.034967000484466604
2018-11-09;358.886474609375;108.27576446533203;38.986968994140625;112.15715789794922;90.18177032470703;127.74813842773438;101.43431091308594;28.997705459594727;31.321910858154297;57.26143264770508;0.0304380011558533;0.0319260001182556;0.0329500007629395;0.033570001125335695;0.0342239999771118
2018-11-16;326.4415283203125;110.87793731689453;39.37149429321289;110.4367904663086;89.1283187866211;132.7666015625;100.68243408203125;28.493440628051758;28.98670768737793;55.90900421142578;0.0289689993858337;0.0308279991149902;0.0321189999580383;0.032885999679565396;0.033685998916626
2018-11-23;303.4803466796875;104.35968780517578;38.469024658203125;106.53028106689453;86.42182159423828;125.87029266357422;95.82916259765625;28.251131057739258;28.218204498291016;53.452030181884766;0.02875;0.0306299996376038;0.0318840003013611;0.032613000869751;0.0333660006523132
2018-11-30;336.9455871582031;115.74954223632812;39.86475372314453;109.77143859863281;90.10072326660156;132.9824676513672;103.09978485107422;30.274688720703125;28.974834442138672;56.29136657714844;0.0285019993782043;0.0300710010528564;0.0315739989280701;0.032525999546050996;0.0335290002822876
2018-12-07;314.0718688964844;105.40910339355469;38.828590393066406;107.26083374023438;83.6990966796875;126.79130554199219;97.4561996459961;28.761932373046875;27.8023624420166;54.974369049072266;0.0270989990234375;0.028478000164032;0.0299410009384155;0.0308780002593994;0.031865999698638896
2018-12-14;309.72833251953125;108.15628814697266;39.02634048461914;107.47156524658203;81.26810455322266;125.42257690429688;98.58121490478516;28.683349609375;27.40258026123047;53.5157470703125;0.027525999546051;0.0286680006980896;0.0298399996757507;0.0308439993858337;0.032063000202179
2018-12-21;295.9302673339844;102.44007873535156;37.62631607055664;99.8278579711914;76.30887603759766;117.5237045288086;91.32918548583984;27.458742141723633;25.994417190551758;48.23355484008789;0.026524999141693102;0.0278099989891052;0.028863999843597398;0.0296390008926392;0.031075999736785903
2018-12-28;307.4254455566406;107.16664123535156;37.33366012573242;102.77806854248047;78.46434783935547;121.1181869506836;93.33744049072266;28.133258819580078;27.48611831665039;48.26895523071289;0.0254719996452332;0.027272999286651597;0.0285170006752014;0.029488000869750997;0.0315849995613098
2018-12-31;313.3722229003906;108.41226196289062;37.45229721069336;105.0290298461914;79.10453033447266;121.86648559570312;94.43452453613281;28.58511734008789;27.790422439575195;48.28311538696289;0.0250650000572205;0.0269910001754761;0.0283010005950928;0.0293179988861084;0.0314280009269714
2019-01-11;342.91180419921875;112.70368957519531;37.444393157958984;107.902587890625;81.6176528930664;122.93464660644531;95.578125;28.08087158203125;28.29462432861328;50.7826042175293;0.0253399991989136;0.026960000991821297;0.0285109996795654;0.029646999835968;0.0315700006484985
2019-01-18;354.406982421875;117.29273223876953;37.657955169677734;106.3604507446289;85.44081115722656;125.26907348632812;100.1431884765625;27.851667404174805;29.15682601928711;51.68184280395508;0.026350998878479;0.02769700050354;0.0290429997444153;0.030171000957489;0.0319939994812012
2019-01-25;353.8919982910156;117.51600646972656;37.4681282043457;106.40833282470703;84.46050262451172;125.29470825195312;99.64112091064453;26.61396598815918;28.9211368560791;50.7826042175293;0.0260159993171692;0.0273799991607666;0.0287549996376038;0.0298589992523193;0.031649000644683796
2019-02-01;376.4644775390625;112.40699768066406;38.52011489868164;106.60948181152344;84.86079406738281;127.37971496582031;95.5595474243164;28.326120376586914;28.00224494934082;53.756500244140625;0.025241999626159698;0.0268390011787415;0.0283229994773865;0.0294799995422363;0.0315260004997253
2019-02-08;395.4263610839844;110.42346954345703;39.15289306640625;106.81063079833984;82.80216979980469;127.80189514160156;98.24650573730469;27.8967342376709;28.515396118164062;52.96439743041992;0.0245880007743835;0.0262930011749268;0.0277920007705688;0.028859999179840102;0.0308299994468689
2019-02-15;408.18048095703125;116.94926452636719;35.783363342285156;107.84512329101562;86.22503662109375;134.50726318359375;100.61735534667969;28.009031295776367;29.831071853637695;55.634803771972656;0.025139000415802002;0.0265149998664856;0.0279439997673035;0.029098000526428202;0.0309969997406006
2019-02-22;414.1180725097656;119.07872772216797;35.81500244140625;110.39302062988281;85.77574157714844;134.8227996826172;103.61481475830078;28.37895965576172;29.699806213378906;56.14310836791992;0.0248569989204407;0.026522998809814503;0.0280739998817444;0.029291000366210903;0.0314079999923706
2019-03-01;430.29998779296875;118.03974151611328;35.894100189208984;109.20529174804688;85.3100814819336;133.62496948242188;105.07141876220703;28.64319610595703;29.216493606567383;57.2742805480957;0.025859000682830802;0.0275629997253418;0.0291860008239746;0.0304999995231628;0.0325309991836548
2019-03-08;412.6434631347656;112.7847671508789;35.46697998046875;109.01370239257812;84.15007019042969;129.37451171875;103.185302734375;27.011545181274414;29.11505889892578;56.56553268432617;0.024419999122619596;0.0261479997634888;0.0278110003471375;0.0291170001029968;0.0313680005073547
2019-03-15;370.1134338378906;113.91822814941406;36.143619537353516;110.115234375;87.04196166992188;134.00491333007812;108.22736358642578;27.599468231201172;29.52067756652832;57.381683349609375;0.0241639995574951;0.025913000106811503;0.0276550006866455;0.0290799999237061;0.0316240000724792
2019-03-22;353.6874084472656;111.4280776977539;36.646278381347656;103.66887664794922;81.4951400756836;131.8024444580078;109.29181671142578;27.645708084106445;29.478679656982422;57.617950439453125;0.022613000869750998;0.0245530009269714;0.026300001144409203;0.0276609992980957;0.0301780009269714
2019-03-29;372.4865417480469;116.33961486816406;37.38829803466797;106.35086059570312;82.69596862792969;133.81173706054688;110.12281799316406;28.055269241333008;29.253719329833984;57.84703826904297;0.0223979997634888;0.0241429996490479;0.0256590008735657;0.026939001083374003;0.0295379996299744
2019-04-05;382.7503662109375;120.52129364013672;37.0771369934082;110.15354919433594;86.68726348876953;138.7255096435547;111.94358825683594;28.398784637451172;29.643646240234375;59.05695343017578;0.0232489991188049;0.0250609993934631;0.0266790008544922;0.0279699993133545;0.030525999069213897
2019-04-12;370.74822998046875;121.24254608154297;37.29256057739258;124.57888793945312;91.54393005371094;140.01998901367188;112.93331909179688;27.55323028564453;30.462505340576172;57.93293762207031;0.0239079999923706;0.0256590008735657;0.027242999076843303;0.028568999767303496;0.0312159991264343
2019-04-18;371.16815185546875;123.84339904785156;37.88298034667969;126.86815643310547;93.39602661132812;140.96023559570312;115.19291687011719;26.01405143737793;30.948415756225586;58.083282470703125;0.023822999000549298;0.025717000961303704;0.0272740006446838;0.0285249996185303;0.0310179996490479
2019-04-26;371.87127685546875;120.10285949707031;38.50531005859375;134.02334594726562;94.2274398803711;123.43678283691406;121.2807846069336;26.40379524230957;30.453510284423828;57.62507629394531;0.0229959988594055;0.0251959991455078;0.026844999790191698;0.0281800007820129;0.0307170009613037
2019-05-03;367.6427001953125;120.12879180908203;38.872337341308594;128.66893005371094;95.58564758300781;119.28295135498047;120.35636138916016;27.341840744018555;30.618480682373047;55.462989807128906;0.0234100008010864;0.025420000553131098;0.0270009994506836;0.0282209992408752;0.0306789994239807
2019-05-10;348.35296630859375;113.45976257324219;38.449462890625;128.3911590576172;92.6140365600586;113.25504302978516;118.70370483398438;27.137815475463867;30.7298583984375;55.43977737426758;0.0227360010147095;0.0248280000686646;0.026382999420165996;0.0276990008354187;0.030350999832153298
2019-05-17;348.69671630859375;106.0478286743164;39.25532150268555;129.34901428222656;91.1817398071289;108.8951187133789;120.02406311035156;27.637651443481445;30.413246154785156;54.969078063964844;0.0218099999427795;0.0240569996833801;0.025731999874114998;0.027088999748229998;0.0296970009803772
2019-05-24;348.578857421875;106.16873931884766;39.582454681396484;127.19380950927734;90.30917358398438;107.8782730102539;118.30902862548828;27.95754623413086;30.95903205871582;53.658382415771484;0.0213070011138916;0.0234170007705688;0.0250550007820129;0.026429998874664302;0.0290100002288818
2019-05-31;335.52557373046875;103.49942016601562;39.19947814941406;126.4754409790039;87.22232818603516;103.76034545898438;115.90982818603516;27.670976638793945;30.588136672973633;51.24702453613281;0.0194470000267029;0.0215939998626709;0.0231820011138916;0.0246390008926392;0.0272699999809265
2019-06-07;347.4002685546875;107.51638793945312;41.08243942260742;132.22259521484375;89.85643768310547;108.21603393554688;123.14480590820312;28.60400390625;31.981246948242188;54.0059928894043;0.0186930000782013;0.0210430002212524;0.0228670001029968;0.0245059990882874;0.0274460005760193
2019-06-14;340.9767150878906;109.90931701660156;41.25841522216797;135.68043518066406;90.39974212646484;108.26799774169922;124.12884521484375;28.49737548828125;32.88888931274414;53.83942413330078;0.018647999763488802;0.021059999465942402;0.0229879999160767;0.0246889996528625;0.0277169990539551
2019-06-21;365.2171325683594;115.66259002685547;41.45139694213867;134.3202667236328;90.0869140625;112.59379577636719;128.3649139404297;29.103836059570312;33.51005172729492;56.25803756713867;0.0182519996166229;0.0208260011672974;0.022832000255584697;0.024632000923156698;0.0277710008621216
2019-06-28;357.5265808105469;117.73589324951172;40.944820404052734;133.75514221191406;92.02960968017578;112.58727264404297;125.54401397705078;28.870586395263672;33.31707763671875;55.490455627441406;0.0177020001411438;0.0201869988441467;0.0222359991073608;0.024040000438690198;0.0270449995994568
2019-07-05;349.521728515625;117.04480743408203;41.901695251464844;137.29171752929688;94.08213806152344;111.71695709228516;128.44921875;29.27045249938965;33.76636505126953;55.128387451171875;0.0184899997711182;0.020527999401092498;0.0225480008125305;0.0242810010910034;0.0270989990234375
2019-07-12;358.8230895996094;119.52407836914062;41.90972900390625;139.6337432861328;95.58257293701172;112.58727264404297;130.17364501953125;28.257448196411133;34.556392669677734;56.214576721191406;0.018763999938964798;0.0212630009651184;0.023347001075744597;0.025151998996734603;0.028189001083374
2019-07-19;370.6387939453125;118.589599609375;41.32273864746094;134.785888671875;94.12357330322266;112.11312866210938;128.03688049316406;28.50403594970703;34.34531021118164;54.3028678894043;0.0180840003490448;0.0204830002784729;0.022653999328613297;0.0245110011100769;0.0275139999389648
2019-07-26;338.8551940917969;115.70819091796875;43.55814743041992;139.41204833984375;96.34525299072266;113.00294494628906;132.46034240722656;28.717300415039062;34.0799674987793;54.17253494262695;0.018641999959945702;0.020771999359130898;0.022829000949859603;0.0246989989280701;0.0277379989624023
2019-08-02;333.5120849609375;108.413330078125;42.07860565185547;136.57852172851562;93.61788940429688;110.77511596679688;128.29930114746094;25.562002182006836;32.9883918762207;51.95667266845703;0.016770000457763702;0.0185660004615784;0.0206220006942749;0.022583999633789098;0.025706000328064
2019-08-09;333.606689453125;103.92147064208984;42.9550666809082;133.50404357910156;90.97342681884766;106.17655181884766;129.05844116210938;24.452077865600586;32.508365631103516;51.297706604003906;0.0157889997959137;0.0174210000038147;0.0193239998817444;0.0211540007591248;0.0241109991073608
2019-08-16;326.58966064453125;101.35350036621094;43.75113296508789;130.3042449951172;89.298828125;105.85682678222656;128.0025177001953;23.30851173400879;34.2386360168457;50.073368072509766;0.0143789994716644;0.015611000061035201;0.0172720003128052;0.018934999704361;0.0215420007705688
2019-08-23;351.8510437011719;99.2903823852539;43.21238708496094;126.90209197998047;87.88955688476562;102.15350341796875;125.42613220214844;23.099979400634766;33.5841064453125;49.479522705078125;0.0141649997234344;0.0153970003128052;0.0171800005435944;0.018954000473022502;0.021758999824523898
2019-08-30;359.8366394042969;103.5906982421875;44.25770568847656;132.28964233398438;91.07289123535156;106.00106048583984;129.6291961669922;23.913928985595703;34.623470306396484;50.20533752441406;0.0140160000324249;0.0152240002155304;0.0168760001659393;0.0184879994392395;0.0210209989547729
2019-09-06;358.7593688964844;106.81157684326172;44.410484313964844;134.4967498779297;93.35260009765625;107.45618438720703;130.795166015625;24.552978515625;34.76588821411133;52.001529693603516;0.0144079995155334;0.0157410001754761;0.017423000335693398;0.0190100002288818;0.021558001041412398
2019-09-13;375.3235778808594;116.45684814453125;43.94951248168945;133.02215576171875;99.66949462890625;112.37210083007812;129.12142944335938;24.828777313232422;35.58406066894531;53.25517272949219;0.017738000154495198;0.0190729999542236;0.020852000713348404;0.0225009989738464;0.0251079988479614
2019-09-20;374.9579162597656;111.56458282470703;43.66602325439453;127.4803695678711;98.56696319580078;109.3045654296875;131.11488342285156;24.680789947509766;35.44768524169922;52.844642639160156;0.0163289999961853;0.017525999546051;0.0190789997577667;0.0206030011177063;0.0231809997558594
2019-09-27;378.3873596191406;110.1978759765625;43.990013122558594;125.2540054321289;97.58875274658203;107.84291076660156;129.50697326660156;24.364620208740234;35.893131256103516;52.404747009277344;0.0157430005073547;0.0169959998130798;0.0186339998245239;0.020211999416351302;0.0227839994430542
2019-10-04;371.31103515625;105.36653900146484;44.17630386352539;125.55278015136719;95.78005981445312;102.13384246826172;129.8737030029297;24.169546127319336;35.80525588989258;50.564579010009766;0.0135979998111725;0.015367000102996799;0.0172599995136261;0.01894700050354;0.0216059994697571
2019-10-11;370.5401306152344;111.77349090576172;43.17192077636719;125.31181335449219;97.05021667480469;103.62828826904297;131.34056091308594;24.290632247924805;36.435550689697266;50.57190704345703;0.0161329996585846;0.0176499998569489;0.0196229994297028;0.0213019990921021;0.0233509993553162
2019-10-18;339.9813537597656;114.67874908447266;44.37069320678711;126.15032196044922;100.7436752319336;106.90556335449219;129.20608520507812;24.526073455810547;36.10222244262695;49.5675048828125;0.0158410000801086;0.0176150000095367;0.0197360002994537;0.0215450000762939;0.0238720011711121
2019-10-25;335.86004638671875;122.59246063232422;43.53641891479492;126.15995025634766;105.3145980834961;108.86540222167969;132.32785034179688;24.734601974487305;36.07191848754883;50.76985549926758;0.0164730000495911;0.0180239999294281;0.020132999420165998;0.0220090007781982;0.024112999439239502
2019-11-01;341.1574401855469;126.7686767578125;43.65791320800781;127.94296264648438;106.79365539550781;111.48725128173828;135.1393280029297;25.82434844970703;35.64163589477539;51.02644348144531;0.0157149994373322;0.0173000001907349;0.0194280004501343;0.021261000633239702;0.0232080006599426
2019-11-08;348.92401123046875;129.98854064941406;42.2890510559082;132.96429443359375;108.94959259033203;113.49298095703125;137.24562072753906;25.16381072998047;36.19313430786133;52.509952545166016;0.017703000307083102;0.0196809995174408;0.021761999130249;0.023529999256134002;0.025618999004364
2019-11-15;369.481689453125;127.48811340332031;42.661643981933594;139.4313507080078;108.23931121826172;112.66053009033203;141.01617431640625;25.320035934448242;36.02041244506836;51.337608337402344;0.0166989994049072;0.0185749995708466;0.020722999572753902;0.0224830007553101;0.0241919994354248
2019-11-22;369.1437072753906;126.2334976196289;42.95323944091797;142.9202423095703;109.2922134399414;110.80621337890625;141.13751220703125;26.03317642211914;36.16889953613281;51.47117614746094;0.0163979995250702;0.017918000221252398;0.0198819994926453;0.021577000617981002;0.0233459997177124
2019-11-29;364.01422119140625;126.9792251586914;43.57601547241211;146.0911102294922;110.1027603149414;112.24090576171875;142.8263702392578;26.162227630615234;36.08707809448242;50.55112075805664;0.0164800000190735;0.0180900001525879;0.0199269998073578;0.0214190006256104;0.023127000331878703
2019-12-06;351.9957275390625;125.21572875976562;44.40836715698242;142.31304931640625;112.84363555908203;113.36479949951172;143.1754608154297;26.006004333496094;36.4589729309082;51.575042724609375;0.01692999958992;0.0186510002613068;0.0206089997291565;0.022237000465393102;0.0238989996910095
2019-12-13;339.6492004394531;127.68109130859375;44.40836715698242;141.92466735839844;114.32271575927734;111.5929946899414;145.79843139648438;26.03317642211914;36.61419677734375;51.367305755615234;0.0168099999427795;0.018461999893188502;0.020350000858306898;0.021942999362945602;0.0236330008506775
2019-12-20;326.0600280761719;129.47093200683594;44.85718536376953;142.40945434570312;114.68201446533203;115.94322967529297;148.515625;26.644441604614258;36.61419677734375;51.89411163330078;0.017473000288009598;0.019545999765396102;0.0213840007781982;0.022820999622345003;0.0246399998664856
2019-12-27;328.1874084472656;130.09381103515625;45.16727066040039;141.31382751464844;116.26971435546875;117.19281005859375;149.97805786132812;26.7055721282959;36.40113067626953;51.85700607299805;0.0169120001792908;0.0191390001773834;0.021061999797821;0.0225430011749268;0.0244639992713928
2019-12-31;323.83331298828125;129.5674285888672;45.16727066040039;140.22793579101562;116.48698425292969;116.63743591308594;148.78932189941406;26.610483169555664;36.17283248901367;51.77538299560547;0.0171010005474091;0.0196109998226166;0.021649000644683798;0.023224000930786103;0.025292000770568798
2020-01-03;330.7919006347656;130.23422241210938;44.62868881225586;142.041015625;116.34333801269531;117.97952270507812;149.65728759765625;26.440692901611328;35.88367462158203;52.1834602355957;0.0160609996318817;0.0182889997959137;0.0203320002555847;0.0219120001792908;0.0239420008659363
2020-01-10;327.96868896484375;128.20748901367188;45.31414794921875;140.2182159423828;114.43429565429688;119.31502532958984;152.22357177734375;26.821033477783203;35.424068450927734;51.300506591796875;0.0163950002193451;0.0185259997844696;0.020574998855590797;0.0221709990501404;0.024072000980377203
2020-01-17;322.2328186035156;130.5646209716797;46.464752197265625;139.93704223632812;116.22564697265625;119.89682006835938;157.6581573486328;27.5137996673584;34.99183654785156;50.87017059326172;0.0163610005378723;0.0186080002784729;0.0208529996871948;0.0225309991836548;0.0241109991073608
2020-01-24;321.1393127441406;124.02664947509766;47.068626403808594;135.81642150878906;111.97860717773438;117.78121948242188;155.71446228027344;27.045154571533203;34.81224822998047;49.20813751220703;0.0151689994335175;0.0171449995040894;0.0191470003128052;0.020764999389648403;0.0229200005531311
2020-01-31;316.3875732421875;116.04859924316406;47.656158447265625;134.1002655029297;111.314208984375;104.89569854736328;160.61122131347656;25.551233291625977;34.84878158569336;46.09181213378906;0.0132550001144409;0.015288000106811498;0.017380000352859498;0.0191589999198914;0.0216499996185303
2020-02-07;334.75830078125;117.83328247070312;48.300819396972656;136.72781372070312;115.35939025878906;105.83448028564453;173.49935913085938;26.106992721557617;35.44538116455078;45.609527587890625;0.0141530001163483;0.0160319995880127;0.0180079996585846;0.0196850001811981;0.022056000232696504
2020-02-14;340.489990234375;121.91507720947266;48.92100524902344;135.29283142089844;115.6032943725586;107.41332244873047;174.87692260742188;25.050363540649414;35.88367462158203;45.647151947021484;0.0142379999160767;0.0161010003089905;0.0180830001831055;0.019708000421524;0.0219109988212585
2020-02-21;330.3800048828125;121.2259521484375;49.06787872314453;134.74017333984375;114.21566009521484;104.69143676757812;168.95912170410156;24.50832176208496;36.09370803833008;44.50315475463867;0.0130879998207092;0.0147329998016357;0.0166340005397797;0.0182539999485016;0.0204780006408691
2020-02-28;275.1099853515625;109.76686096191406;43.64946365356445;114.0691146850586;97.64802551269531;99.56129455566406;153.27325439453125;22.930240631103516;32.77593994140625;38.71541213989258;0.00921400010585785;0.0114900004863739;0.0136660003662109;0.015576000213623;0.0183290004730225
2020-03-06;262.3299865722656;107.26653289794922;45.09383010864258;111.76154327392578;90.89483642578125;102.5032730102539;152.8569793701172;24.028038024902344;35.68278884887695;35.89303970336914;0.00620199978351593;0.00795499980449677;0.00995700001716614;0.0117799997329712;0.0142900002002716
2020-03-13;170.1999969482422;88.0326156616211;39.899864196777344;99.39960479736328;87.38786315917969;94.51783752441406;150.2646484375;22.443096160888672;34.73008728027344;28.690349578857422;0.00817900002002716;0.0103120005130768;0.0120650005340576;0.0142009997367859;0.018775999546051
2020-03-20;95.01000213623047;84.3748779296875;31.528059005737305;83.3630599975586;70.22315216064453;83.31689453125;129.943115234375;19.90443992614746;34.84400939941406;24.64118766784668;0.00699699997901917;0.0104019999504089;0.0127330005168915;0.014782999753952;0.0190900003910065
2020-03-27;162.0;93.15693664550781;35.240623474121094;93.46588897705078;76.63994598388672;88.88731384277344;141.6270751953125;21.201208114624023;33.50185775756836;27.809768676757812;0.004882000088691709;0.00790000021457672;0.010152000188827498;0.0119620001316071;0.0148549997806549
2020-04-03;124.5199966430664;101.31169128417969;36.08027648925781;91.02259063720703;71.42021942138672;89.25425720214844;145.5343780517578;23.081188201904297;36.528560638427734;29.51071548461914;0.00436699986457825;0.00708599984645844;0.00955200016498566;0.011568000316619899;0.0141250002384186
2020-04-09;151.83999633789062;110.46483612060547;40.33615493774414;101.31935119628906;87.31877136230469;98.58728790283203;156.2344207763672;24.28190040588379;37.23786163330078;32.46103286743164;0.00459800004959106;0.00800999999046326;0.0106289994716644;0.012548999786377;0.015025000572204602
2020-04-17;154.0;103.69517517089844;39.56235885620117;103.38451385498047;80.87776947021484;97.70670318603516;168.96859741210938;25.324813842773438;40.39298629760742;32.528770446777344;0.00402399986982346;0.0072159999608993495;0.009818999767303471;0.0117830002307892;0.0142890000343323
2020-04-24;128.97999572753906;101.68012237548828;37.397369384765625;98.11009979248047;77.07945251464844;98.06693267822266;165.13699340820312;25.647294998168945;39.57364273071289;32.91261672973633;0.0039669999480247495;0.006617000102996829;0.00894699990749359;0.0108490002155304;0.0133459997177124
2020-05-01;133.3699951171875;98.86259460449219;37.53731155395508;102.2889175415039;79.23778533935547;99.13432312011719;165.15589904785156;25.825681686401367;37.580291748046875;32.468563079833984;0.00405600011348724;0.00690100014209747;0.00936999976634979;0.011496000289917001;0.014618999958038299
2020-05-08;133.44000244140625;99.95928192138672;37.9571418762207;105.83751678466797;78.77043914794922;99.07427978515625;174.72068786621094;25.792015075683594;37.75173568725586;34.756561279296875;0.00375099986791611;0.00723800003528595;0.0101170003414154;0.0125559997558594;0.016267000436782798
2020-05-15;120.0;96.223388671875;35.61105728149414;105.73087310791016;72.99224090576172;92.52316284179688;173.2826690673828;26.166215896606445;38.672950744628906;32.22346496582031;0.0034860000014305097;0.00683799982070923;0.00950100004673004;0.0117239999771118;0.015113999843597401
2020-05-22;137.52999877929688;100.28026580810547;37.068092346191406;114.42784881591797;76.02578735351562;98.66228485107422;174.09732055664062;25.98604393005371;38.17856216430664;34.21824645996094;0.00361600011587143;0.00685599982738495;0.00967199981212616;0.0120840001106262;0.0157120001316071
2020-05-29;145.85000610351562;107.11003112792969;38.426361083984375;113.72976684570312;82.68769073486328;105.39967346191406;173.8506317138672;26.464187622070312;38.09565734863281;34.8857421875;0.0033610001206398;0.0068419998884201;0.00993799984455109;0.0125590002536774;0.0163549995422363
2020-06-05;205.42999267578125;120.47541809082031;40.41023635864258;121.02086639404297;94.5160140991211;112.79059600830078;177.5980682373047;24.939668655395508;37.32796859741211;40.72433853149414;0.005073999762535099;0.009420999884605409;0.0126839995384216;0.015281000137329099;0.018999999761581402
2020-06-12;189.50999450683594;109.80274963378906;37.878334045410156;111.974853515625;84.863037109375;104.34191131591797;178.11036682128906;23.387441635131836;36.154937744140625;36.19002914428711;0.0036520001292228697;0.00732200026512146;0.0104739999771118;0.0130159997940063;0.0165690004825592
2020-06-19;187.02000427246094;113.6456298828125;38.22721862792969;110.86955261230469;83.1125717163086;106.55178833007812;185.14027404785156;23.15876007080078;36.80287170410156;35.27702713012695;0.0036579999327659603;0.00723299980163574;0.010407999753952;0.013056000471115098;0.0168599998950958
2020-06-26;170.00999450683594;109.1251220703125;36.192081451416016;105.77935028076172;78.67695617675781;102.75863647460938;186.25978088378906;22.202472686767578;36.333045959472656;33.46637725830078;0.00326799988746643;0.00665000021457672;0.00962100028991699;0.012123999595642102;0.015809999704361
2020-07-02;180.80999755859375;113.87744903564453;37.2802619934082;108.76559448242188;79.50370025634766;105.803955078125;195.680419921875;23.914093017578125;36.606346130371094;33.81930160522461;0.0032760000228881803;0.00695200026035309;0.0100409996509552;0.0126289999485016;0.0165040004253387
2020-07-10;178.44000244140625;114.1360092163086;37.504539489746094;115.7076644897461;82.60112762451172;102.98097229003906;202.71034240722656;23.4428768157959;40.128475189208984;32.72216796875;0.0032980000972747804;0.00663600027561188;0.0094080001115799;0.0117630004882812;0.0153649997711182
2020-07-17;175.66000366210938;122.97664642333984;38.891746520996094;115.0386734008789;84.22277069091797;107.68367767333984;192.47378540039062;25.119836807250977;40.453983306884766;33.3896598815918;0.00313199996948242;0.00648800015449524;0.00932399988174438;0.0116949999332428;0.0152629995346069
2020-07-24;173.75999450683594;123.58747100830078;40.278961181640625;114.03031921386719;84.32572937011719;107.6904296875;190.97479248046875;26.09691619873047;40.300445556640625;33.32060623168945;0.0029890000820159903;0.0060360002517700195;0.00862999975681305;0.0108150005340576;0.0141209995746613
2020-07-31;158.0;119.36550903320312;39.24063491821289;113.3807144165039;82.9185791015625;101.37747955322266;194.49453735351562;26.925762176513672;39.735435485839844;32.284854888916016;0.0024310000240802803;0.00551699995994568;0.00813799977302551;0.0103649997711182;0.0138329994678497
2020-08-07;170.02000427246094;121.19805908203125;39.7057991027832;125.975341796875;85.26952362060547;106.67304992675781;201.5813751220703;26.90477180480957;39.910457611083984;33.32827377319336;0.00260500013828278;0.0057340002059936505;0.008453999757766721;0.010700999498367302;0.014079999923706099
2020-08-14;178.0800018310547;125.7254409790039;40.2457389831543;126.55708312988281;87.86933898925781;111.90798950195312;198.1849822998047;26.63187026977539;40.885467529296875;33.79800033569336;0.00333700001239777;0.007149999737739559;0.0102779996395111;0.012775000333786;0.0164339995384216
2020-08-21;167.5;124.35102844238281;39.273860931396484;123.5611343383789;83.50202941894531;109.94197082519531;202.58221435546875;27.205652236938477;40.58638000488281;32.08462905883789;0.00299199998378754;0.00642199993133545;0.00941399991512299;0.011855000257492102;0.0153610002994537
2020-08-28;175.8000030517578;129.02218627929688;41.392059326171875;131.4145965576172;88.17823028564453;112.62747192382812;217.69361877441406;26.526918411254883;43.259666442871094;31.834280014038086;0.00317099988460541;0.0075330001115799;0.0110689997673035;0.013681000471115099;0.0171050000190735
2020-09-04;171.0500030517578;133.1094512939453;42.39715576171875;127.97266387939453;88.82173156738281;112.70225524902344;203.75193786621094;25.442325592041016;44.03974914550781;30.574682235717773;0.00331200003623962;0.0072460001707077;0.010514999628067002;0.0130110001564026;0.016356999874115
2020-09-11;160.22999572753906;138.184814453125;42.41377258300781;127.73994445800781;86.71957397460938;112.97421264648438;194.03271484375;25.23940658569336;42.1496467590332;28.86913299560547;0.0028580000996589697;0.00675000011920929;0.0100150001049042;0.0125100004673004;0.0158809995651245
2020-09-18;161.13999938964844;136.8912353515625;42.24629592895508;124.71492004394531;84.38579559326172;115.27217102050781;190.57101440429688;25.63125228881836;41.71489715576172;29.09601593017578;0.0030919998884201;0.00703700006008148;0.010319999456405599;0.012833000421523999;0.0162380003929138
2020-09-25;156.02999877929688;131.0703125;40.79761505126953;120.225830078125;80.19867706298828;108.96295928955078;197.6370086669922;25.225404739379883;42.32540512084961;27.100994110107422;0.00287200003862381;0.00661499977111816;0.00978100001811981;0.012282999753951999;0.015819000005722
2020-10-02;168.0800018310547;134.69039916992188;41.33354949951172;118.8199691772461;83.99109649658203;109.02415466308594;196.08685302734375;25.456321716308594;43.32134246826172;25.80227279663086;0.0030799999833107;0.00702899992465973;0.0103670001029968;0.0129840004444122;0.0166170001029968
2020-10-09;167.3300018310547;142.7751007080078;42.547760009765625;121.17601013183594;87.63687896728516;115.10221862792969;205.23545837402344;25.74321174621582;44.02433776855469;27.179227828979492;0.0036680001020431502;0.00792500019073486;0.011308000087738;0.013907999992370601;0.017558000087737998
2020-10-16;167.35000610351562;151.5873565673828;41.89459228515625;122.95030975341797;87.90532684326172;116.23760986328125;208.89686584472656;26.554899215698242;44.61943435668945;26.678516387939453;0.0034549999999999997;0.007579;0.010853;0.013392;0.016989
2020-10-23;167.36000061035156;152.36863708496094;42.30491256713867;124.44345092773438;89.89707946777344;115.44214630126953;205.63491821289062;26.715843200683594;44.3542594909668;26.725454330444336;0.003997;0.008598;0.01201;0.014558;0.018178
2020-10-30;144.38999938964844;141.93902587890625;40.24494171142578;117.55953979492188;84.90038299560547;108.75221252441406;192.54917907714844;24.82655906677246;42.78173065185547;25.52062225341797;0.004124;0.008979000000000001;0.012299;0.014667;0.018147
2020-11-06;157.74000549316406;145.7710723876953;41.408905029296875;123.58052825927734;89.16099548339844;110.8326187133789;212.75790405273438;25.732255935668945;44.94626235961914;25.64579963684082;0.0038940000000000003;0.008395;0.011707;0.014098999999999999;0.017417000000000002
2020-11-13;187.11000061035156;155.18846130371094;44.75846862792969;134.14877319335938;98.79066467285156;115.43533325195312;205.9011993408203;27.301639556884766;46.41703414916992;28.90863609313965;0.004351;0.009000000000000001;0.012293;0.01462;0.017923
2020-11-20;199.6199951171875;155.65846252441406;44.10529327392578;136.7762908935547;99.2149887084961;118.55973815917969;200.60488891601562;27.34532928466797;46.32453155517578;29.59769058227539;0.004089;0.008396;0.011404000000000001;0.013579;0.016792
2020-11-27;216.5;158.23419189453125;44.13041305541992;142.65184020996094;104.9737319946289;121.30276489257812;205.21975708007812;27.740232467651367;46.743873596191406;32.20170593261719;0.00396;0.008502;0.01167;0.013955;0.017287
2020-12-04;232.7100067138672;164.67822265625;45.44699478149414;149.44845581054688;105.9436264038086;118.264892578125;204.39027404785156;30.057506561279297;45.91444396972656;33.39554977416992;0.004521;0.009858;0.013329;0.015634;0.018884
2020-12-11;230.3300018310547;162.03915405273438;45.0250129699707;170.37164306640625;103.53620910644531;119.33467864990234;203.34141540527344;30.638690948486328;45.4911994934082;35.09416961669922;0.003906;0.009033;0.012365;0.014573000000000001;0.017758
2020-12-18;219.75;163.54847717285156;45.354164123535156;167.62777709960938;103.12055206298828;120.98048400878906;208.4235076904297;28.075529098510742;45.166259765625;34.236846923828125;0.004112;0.009568;0.013071999999999999;0.015312;0.01846
2020-12-24;217.14999389648438;162.28317260742188;45.10097122192383;168.4421844482422;107.8314437866211;119.67752838134766;212.3900909423828;27.770034790039062;44.4080810546875;33.331451416015625;0.0040089999999999995;0.009447;0.012916;0.015074;0.018068999999999998
2020-12-31;214.05999755859375;164.5064697265625;46.282501220703125;175.6654510498047;110.0396957397461;119.8626937866211;212.0753631591797;27.42729377746582;44.609214782714844;33.02698516845703;0.0039000000000000003;0.009331;0.012775000000000002;0.014903;0.017908
2021-01-08;209.89999389648438;175.56878662109375;43.1092414855957;173.2512664794922;118.63851165771484;114.26012420654297;209.40560913085938;27.66573143005371;45.37669372558594;36.42422103881836;0.005143;0.011434;0.015063;0.017204;0.020293000000000002
2021-01-15;204.32000732421875;175.89414978027344;41.100616455078125;166.22190856933594;120.9236831665039;113.52632141113281;202.75978088378906;27.34532928466797;44.7608642578125;38.37123107910156;0.004863;0.011242;0.014962;0.017071;0.02007
2021-01-22;205.83999633789062;174.39492797851562;40.92338943481445;167.52113342285156;116.69343566894531;115.91962432861328;215.44119262695312;27.233562469482422;45.28386306762695;38.002662658691406;0.004672;0.011167;0.014962;0.017100999999999998;0.020091
2021-01-29;194.19000244140625;166.1267547607422;40.636444091796875;163.0514373779297;112.22771453857422;120.45928955078125;221.17172241210938;27.040245056152344;43.47659683227539;35.927459716796875;0.004779;0.011332;0.015152;0.017319;0.020213000000000002
2021-02-05;207.92999267578125;175.3580780029297;41.902374267578125;175.6460723876953;120.34800720214844;122.756591796875;230.9354248046875;26.302093505859375;44.674217224121094;40.02177047729492;0.004972;0.012091000000000001;0.016231;0.018469;0.021408
2021-02-12;210.97999572753906;179.8919219970703;42.78009796142578;181.95791625976562;123.20018005371094;123.55379486083984;233.59567260742188;26.151453018188477;44.708248138427734;41.16590118408203;0.005152;0.012361;0.016557;0.018867000000000002;0.021741999999999997
2021-02-19;217.47000122070312;190.72230529785156;42.290611267089844;178.06027221679688;129.10504150390625;122.0604019165039;230.29183959960938;25.94055938720703;42.811248779296875;42.67335891723633;0.0060680000000000005;0.013985000000000001;0.018156000000000002;0.020352000000000002;0.02319
2021-02-26;212.00999450683594;196.14659118652344;41.345367431640625;183.2862091064453;128.36366271972656;121.03711700439453;222.08248901367188;25.225006103515625;40.205562591552734;44.303043365478516;0.007704;0.015406;0.019163;0.021193;0.023332000000000002
2021-03-05;223.22000122070312;200.0353546142578;42.8644905090332;184.20730590820312;131.625732421875;125.0057601928711;221.33709716796875;25.902894973754883;39.95798873901367;49.64841842651367;0.008146;0.016591;0.02045;0.022332;0.02413
2021-03-12;269.19000244140625;208.0673065185547;42.8553466796875;191.15908813476562;136.19610595703125;127.85433197021484;225.30313110351562;26.317161560058594;41.50530242919922;50.495853424072266;0.008674;0.017463;0.021521;0.023563;0.025566
2021-03-19;255.82000732421875;204.69644165039062;43.2382926940918;185.3223114013672;135.315185546875;130.4747772216797;220.14244079589844;26.761554718017578;40.938987731933594;46.030513763427734;0.009104;0.018512;0.022401;0.024131999999999997;0.02629
2021-03-26;244.8699951171875;208.52162170410156;45.13597106933594;180.2611846923828;135.2715606689453;134.74070739746094;226.00076293945312;27.303863525390625;41.99244689941406;47.02462387084961;0.008662;0.017763;0.021514000000000002;0.023195;0.025495999999999998
2021-04-01;252.9600067138672;211.4654541015625;44.684959411621094;183.21835327148438;134.0679168701172;133.23350524902344;231.61068725585938;27.341522216796875;42.14473342895508;46.76387405395508;0.009226;0.017936;0.021275;0.022795;0.025136
2021-04-09;252.36000061035156;209.65736389160156;45.255104064941406;182.17123413085938;137.1123809814453;136.8979034423828;244.51243591308594;27.567487716674805;43.43748092651367;45.52531051635742;0.008921;0.017615000000000002;0.021098;0.022702;0.025116
2021-04-16;248.17999267578125;212.02879333496094;45.680599212646484;181.56040954589844;134.4978485107422;137.2989044189453;249.18572998046875;29.051319122314453;43.695396423339844;46.16903305053711;0.008515;0.016808;0.020323;0.02199;0.024206
2021-04-23;238.3800048828125;210.02099609375;46.352874755859375;177.449462890625;131.769287109375;139.80177307128906;249.5775909423828;29.119098663330078;43.47476577758789;45.28085708618164;0.008456;0.016723;0.0202;0.021859000000000003;0.024211
2021-04-30;234.30999755859375;208.195556640625;45.93589401245117;180.358154296875;134.94528198242188;136.30331420898438;241.0050811767578;29.11156463623047;43.477867126464844;46.64165115356445;0.008768;0.017404;0.020833;0.022387999999999998;0.024882
2021-05-07;235.47000122070312;219.95111083984375;46.38690948486328;179.21405029296875;141.46400451660156;140.4033203125;241.2726593017578;30.105806350708008;43.73908233642578;50.87069320678711;0.008008999999999999;0.01685;0.02062;0.022233999999999997;0.024601
2021-05-14;228.47000122070312;221.08290100097656;46.57412338256836;168.41311645507812;143.894287109375;141.30908203125;237.15367126464844;30.440492630004883;43.52695083618164;50.23943328857422;0.008454;0.017392;0.021318;0.023136999999999998;0.025511
2021-05-21;234.82000732421875;216.5284881591797;46.48051071166992;167.15269470214844;142.70982360839844;140.59373474121094;234.8467559814453;30.38723373413086;44.22264862060547;48.71000671386719;0.008523;0.017317;0.021174;0.022951000000000003;0.025067
2021-05-28;247.02000427246094;220.0332794189453;47.05067825317383;173.2124481201172;144.09605407714844;141.41561889648438;239.16683959960938;29.459266662597656;44.31000518798828;48.25532150268555;0.008046;0.016805;0.020621999999999998;0.022328999999999998;0.024310000000000002
2021-06-04;249.9199981689453;222.7166290283203;47.8591194152832;171.78720092773438;146.02621459960938;143.5120849609375;240.23008728027344;29.778736114501953;44.25385665893555;50.80159378051758;0.008057;0.016553;0.020327;0.022067;0.024041
2021-06-11;247.27999877929688;201.4324951171875;47.7910270690918;171.98114013671875;140.6305389404297;141.2554168701172;247.03114318847656;30.53936767578125;43.91067886352539;51.39682388305664;0.0076939999999999995;0.015600000000000001;0.019358;0.021232;0.02305
2021-06-18;237.35000610351562;190.6261444091797;46.10196304321289;167.1720733642578;129.77769470214844;133.44773864746094;248.50631713867188;29.52012062072754;42.16984558105469;49.933536529541016;0.008989;0.015254;0.01817;0.019821;0.021661
2021-06-25;248.3800048828125;197.42568969726562;46.57353210449219;172.92160034179688;135.15586853027344;135.64169311523438;253.8609161376953;29.649431228637695;43.21809005737305;53.45534896850586;0.009362;0.016246;0.019476;0.021286999999999997;0.023306
2021-07-02;236.67999267578125;198.7491455078125;46.45349884033203;171.71932983398438;137.681884765625;139.2216796875;265.9590759277344;30.219900131225586;43.71101760864258;52.22354507446289;0.008741;0.01516;0.018271;0.020082;0.022091
2021-07-09;239.58999633789062;198.43878173828125;46.69356155395508;171.65142822265625;137.45242309570312;139.99476623535156;266.2369079589844;30.128633499145508;43.770286560058594;50.619720458984375;0.008059;0.014360999999999999;0.017531;0.019405;0.021528000000000002
2021-07-16;217.74000549316406;189.79559326171875;48.35691452026367;173.85235595703125;134.04638671875;138.85948181152344;268.9285888671875;30.691492080688477;44.16337966918945;47.387264251708984;0.007972;0.013709;0.016827;0.018784000000000002;0.021026
2021-07-23;221.52000427246094;192.263916015625;48.879913330078125;170.77886962890625;132.9257049560547;139.63958740234375;277.47308349609375;31.703142166137695;44.43479919433594;47.15578079223633;0.007423999999999999;0.01352;0.01679;0.018752;0.020939
2021-07-30;226.47999572753906;189.7129669189453;48.89706802368164;170.6625213623047;133.931640625;137.86351013183594;272.9134216308594;32.857574462890625;44.47223663330078;47.59394454956055;0.007109;0.013047;0.016332;0.018373999999999998;0.020689000000000003
2021-08-06;231.3300018310547;191.18113708496094;48.56268310546875;171.7387237548828;138.9789581298828;137.99583435058594;277.27178955078125;34.59217071533203;45.30832290649414;47.833683013916016;0.007859;0.013597;0.016754;0.018791;0.021196000000000003
2021-08-13;234.4600067138672;200.55899047851562;49.06855010986328;175.56849670410156;141.16737365722656;139.70228576660156;280.5191650390625;37.20941162109375;46.821495056152344;47.64292907714844;0.008069;0.013507;0.016602;0.018675;0.021157
2021-08-20;212.6699981689453;188.05210876464844;48.56268310546875;169.78988647460938;136.5259246826172;136.26304626464844;292.1025390625;37.39362335205078;47.422691345214844;44.260841369628906;0.008042;0.013104;0.015974;0.017953;0.020421
2021-08-27;221.75;195.2919921875;47.71385955810547;174.6571044921875;143.87637329101562;136.8876953125;287.6495056152344;35.7664680480957;45.878990173339844;46.80370330810547;0.008104;0.013641;0.016579999999999998;0.018482000000000002;0.020741
2021-09-03;218.1699981689453;193.03468322753906;48.63984298706055;175.4909210205078;140.73501586914062;136.42446899414062;289.01226806640625;35.950687408447266;46.733821868896484;46.04838943481445;0.008031;0.013751;0.016788;0.018751;0.021099999999999997
2021-09-10;210.3000030517578;188.1163330078125;47.6795654296875;178.51596069335938;138.85546875;129.5186767578125;283.80096435546875;34.99127197265625;45.681724548339844;45.301483154296875;0.00834;0.013934;0.016824;0.018694;0.020953
2021-09-17;213.36000061035156;183.2898406982422;47.02869415283203;177.88575744628906;139.13784790039062;127.3711929321289;287.79345703125;33.68650436401367;45.31850051879883;46.29177474975586;0.008855;0.014227;0.016826;0.018494999999999998;0.02054
2021-09-24;221.38999938964844;180.6012420654297;46.55357360839844;170.6431121826172;143.86753845214844;127.05532836914062;287.2943420410156;33.72486877441406;44.83001708984375;48.331092834472656;0.009816;0.015198;0.017731;0.019376;0.021455000000000002
2021-10-01;226.0;178.3164520263672;45.8020133972168;170.65280151367188;147.47654724121094;123.99549102783203;277.45721435546875;32.94968032836914;42.91371154785156;51.13411331176758;0.009500999999999999;0.015470999999999999;0.018246;0.019961;0.022039
2021-10-08;226.38999938964844;179.07803344726562;46.752254486083984;171.360595703125;151.1083221435547;124.18498992919922;282.9755859375;32.581268310546875;43.73095703125;52.183143615722656;0.010703;0.016797;0.019551;0.02121;0.023159
2021-10-15;217.0399932861328;182.6199493408203;47.0632438659668;171.08914184570312;147.90365600585938;127.6869888305664;291.95855712890625;31.84444236755371;44.009639739990234;52.5272216796875;0.011403000000000002;0.016399999999999998;0.018639;0.02008;0.021901999999999998
2021-10-22;212.97000122070312;185.13226318359375;47.03733825683594;164.2633819580078;152.49317932128906;126.88690948486328;296.70928955078125;33.12621307373047;46.448875427246094;52.972015380859375;0.012297;0.017048;0.019178;0.02052;0.022138
2021-10-29;207.02999877929688;188.23239135742188;48.695945739746094;163.92405700683594;150.81539916992188;125.39907836914062;318.2646789550781;33.571372985839844;46.787044525146484;54.10497283935547;0.011892;0.016339;0.018259;0.0194;0.020685
2021-11-05;224.4600067138672;189.95779418945312;49.10197067260742;170.2843780517578;149.1820068359375;127.5887451171875;322.5260314941406;37.636680603027344;47.04068374633789;54.56654739379883;0.010625;0.015038000000000001;0.017206;0.018597;0.020231
2021-11-12;220.9600067138672;193.08563232421875;48.90327453613281;154.7713623046875;148.12559509277344;128.89407348632812;323.1593933105469;38.50385665893555;46.26725769042969;54.27928161621094;0.012518;0.016344;0.018181;0.019441;0.021049000000000002
2021-11-19;214.1300048828125;184.93846130371094;47.624752044677734;149.31272888183594;142.8524627685547;126.80876159667969;329.8943786621094;39.332305908203125;44.585792541503906;51.60017776489258;0.012386999999999999;0.016048;0.017886;0.019118;0.020611
2021-11-26;199.2100067138672;183.36074829101562;46.41535949707031;143.6020050048828;143.74908447265625;124.18384552001953;316.981689453125;41.809940338134766;45.37173080444336;52.09347152709961;0.011868;0.015474000000000002;0.017252;0.018405;0.019755
2021-12-03;198.49000549316406;182.50267028808594;46.609886169433594;141.76953125;140.5177764892578;122.11077117919922;310.5686950683594;42.01899337768555;43.0577392578125;51.78730010986328;0.011447;0.014279;0.015916;0.017052;0.018423000000000002
2021-12-10;205.05999755859375;187.7249298095703;48.9952278137207;148.06199645996094;141.8759765625;125.30168914794922;329.34649658203125;40.86534118652344;44.337738037109375;53.590362548828125;0.012728;0.015467;0.017244;0.018665;0.020600999999999998
2021-12-17;192.6300048828125;185.7965545654297;50.257545471191406;144.2322235107422;139.15956115722656;123.63907623291016;311.3282165527344;46.05287170410156;43.62095260620117;51.05585861206055;0.012004999999999998;0.014837;0.016649;0.018115000000000003;0.020052
2021-12-23;204.22000122070312;190.25303649902344;50.68412399291992;148.95401000976562;139.6034393310547;123.79468536376953;321.7987976074219;45.456687927246094;43.85358810424805;51.897857666015625;0.012695000000000001;0.015684;0.017534;0.018973;0.020821999999999997
2021-12-31;201.32000732421875;190.7512969970703;51.54597091674805;150.17564392089844;140.571044921875;125.67671203613281;323.3660583496094;45.71995162963867;45.48838806152344;52.042449951171875;0.012699;0.015907;0.01771;0.019015999999999998;0.020649999999999998
2022-01-07;215.5;206.8517608642578;52.52100372314453;153.0261688232422;149.2813720703125;127.31812286376953;301.94415283203125;43.141658782958984;45.55126190185547;58.58284378051758;0.01513;0.018584;0.020179;0.021256;0.022583000000000002
2022-01-14;225.9600067138672;211.23439025878906;53.44379806518555;147.31541442871094;141.0028533935547;126.46204376220703;298.2520751953125;42.54548263549805;45.604713439941406;61.1258430480957;0.01567;0.018707;0.020344;0.021473;0.022795999999999997
2022-01-21;205.44000244140625;198.4912872314453;52.62547302246094;133.19859313964844;129.56295776367188;122.15328216552734;284.6278076171875;40.873085021972656;44.07365417480469;61.38099670410156;0.015586;0.018369;0.019870000000000002;0.020921;0.022161
2022-01-28;190.57000732421875;186.50340270996094;52.96499252319336;134.41053771972656;130.92930603027344;115.39642333984375;296.3868103027344;42.38526916503906;43.234249114990234;64.02606964111328;0.016265;0.018514;0.019983;0.021033;0.022241
2022-02-04;206.4499969482422;183.95379638671875;53.06946563720703;137.69737243652344;136.24288940429688;113.71961975097656;294.1561279296875;41.34768295288086;43.80329513549805;69.23968505859375;0.017889;0.019997;0.021476000000000002;0.022588;0.023896999999999998
2022-02-11;212.3000030517578;186.5775909423828;52.48617935180664;144.92062377929688;137.4574737548828;112.87767028808594;283.6759948730469;39.615760803222656;42.545753479003906;68.97533416748047;0.01861;0.020028;0.021643;0.022862;0.024239999999999998
2022-02-18;209.02999877929688;177.96444702148438;54.444942474365234;146.7530975341797;135.8678436279297;105.45365142822266;277.4122619628906;37.86043167114258;43.382015228271484;66.52452850341797;0.018365;0.020053;0.021778;0.022976999999999997;0.024283000000000002
2022-02-25;201.47999572753906;173.43075561523438;54.71481704711914;144.97879028320312;132.1438446044922;107.51815795898438;286.44964599609375;37.228519439697266;42.87584686279297;66.93730163574219;0.018933;0.02051;0.022313999999999997;0.023573;0.024940000000000004
2022-03-04;180.83999633789062;181.40415954589844;54.471065521240234;136.43692016601562;120.02520751953125;104.81787109375;279.2717590332031;37.95405578613281;44.900489807128906;72.31188201904297;0.016692;0.017858;0.020193;0.022007;0.024095
2022-03-11;176.22999572753906;199.17745971679688;50.42294692993164;127.73994445800781;115.10455322265625;100.69601440429688;269.83941650390625;39.21788787841797;44.66470718383789;73.025634765625;0.01985;0.020417;0.022323;0.023967000000000002;0.025954
2022-03-18;192.8300018310547;204.81442260742188;52.72127914428711;136.02972412109375;125.11553955078125;105.95369720458984;289.45562744140625;42.52570343017578;45.901023864746094;67.65103149414062;0.021709;0.021886000000000003;0.023447;0.024739;0.026251000000000003
2022-03-25;188.9499969482422;207.08592224121094;53.975711822509766;134.905029296875;126.74091339111328;107.48242950439453;292.5869445800781;41.17604446411133;45.272979736328125;73.26639556884766;0.025815;0.025497000000000002;0.02579;0.026535000000000003;0.028277
2022-04-01;190.75999450683594;203.75747680664062;55.15119171142578;132.8301544189453;120.837890625;106.932373046875;298.1173400878906;40.23207473754883;47.6589241027832;71.47775268554688;0.025799;0.024169;0.024642;0.025213;0.025888
2022-04-08;175.1999969482422;201.21707153320312;55.99332809448242;127.85628509521484;120.09619140625;107.01808166503906;286.1221008300781;43.04058837890625;49.678775787353516;74.67669677734375;0.027915000000000002;0.027805;0.028376000000000002;0.028777;0.029197
2022-04-14;181.94000244140625;211.211669921875;57.037227630615234;126.49889373779297;113.4656753540039;105.2822036743164;269.6081237792969;41.44129943847656;49.574623107910156;75.52804565429688;0.028066;0.028859;0.029772;0.030387;0.03105
2022-04-22;176.9199981689453;201.50201416015625;57.23899841308594;114.67023468017578;114.0864486694336;106.56090545654297;264.0199890136719;37.54838180541992;49.505191802978516;73.20620727539062;0.029436;0.029567999999999997;0.030221;0.030722;0.031286999999999995
2022-04-29;148.83999633789062;196.13609313964844;56.67756652832031;108.23234558105469;107.38394927978516;103.02483367919922;267.38250732421875;38.281715393066406;48.2838020324707;73.30940246582031;0.029325;0.029477000000000003;0.030175999999999998;0.030766;0.031479
2022-05-06;148.89999389648438;199.9649200439453;56.79160690307617;106.93312072753906;111.30648803710938;106.81809997558594;264.69451904296875;38.25830078125;47.37287521362305;78.84737396240234;0.030742;0.031987;0.032987999999999996;0.033763;0.03474
2022-05-13;127.19999694824219;190.35096740722656;57.65129852294922;104.0632095336914;107.14102935791016;106.65377044677734;251.58160400390625;39.26243209838867;46.894588470458984;77.19650268554688;0.029003;0.030196999999999998;0.031543;0.032588;0.033858
2022-05-20;120.69999694824219;184.28634643554688;53.49323654174805;99.30265045166016;105.56661987304688;103.78456115722656;243.90101623535156;41.26802444458008;37.75640869140625;79.802734375;0.02796;0.028586999999999998;0.029939;0.031143;0.032715999999999995
2022-05-27;132.22999572753906;202.28457641601562;56.73897171020508;105.99264526367188;118.09893035888672;107.88312530517578;263.8719787597656;42.400596618652344;40.695823669433594;84.7806167602539;0.027421;0.028142999999999998;0.029785;0.031159;0.032757999999999995
2022-06-03;139.25;207.65048217773438;55.238922119140625;105.3624267578125;117.1003189086914;105.32872772216797;260.762451171875;41.84217834472656;39.69489669799805;86.08372497558594;0.029638;0.030136;0.031504;0.03267;0.034028
2022-06-10;127.0;200.45863342285156;53.87044143676758;96.37458801269531;107.55487823486328;99.32521057128906;244.31626892089844;39.301753997802734;38.54827117919922;87.27391815185547;0.032483;0.032296;0.032934;0.033585;0.034449
2022-06-17;136.8000030517578;179.460693359375;52.510196685791016;91.46858978271484;101.68907165527344;93.68970489501953;239.15936279296875;36.59617233276367;37.46815490722656;74.8161392211914;0.033456;0.03329;0.033713;0.034401;0.035745
2022-06-24;141.52999877929688;172.7998504638672;55.69987487792969;94.80388641357422;105.54863739013672;96.92957305908203;258.5220031738281;40.57589340209961;39.1880989074707;75.49378204345703;0.031634;0.032206;0.033180999999999995;0.034083;0.035331
2022-07-01;139.83999633789062;166.09243774414062;56.88383483886719;93.21380615234375;102.60673522949219;92.7155532836914;250.68031311035156;41.142181396484375;38.84284591674805;76.05844116210938;0.028793000000000003;0.029587;0.031257;0.032609;0.034193
2022-07-08;139.07000732421875;166.84703063964844;55.7882194519043;92.94232177734375;103.79570007324219;92.88150787353516;258.48333740234375;41.818572998046875;39.720237731933594;74.78137969970703;0.031208999999999997;0.031890999999999996;0.033122;0.034135;0.035394999999999996
2022-07-15;147.74000549316406;161.51837158203125;55.22274398803711;92.30240631103516;102.5159683227539;93.89893341064453;247.91836547851562;40.70173645019531;40.88270568847656;73.44352722167969;0.030438999999999997;0.030136;0.031096;0.032206;0.0339
2022-07-22;158.16000366210938;167.558837890625;54.418701171875;99.59353637695312;104.15876007080078;96.77803802490234;251.43362426757812;40.29275131225586;41.877288818359375;75.65013122558594;0.028593999999999998;0.028300000000000002;0.029792;0.031314;0.033291
2022-07-29;159.30999755859375;185.97323608398438;56.69829177856445;102.87065124511719;104.70333862304688;103.35884094238281;271.1148681640625;40.034725189208984;41.82661437988281;84.2072525024414;0.027134000000000002;0.027069;0.029142;0.031207;0.033915
2022-08-05;165.0399932861328;173.9096221923828;56.000282287597656;103.38451385498047;105.06639099121094;106.36781311035156;273.21051025390625;39.05188751220703;40.093997955322266;76.84029388427734;0.029739;0.028479;0.030165;0.031885;0.03401
2022-08-12;169.99000549316406;184.65054321289062;56.28302001953125;117.86979675292969;110.84793090820312;109.85304260253906;281.90191650390625;39.71768569946289;42.062862396240234;82.45527648925781;0.029771000000000002;0.028696000000000003;0.030663999999999997;0.032601;0.034979
2022-08-19;162.9199981689453;183.48736572265625;57.58186340332031;116.48332214355469;107.67124938964844;105.84835052490234;276.9259338378906;38.9567756652832;43.58987808227539;82.52545928955078;0.031128;0.030098;0.031800999999999996;0.033689;0.036168
2022-08-26;164.52999877929688;180.03521728515625;55.76171112060547;110.59807586669922;104.07707214355469;94.14088439941406;259.4481506347656;37.11000061035156;41.865623474121094;85.8499755859375;0.032303;0.03087;0.0321;0.033588;0.035553
2022-09-02;151.82000732421875;169.63198852539062;54.029937744140625;107.81541442871094;103.20575714111328;88.68080139160156;247.80587768554688;36.2222785949707;42.310997009277344;83.8499984741211;0.033219;0.032651;0.033833;0.035164;0.036956
2022-09-09;157.52000427246094;177.7556915283203;55.063697814941406;111.67428588867188;108.16136932373047;89.73783874511719;255.9351348876953;37.91845703125;43.53261947631836;84.64823913574219;0.034601;0.033725;0.034913;0.036234999999999996;0.037959
2022-09-16;144.2899932861328;168.35623168945312;52.99094772338867;104.95520782470703;106.26445007324219;85.00672912597656;236.85081481933594;36.48383331298828;42.37144088745117;81.76231384277344;0.036161;0.034908;0.035898;0.036894;0.038085
2022-09-23;131.25999450683594;154.06932067871094;52.154335021972656;96.4715347290039;99.05792999267578;82.36780548095703;230.2506866455078;34.93824768066406;41.375694274902344;75.21852111816406;0.039612;0.03694;0.037125;0.037673;0.038398
2022-09-30;121.08000183105469;153.91925048828125;49.85812759399414;91.45890045166016;94.8465576171875;80.55261993408203;225.39244079589844;34.68461227416992;41.26117706298828;76.58690643310547;0.040521;0.038767;0.03911;0.039622000000000004;0.040263999999999994
2022-10-07;129.7899932861328;166.5550994873047;48.51420974731445;94.2027587890625;97.05044555664062;78.38027954101562;226.68930053710938;33.543243408203125;40.89851760864258;88.62187957763672;0.041234;0.039201;0.039603;0.040232000000000004;0.041026
2022-10-14;133.14999389648438;167.1554718017578;48.93251419067383;91.57523345947266;101.82147216796875;82.8343505859375;221.19236755371094;33.97126007080078;41.493408203125;87.00786590576172;0.042527999999999996;0.040555;0.040542999999999996;0.041252000000000004;0.043003
2022-10-21;141.32000732421875;179.63450622558594;49.804725646972656;98.9342269897461;111.93126678466797;85.15252685546875;234.31524658203125;35.6278076171875;43.5198860168457;92.85867309570312;0.043249;0.042615999999999994;0.043778;0.044798;0.045971000000000005
2022-10-28;143.83999633789062;207.13400268554688;54.076751708984375;102.7252197265625;115.45687866210938;92.28926086425781;228.2667236328125;37.59349060058594;45.33639907836914;97.10423278808594;0.041727;0.041228;0.04212;0.04305;0.044330999999999995
2022-11-04;160.00999450683594;215.17041015625;52.741737365722656;96.54910278320312;119.66926574707031;91.00626373291016;214.25347900390625;37.747825622558594;44.84648513793945;98.5165023803711;0.042996;0.042668;0.043841;0.044451;0.04386999999999999
2022-11-11;177.49000549316406;223.3296356201172;54.57516098022461;92.11820983886719;123.90003967285156;96.940185546875;239.14439392089844;38.05158615112305;45.35866928100586;99.95509338378906;0.039765;0.039057499999999995;0.0406825;0.0422635;0.0427895
2022-11-18;173.88999938964844;218.5511932373047;54.41495132446289;89.00588989257812;122.56302642822266;93.48790740966797;234.10215759277344;38.55521011352539;47.792354583740234;99.10621643066406;0.039994;0.038347;0.039464;0.040887;0.041666
2022-11-25;178.36000061035156;222.5835723876953;55.794464111328125;95.86070251464844;125.21870422363281;95.16944122314453;240.1871795654297;39.3386344909668;48.69582748413086;100.10543823242188;0.038843;0.036785;0.037831000000000004;0.039176;0.039629
2022-12-02;182.8699951171875;222.9896697998047;57.67805862426758;96.4036636352539;123.77184295654297;93.65753936767578;247.49496459960938;40.69761657714844;48.743553161621094;97.14319610595703;0.036650999999999996;0.03517;0.036605;0.037668;0.036585
2022-12-09;179.5399932861328;214.64157104492188;56.593502044677734;90.53781127929688;121.02457427978516;92.75038146972656;238.17825317382812;41.345130920410156;46.401424407958984;91.55476379394531;0.037491;0.035676;0.036698;0.037564;0.036531
2022-12-16;184.6999969482422;219.76939392089844;56.24393844604492;87.3382568359375;118.39641571044922;89.7486801147461;237.4697723388672;41.089324951171875;45.58395004272461;92.58049011230469;0.036052;0.034577;0.035965;0.037021;0.035964
2022-12-23;189.05999755859375;226.52151489257812;57.20301055908203;85.33126068115234;120.21876525878906;88.60553741455078;231.6856231689453;41.43306350708008;45.90965270996094;96.09978485107422;0.03844;0.037288;0.038597;0.039688;0.039015
2022-12-30;190.49000549316406;226.228759765625;57.0147705078125;84.23564910888672;122.80113220214844;88.44326782226562;232.74346923828125;40.961421966552734;45.27738571166992;97.53227233886719;0.039802;0.038708;0.040052000000000004;0.041128;0.040305
2023-01-06;213.0;235.01123046875;56.826560974121094;91.06138610839844;127.2506332397461;93.45840454101562;218.29286193847656;40.705604553222656;46.87083053588867;97.73564147949219;0.036593;0.03551;0.036937000000000005;0.038007;0.037671
2023-01-13;214.1300048828125;244.0769805908203;55.06080627441406;96.37458801269531;131.9277801513672;95.5160903930664;232.17083740234375;38.251441955566406;46.39503479003906;100.05237579345703;0.035719;0.034659;0.036386;0.037524;0.03653
2023-01-20;206.75999450683594;236.93856811523438;53.85077667236328;100.33039855957031;124.61226654052734;88.9816665649414;233.1316680908203;36.06107711791992;44.87823486328125;100.22920227050781;0.035189;0.034552;0.036197;0.037389;0.037406999999999996
2023-01-27;211.1699981689453;251.01010131835938;54.21826934814453;106.2059555053711;129.4462127685547;84.99906921386719;240.83737182617188;35.327239990234375;45.75957489013672;102.22760772705078;0.035872;0.034902;0.036215000000000004;0.037173;0.037018
2023-02-03;206.00999450683594;235.0883026123047;53.62670135498047;107.34033966064453;130.1565399169922;86.65110778808594;250.72669982910156;35.54505920410156;45.25185012817383;98.96475982666016;0.03626;0.034914;0.036211;0.037163;0.036736
2023-02-10;212.88999938964844;235.0028839111328;53.43846893310547;104.77098846435547;130.11041259765625;83.9886474609375;255.33653259277344;35.399845123291016;45.8936882019043;105.37552642822266;0.038762;0.037153;0.038224999999999995;0.039085999999999996;0.038536
2023-02-17;211.66000366210938;235.11676025390625;53.886627197265625;102.01744079589844;131.2174072265625;84.43562316894531;251.07254028320312;34.85932540893555;46.762264251708984;99.15599060058594;0.039773;0.03787;0.038923;0.0398;0.038909
2023-02-24;198.14999389648438;224.091064453125;53.63565444946289;97.2471923828125;130.00889587402344;80.55722045898438;242.47189331054688;33.68147659301758;45.49454116821289;98.6837387084961;0.041609;0.039948000000000004;0.039889;0.04008;0.040438
2023-03-03;215.11000061035156;242.25213623046875;53.277130126953125;98.06161499023438;132.5273895263672;83.14282989501953;248.37753295898438;33.19743728637695;44.91973876953125;100.51930236816406;0.042105;0.040192;0.039921000000000005;0.039882;0.039772
2023-03-10;203.07000732421875;215.39952087402344;53.07097625732422;90.72203063964844;123.29307556152344;77.76238250732422;241.85894775390625;31.777570724487305;43.73822784423828;96.0373306274414;0.039371;0.037009;0.03706;0.037628;0.038741
2023-03-17;201.0500030517578;204.01329040527344;54.20964050292969;90.36328125;116.06063842773438;76.98519134521484;271.86395263671875;32.35035705566406;44.696651458740234;88.96240234375;0.034686;0.034413;0.035547;0.036665;0.038182999999999995
2023-03-24;197.52999877929688;205.9110107421875;55.00445556640625;91.21649932861328;115.23037719726562;75.5802993774414;272.9730529785156;32.58431625366211;45.46617126464844;92.2503662109375;0.034163;0.034295;0.035684999999999995;0.036992;0.038751
2023-03-31;212.42999267578125;217.1359405517578;56.02505874633789;97.08235931396484;120.2119140625;78.54702758789062;280.4937438964844;32.915077209472656;47.27775955200195;97.7125015258789;0.035796;0.035217;0.036240999999999995;0.037282;0.038716
2023-04-06;211.3699951171875;198.4720001220703;56.756656646728516;96.9272232055664;118.5148696899414;75.89417266845703;283.7043151855469;33.479801177978516;48.35190200805664;102.5152587890625;0.033518;0.033322;0.034601;0.035864;0.037623000000000004
2023-04-14;201.7100067138672;212.2398681640625;56.94631576538086;96.85935974121094;128.9838104248047;79.04023742675781;278.3923034667969;33.22970962524414;47.60801696777344;103.40631103515625;0.035725;0.035402;0.036612;0.037764;0.039332
2023-04-21;205.14999389648438;210.13876342773438;57.849517822265625;96.53941345214844;130.66665649414062;78.07624053955078;278.0224914550781;32.4390983581543;48.650089263916016;103.37065887451172;0.036233;0.035919;0.037136999999999996;0.038222;0.03962
2023-04-28;206.77999877929688;208.7363739013672;57.93983459472656;99.3802261352539;128.5282440185547;79.37650299072266;298.94036865234375;31.374197006225586;48.406410217285156;105.44680786132812;0.034855;0.034729;0.035969;0.03709;0.038614
2023-05-05;198.33999633789062;205.19699096679688;57.82241439819336;97.46048736572266;127.13362121582031;77.2317886352539;302.23858642578125;31.051498413085938;48.84777069091797;96.83926391601562;0.033837;0.03467;0.036453;0.037873000000000004;0.039683
2023-05-12;200.6999969482422;199.9022979736328;57.903709411621094;89.19011688232422;124.67908477783203;74.93016815185547;300.60406494140625;30.457866668701172;49.26618194580078;94.25521850585938;0.034259;0.034887;0.036638000000000004;0.038115;0.040056
2023-05-19;205.49000549316406;204.9012908935547;56.747623443603516;88.56959533691406;129.4021759033203;75.12844848632812;310.39739990234375;29.98488998413086;48.249122619628906;95.50452423095703;0.037126;0.037442;0.039013;0.040142;0.040834
2023-05-26;203.6300048828125;202.05833435058594;54.42641067504883;85.60273742675781;127.31956481933594;73.5428695678711;324.5844421386719;30.6617374420166;47.125850677490234;94.34510040283203;0.039008;0.038348;0.039746000000000004;0.040643000000000006;0.040350000000000004
2023-06-02;213.32000732421875;216.20626831054688;55.23929214477539;88.00724029541016;130.60159301757812;77.78368377685547;327.0317687988281;31.281496047973633;47.8983039855957;95.0551528930664;0.037982999999999996;0.037315;0.038588;0.039541;0.039872
2023-06-09;217.30999755859375;224.21986389160156;54.616085052490234;89.13194274902344;131.10362243652344;75.78844451904297;318.6365966796875;31.778926849365234;49.27261734008789;96.5201416015625;0.038742;0.037632;0.038861;0.039740000000000004;0.039557
2023-06-16;219.99000549316406;233.98890686035156;56.124114990234375;88.54051208496094;133.19557189941406;79.3085708618164;333.788818359375;32.66779708862305;50.05794143676758;94.48889923095703;0.039420000000000004;0.037448999999999996;0.038807;0.03976;0.038513
2023-06-23;205.41000366210938;223.65704345703125;55.696388244628906;85.41851043701172;129.09539794921875;76.41055297851562;326.6612548828125;31.232561111450195;50.0354118347168;92.03523254394531;0.039345;0.037322;0.038426;0.039245999999999996;0.038435000000000004
2023-06-30;211.16000366210938;234.7330322265625;54.80451965332031;86.5625991821289;135.22238159179688;75.93258666992188;332.0435485839844;29.9114990234375;50.58900451660156;96.39433288574219;0.040728999999999994;0.038321999999999995;0.038502999999999996;0.039118;0.040175999999999996
2023-07-07;212.10000610351562;233.90301513671875;54.38588333129883;85.94208526611328;135.12130737304688;73.80839538574219;328.8063659667969;28.973712921142578;49.4013557434082;92.71830749511719;0.042908999999999996;0.040829000000000004;0.040811;0.041211000000000005;0.041998
2023-07-14;213.1199951171875;243.86282348632812;55.42336654663086;85.92269134521484;140.2045440673828;77.60919952392578;336.626220703125;29.61793327331543;49.777931213378906;90.72301483154297;0.039755;0.037949000000000004;0.039436;0.04047100000000001;0.039365000000000004
2023-07-21;211.8000030517578;247.01673889160156;56.82488250732422;84.5265121459961;145.05369567871094;79.14926147460938;335.19293212890625;30.498634338378906;50.972007751464844;93.3744125366211;0.040313999999999996;0.037964000000000005;0.039299;0.040367;0.039081000000000005
2023-07-28;238.69000244140625;249.6819610595703;56.86127853393555;83.50846862792969;146.8885040283203;84.87701416015625;329.92767333984375;29.741769790649414;51.467655181884766;93.61710357666016;0.041512;0.039348;0.040067000000000005;0.041031000000000005;0.042358
2023-08-04;231.36000061035156;265.0312805175781;55.25046157836914;83.67330169677734;146.0553436279297;80.04444885253906;319.60186767578125;28.875991821289062;50.96234893798828;96.54711151123047;0.041001;0.040286999999999996;0.042144;0.043247999999999995;0.042172999999999995
2023-08-11;235.72000122070312;273.4489440917969;55.66908645629883;86.31050872802734;144.5856475830078;79.31614685058594;313.0008239746094;29.717041015625;52.06729507446289;100.51074981689453;0.042527999999999996;0.041572;0.043055;0.043962;0.042899
2023-08-18;226.64999389648438;262.500244140625;55.468868255615234;83.34364318847656;139.45562744140625;77.00657653808594;309.2371520996094;30.228261947631836;51.01109313964844;99.71266174316406;0.043269;0.042457;0.044119;0.045117000000000004;0.043705999999999995
2023-08-25;223.41000366210938;261.3113708496094;54.959228515625;80.82279205322266;137.65823364257812;76.19039154052734;315.58837890625;29.99738883972168;50.97555923461914;98.09066009521484;0.043835;0.042262;0.043579999999999994;0.044442;0.042696
2023-09-01;223.39999389648438;274.4364929199219;53.976356506347656;79.15514373779297;137.44293212890625;82.35030364990234;321.138427734375;29.502643585205078;52.18680191040039;102.8660659790039;0.042485999999999996;0.041971999999999995;0.043446;0.044221;0.043022
2023-09-08;211.27000427246094;270.63031005859375;53.08448791503906;79.09696197509766;134.6439208984375;81.8036117553711;326.6200256347656;28.241079330444336;52.89739990234375;104.75990295410156;0.043487;0.042409;0.043838;0.044663;0.043151
2023-09-15;208.11000061035156;267.6294250488281;53.147891998291016;82.9752197265625;139.3058319091797;77.81507110595703;322.6627197265625;28.0926570892334;53.178409576416016;105.74761962890625;0.044135999999999995;0.043560999999999996;0.044275;0.044920999999999996;0.045533000000000004
2023-09-22;197.7100067138672;261.790771484375;52.836021423339844;78.7770004272461;136.42254638671875;74.71971893310547;309.7550354003906;26.954769134521484;52.43873977661133;104.1528091430664;0.045246;0.044756;0.045457;0.04607700000000001;0.046647
2023-09-29;191.67999267578125;261.7332458496094;51.350006103515625;78.5831069946289;135.7578887939453;72.08636474609375;308.52392578125;27.350557327270508;51.6570930480957;106.54505157470703;0.045739999999999996;0.04657;0.047872000000000005;0.048586;0.048565
2023-10-06;187.3800048828125;255.06051635742188;48.74489974975586;80.41557312011719;136.83505249023438;68.06700134277344;319.7705078125;27.317577362060547;50.5201301574707;97.11201477050781;0.046977000000000005;0.048327999999999996;0.05043;0.051207;0.049187
2023-10-13;184.91000366210938;256.882080078125;48.51557540893555;81.78266143798828;139.56988525390625;68.28262329101562;320.2297058105469;26.476530075073242;51.62478256225586;99.55862426757812;0.046002999999999995;0.047026000000000005;0.048472;0.049163;0.048802000000000005
2023-10-20;180.0399932861328;240.14996337890625;50.05662536621094;80.1343994140625;134.80751037597656;66.64253997802734;319.1940002441406;25.272676467895508;51.279178619384766;100.6550521850586;0.048154;0.0501;0.05197;0.052613;0.051284
2023-10-27;179.69000244140625;229.89639282226562;50.67121124267578;76.91544342041016;127.9610595703125;67.3894271850586;322.26214599609375;24.827415466308594;52.0576057434082;95.64405059814453;0.047264;0.049263;0.051096;0.051785;0.050823
2023-11-03;195.0500030517578;232.00686645507812;52.04714584350586;82.48074340820312;134.8546905517578;72.27115631103516;344.72601318359375;25.775651931762695;53.18486404418945;97.6647720336914;0.044527000000000004;0.04627;0.048209;0.049053000000000006;0.048312999999999995
2023-11-10;196.64999389648438;230.97569274902344;52.02880096435547;85.58334350585938;138.08932495117188;71.4626693725586;361.20989990234375;24.635665893554688;53.67905807495117;94.01296997070312;0.046162999999999996;0.046916;0.048059000000000004;0.048667999999999996;0.048590999999999995
2023-11-17;208.0399932861328;243.87945556640625;52.524139404296875;91.28437042236328;144.1153564453125;74.56595611572266;362.1192626953125;25.00336456298828;50.177757263183594;95.97913360595703;0.044037;0.044831;0.046805000000000006;0.047675;0.046130000000000004
2023-11-24;220.0;238.37681579589844;53.72578811645508;93.1362533569336;144.79432678222656;75.04305267333984;369.5408020019531;25.488056182861328;50.407081604003906;95.62249755859375;0.044474;0.045519;0.046969000000000004;0.047591;0.046993
2023-12-01;233.8699951171875;247.43545532226562;54.21831130981445;89.76215362548828;147.90638732910156;78.09326171875;366.681884765625;24.15933609008789;49.85152053833008;94.17769622802734;0.041245000000000004;0.042886;0.044732;0.045533000000000004;0.044851999999999996
2023-12-08;244.6999969482422;250.075927734375;54.190574645996094;90.28816223144531;149.4906768798828;80.84627532958984;366.4076843261719;24.050701141357422;48.90847396850586;91.03202819824219;0.042105;0.042619;0.044069000000000004;0.044627999999999994;0.043394
2023-12-15;264.2699890136719;275.36297607421875;54.18132400512695;90.91069793701172;155.81846618652344;83.669677734375;362.9808654785156;22.253997802734375;49.51795959472656;92.26654052734375;0.038889;0.039365000000000004;0.040739;0.041428;0.040984999999999994
2023-12-22;260.44000244140625;279.8151550292969;53.92243957519531;88.5372543334961;157.8648681640625;83.16130065917969;366.7503356933594;23.733142852783203;50.785579681396484;93.19011688232422;0.03855;0.039402;0.040789;0.041676000000000005;0.042083
2023-12-29;260.6600036621094;284.932373046875;54.48644256591797;87.82716369628906;160.41110229492188;85.49980926513672;368.17987060546875;24.059059143066406;51.10977554321289;91.42525482177734;0.038263;0.039084;0.040465;0.041383;0.041909999999999996
2024-01-12;217.6999969482422;279.8634033203125;55.83634948730469;87.88552856445312;160.40391540527344;84.561279296875;380.35003662109375;23.983844757080078;52.299583435058594;91.39781188964844;0.038194;0.039817;0.041616999999999994;0.042892;0.044041
2024-01-19;215.02000427246094;276.193359375;55.31857681274414;90.5216064453125;161.59947204589844;84.27972412109375;390.3368225097656;23.632862091064453;52.64323043823242;88.65450286865234;0.040355;0.041771;0.043483;0.044577;0.045182
2024-01-26;205.47000122070312;289.8927001953125;54.89326477050781;92.75886535644531;163.4687042236328;75.0743408203125;395.4869384765625;23.30141830444336;53.25596237182617;94.18684387207031;0.040255;0.041847;0.043636;0.044771;0.045411
2024-02-02;209.3800048828125;305.0539245605469;55.97503662109375;94.4805908203125;165.7934112548828;74.19837188720703;402.62457275390625;22.843360900878906;54.974212646484375;93.24496459960938;0.039604;0.04047100000000001;0.041933;0.042996999999999994;0.043887999999999996
2024-02-09;209.1999969482422;307.0579833984375;55.06894302368164;105.43345642089844;166.05906677246094;72.65762329101562;411.75946044921875;23.37775993347168;54.88019561767578;93.06208801269531;0.041102999999999994;0.042055999999999996;0.043484999999999996;0.044484;0.045236
2024-02-16;203.88999938964844;311.65667724609375;54.91175842285156;108.55590057373047;169.87347412109375;72.55255889892578;396.3457946777344;23.42865562438965;55.23032760620117;95.73593139648438;0.042496;0.04322600000000001;0.044597;0.045397;0.04543
2024-02-23;200.8300018310547;313.56390380859375;56.58527755737305;104.80118560791016;174.57981872558594;73.61002349853516;402.5058898925781;23.54741096496582;56.91615676879883;95.83744812011719;0.042358;0.042726;0.044066;0.044795;0.044416000000000004
2024-03-01;200.0;325.9756164550781;55.04119873046875;108.89634704589844;175.8133087158203;73.03754425048828;407.5673522949219;22.554956436157227;57.14957046508789;97.68331909179688;0.041298;0.042039999999999994;0.0434;0.044203;0.044303
2024-03-08;198.49000549316406;328.3862609863281;55.031959533691406;107.3108139038086;178.59344482421875;74.65956115722656;398.46453857421875;23.089353561401367;58.47230529785156;100.02757263183594;0.040285;0.040856;0.04234;0.04333;0.043762999999999996
2024-03-15;182.52999877929688;335.9184265136719;55.80766296386719;108.89634704589844;180.56710815429688;83.48512268066406;408.4698486328125;23.700092315673828;59.21795654296875;102.6948471069336;0.042848;0.042994000000000004;0.044324;0.045152;0.045033000000000004
2024-03-22;188.85000610351562;346.7036437988281;56.37617492675781;112.70943450927734;186.56381225585938;84.900390625;420.5545959472656;23.20810890197754;59.40337371826172;104.74375915527344;0.041654;0.042114000000000006;0.043422999999999996;0.044406;0.045203
2024-03-28;192.99000549316406;354.758544921875;57.01924514770508;119.02239227294922;190.05564880371094;84.33588409423828;412.6877136230469;23.53892707824707;58.72024154663086;107.28182983398438;0.041738;0.041817;0.043156999999999994;0.044086;0.044369
2024-04-05;183.13999938964844;367.2186584472656;55.46282196044922;115.15096282958984;188.44422912597656;86.56363677978516;417.3960266113281;22.614330291748047;58.407958984375;112.01649475097656;0.043357;0.04372499999999999;0.0452;0.046102;0.045963000000000004
2024-04-12;169.5500030517578;353.9841003417969;54.316471099853516;110.90015411376953;174.452880859375;86.82990264892578;413.8451232910156;21.93573570251465;58.69096374511719;111.09355163574219;0.044923000000000005;0.044681;0.046020000000000005;0.046901;0.04622
2024-04-19;169.82000732421875;344.6151123046875;56.07792663574219;109.53834533691406;177.3256072998047;87.74279022216797;391.5000915527344;22.054489135742188;58.09566879272461;110.64129638671875;0.046067;0.045837;0.047081;0.047918;0.04724999999999999
2024-04-26;167.22000122070312;333.6546630859375;57.541168212890625;109.65508270263672;184.66485595703125;87.32438659667969;398.5626525878906;21.5455379486084;58.710487365722656;108.86927032470703;0.046422;0.046354;0.047677;0.048537;0.047847
2024-05-03;179.7899932861328;327.2124328613281;57.94192123413086;110.55970764160156;181.82077026367188;92.38336944580078;398.8961486816406;23.58982276916504;58.37867736816406;107.0603256225586;0.0443;0.044777;0.04622899999999999;0.047157;0.047264999999999995
2024-05-10;178.50999450683594;344.7414855957031;58.95779037475586;102.90438079833984;189.70404052734375;94.07601928710938;406.8218688964844;24.117782592773438;59.22706985473633;108.86927032470703;0.044578;0.044721000000000004;0.046162999999999996;0.047081;0.046809
2024-05-17;184.9499969482422;346.1795959472656;58.74342727661133;100.43364715576172;195.44943237304688;100.095458984375;412.9308776855469;24.660236358642578;63.310699462890625;111.31668853759766;0.043781;0.043869;0.045278;0.046182;0.046010999999999996
2024-05-24;174.52000427246094;339.018310546875;57.783477783203125;98.98429870605469;191.5555419921875;95.4379653930664;422.70855712890625;24.86688804626465;64.02555847167969;105.52940368652344;0.044615999999999996;0.044503;0.045387000000000004;0.04606;0.046514
2024-05-31;177.61000061035156;328.9322814941406;58.65023422241211;101.0756607055664;193.38800048828125;95.88802337646484;407.93890380859375;24.67746353149414;64.39768981933594;109.10225677490234;0.044702;0.045013;0.046025;0.046776;0.047365000000000004
2024-06-07;190.24000549316406;319.6236267089844;59.56358337402344;98.77030181884766;190.8302001953125;96.57745361328125;416.5079040527344;24.608577728271484;64.51521301269531;104.90602111816406;0.04398;0.043822;0.045298;0.046189;0.045357
2024-06-14;177.27000427246094;312.3652038574219;58.7484130859375;97.24311828613281;184.94161987304688;96.61575317382812;434.903564453125;23.704484939575195;65.63158416748047;101.51924896240234;0.041717000000000004;0.04185;0.043380999999999996;0.044267;0.043805
2024-06-21;176.55999755859375;318.5547790527344;58.955047607421875;99.48039245605469;187.3466796875;98.04249572753906;441.9886779785156;23.88530158996582;66.50313568115234;103.05445861816406;0.042105;0.042259000000000005;0.043682;0.04457;0.044487
2024-06-28;182.00999450683594;323.6658020019531;59.78156280517578;96.58167266845703;193.03485107421875;97.8509750366211;439.20770263671875;24.091951370239258;66.30730438232422;107.11114501953125;0.042873;0.043358;0.044859;0.045763;0.045714
2024-07-05;184.8300018310547;319.0503845214844;59.88487243652344;95.317138671875;196.53244018554688;97.0179214477539;459.460693359375;24.152225494384766;68.58903503417969;105.48289489746094;0.041715999999999996;0.042704000000000006;0.044471;0.045477;0.045407
2024-07-12;182.30999755859375;326.0852966308594;59.828521728515625;94.9164810180664;196.67642211914062;99.62242126464844;445.6933898925781;24.90133285522461;67.80560302734375;105.38984680175781;0.040522999999999997;0.041843000000000005;0.043587999999999995;0.044638;0.044968
2024-07-19;179.6699981689453;337.7843017578125;61.32188415527344;93.55815124511719;201.32125854492188;99.50750732421875;429.5381164550781;25.805423736572266;69.28431701660156;107.99504852294922;0.041094;0.04242;0.044219;0.045267999999999996;0.045453
2024-07-26;186.88999938964844;341.94049072265625;62.97492980957031;87.88056182861328;203.68206787109375;121.76074981689453;417.90325927734375;26.86817169189453;68.33441925048828;109.16739654541016;0.040328;0.041957;0.043948;0.045183999999999995;0.045738
2024-08-02;169.9499969482422;313.0519104003906;65.1163558959961;87.52875518798828;191.11029052734375;119.92227935791016;401.4139404296875;26.5712833404541;67.04175567626953;108.74870300292969;0.035901;0.037801;0.040008;0.041611;0.043473
2024-08-09;167.91000366210938;330.0182189941406;64.50585174560547;84.2453384399414;197.50173950195312;118.897705078125;398.9867248535156;24.929677963256836;66.54232788085938;110.5816421508789;0.037703;0.03959;0.041609;0.043013;0.044222000000000004
2024-08-16;179.99000549316406;335.11102294921875;64.97545623779297;87.26492309570312;205.34230041503906;121.65541076660156;411.9622802734375;24.711380004882812;72.13340759277344;110.83412170410156;0.03739;0.038918;0.040851;0.042259000000000005;0.043889
2024-08-23;174.9600067138672;339.92095947265625;65.54838562011719;88.49620056152344;209.50730895996094;125.0068130493164;410.30841064453125;25.235300064086914;74.34307861328125;109.0989761352539;0.036296;0.038085;0.04016600000000001;0.041679;0.043434
2024-08-30;173.74000549316406;347.423583984375;68.06551361083984;88.32030487060547;215.7356414794922;129.66629028320312;410.6529235839844;25.331350326538086;75.84564208984375;110.61841583251953;0.0371;0.039147;0.041238000000000004;0.042688;0.044324
2024-09-06;157.6199951171875;321.33502197265625;66.81634521484375;85.93590545654297;203.89321899414062;123.80343627929688;395.4530334472656;24.938411712646484;75.26622772216797;105.6474380493164;0.03497;0.037212;0.039388;0.040919;0.04267000000000001
2024-09-13;156.77000427246094;336.8964538574219;67.52974700927734;88.4864273071289;196.0814208984375;128.21258544921875;423.8937683105469;25.558378219604492;79.1552505493164;104.24993133544922;0.034222999999999996;0.03655;0.038845;0.040456000000000006;0.042290999999999995
2024-09-20;153.2899932861328;359.8336486816406;67.74723815917969;91.6135025024414;202.5784454345703;129.74330139160156;428.5009765625;25.689359664916992;77.6428451538086;108.11416625976562;0.034789;0.037276;0.039606;0.041235;0.043091
2024-09-27;156.32000732421875;381.5512390136719;67.88908386230469;93.82200622558594;202.01223754882812;132.17893981933594;421.36370849609375;25.40120506286621;78.3499526977539;108.63001251220703;0.034950999999999996;0.037493;0.039906000000000004;0.041582;0.043481
2024-10-04;155.0;387.4148254394531;66.35711669921875;92.98159790039062;203.94537353515625;130.2246551513672;409.5896911621094;24.955875396728516;79.48915100097656;117.0806884765625;0.037934;0.039727;0.041766;0.043266;0.045021000000000005
2024-10-11;151.02000427246094;392.2246398925781;65.78971099853516;91.9848403930664;214.6341094970703;129.72402954101562;409.845703125;25.46232795715332;78.66419982910156;115.93643188476562;0.038591;0.041003;0.043075999999999996;0.044482;0.045737
2024-10-18;155.0;384.26348876953125;66.61244201660156;95.06305694580078;217.6080322265625;130.09950256347656;411.6570739746094;25.514719009399414;79.85252380371094;112.5599136352539;0.038572;0.040994;0.043063000000000004;0.044452;0.04566
2024-10-25;155.00999450683594;377.9186706542969;63.28369903564453;92.86433410644531;214.65341186523438;120.09701538085938;421.49169921875;24.84235954284668;81.03101348876953;112.07218933105469;0.040473;0.042708;0.044569;0.045793;0.046799999999999994
2024-11-01;154.58999633789062;371.7109375;61.477508544921875;93.62655639648438;215.26174926757812;122.47489166259766;403.98822021484375;24.528011322021484;80.71674346923828;107.81401824951172;0.041896;0.043985;0.045572;0.046490000000000004;0.04694
2024-11-08;151.67999267578125;385.164306640625;60.44672393798828;96.7634048461914;228.8181610107422;129.32933044433594;415.96893310546875;23.694133758544922;83.30943298339844;113.59160614013672;0.041582999999999995;0.043083;0.044915000000000004;0.045919;0.04519599999999999
2024-11-15;140.19000244140625;376.0583190917969;58.38518524169922;112.45741271972656;236.8612823486328;125.61356353759766;408.5462341308594;21.991559982299805;82.73983001708984;112.82289123535156;0.042634;0.044471;0.046029;0.046922;0.047225
2024-11-22;149.2899932861328;389.1983642578125;60.44672393798828;113.01441955566406;239.98968505859375;124.28764343261719;411.3367919921875;22.745304107666016;88.81887817382812;115.16804504394531;0.042659;0.044066999999999995;0.045961999999999996;0.047127;0.04650699999999999
2024-11-29;155.44000244140625;397.6385498046875;61.057647705078125;114.7929458618164;241.11941528320312;129.23321533203125;417.7090759277344;23.241891860961914;90.8419418334961;111.54627990722656;0.040273;0.041936999999999995;0.043759;0.04473;0.044516
2024-12-06;153.92999267578125;386.78973388671875;59.58075714111328;114.06980895996094;238.84066772460938;128.82675170898438;437.54595947265625;22.816246032714844;93.98458099365234;107.39498138427734;0.040007;0.041533;0.043417000000000004;0.044457;0.043844
2024-12-13;169.64999389648438;372.5726013183594;60.142921447753906;110.7570571899414;231.6762237548828;125.73936462402344;441.1957092285156;22.6832332611084;92.7656478881836;104.81341552734375;0.042231;0.044112;0.046102;0.047276;0.046722
2024-12-20;177.35000610351562;358.4044189453125;59.59981155395508;109.9620132446289;229.4168243408203;125.1199722290039;430.670654296875;23.374902725219727;90.78730010986328;100.11363983154297;0.043398000000000006;0.045405;0.047210999999999996;0.048242;0.047756
2024-12-27;180.72000122070312;357.2490234375;59.5045280456543;109.49088287353516;232.86386108398438;125.99100494384766;424.6830749511719;23.6054630279541;90.21644592285156;100.69048309326172;0.044227999999999996;0.046490000000000004;0.048228;0.049173999999999995;0.048771
2024-12-31;177.0;355.1929016113281;59.323486328125;109.29456329345703;231.4541473388672;124.93607330322266;415.7756652832031;23.525651931762695;88.92707061767578;101.7212142944336;0.043514;0.04592399999999999;0.047855;0.048901;0.04838
2025-01-10;172.0;343.6781311035156;58.189613342285156;106.64441680908203;232.80479431152344;126.98788452148438;413.2603454589844;23.694133758544922;91.53533172607422;100.7472152709961;0.045603;0.048152;0.049733;0.050492999999999996;0.050135
2025-01-17;171.08999633789062;377.9676513671875;59.752262115478516;105.04448699951172;251.52662658691406;136.4918670654297;423.20343017578125;23.321697235107422;90.49203491210938;106.21294403076172;0.04383600000000001;0.046374000000000005;0.048387;0.049435;0.048735
2025-01-24;176.05999755859375;400.590087890625;58.9995231628418;110.0896224975586;257.039306640625;144.62156677246094;438.029296875;23.51795768737793;93.26761627197266;102.75194549560547;0.043937;0.046462;0.048413000000000005;0.049441;0.04886599999999999
2025-01-31;176.52000427246094;365.025146484375;60.48594665527344;110.9729995727539;259.4268798828125;147.30242919921875;409.4231872558594;23.905569076538086;96.61407470703125;101.02143859863281;0.043429999999999996;0.045975999999999996;0.047754000000000005;0.048875;0.049783
2025-02-07;181.49000549316406;357.5956726074219;60.82896423339844;108.81361389160156;267.676513671875;145.0474090576172;404.18524169921875;23.20246124267578;99.55697631835938;102.96943664550781;0.043072;0.044814;0.046535;0.04764;0.047577999999999995
2025-02-14;184.4199981689453;347.218017578125;65.62173461914062;108.34247589111328;268.4432678222656;144.5471649169922;402.8832092285156;23.013164520263672;102.4014663696289;103.27031707763672;0.042908;0.044770000000000004;0.046594;0.047747000000000005;0.047628000000000004
2025-02-21;177.14999389648438;334.16741943359375;67.98475646972656;106.65422821044922;256.45703125;141.0069122314453;403.4735412597656;23.707256317138672;93.28730010986328;105.60783386230469;0.042287;0.044389000000000005;0.046027;0.047146;0.048228
2025-02-28;174.6300048828125;338.0098876953125;67.85135650634766;111.69934844970703;256.85491943359375;150.8690185546875;392.3837585449219;23.824440002441406;97.0569839477539;106.21844482421875;0.040152;0.042594;0.044508;0.04577;0.046856999999999996
2025-03-07;154.17999267578125;344.25018310546875;68.06097412109375;103.5623779296875;235.143798828125;142.2907257080078;388.7464294433594;24.094863891601562;90.27549743652344;104.01449584960938;0.040726000000000005;0.043537;0.045606;0.046929;0.048007
2025-03-14;161.80999755859375;333.7742919921875;66.38433837890625;96.81918334960938;225.5936737060547;146.28811645507812;384.05157470703125;23.18443489074707;84.00580596923828;106.76228332519531;0.040667999999999996;0.043478;0.04558500000000001;0.046905;0.047882999999999995
2025-03-21;178.11000061035156;329.9809265136719;65.91400909423828;97.62405395507812;234.51296997070312;146.23948669433594;386.72027587890625;23.689224243164062;84.85829162597656;110.19698333740234;0.039798;0.042800000000000005;0.045091;0.046556;0.047717999999999997
2025-03-28;173.30999755859375;323.9961242675781;67.54578399658203;96.25970458984375;235.69705200195312;140.87074279785156;374.40478515625;22.72471046447754;84.03911590576172;112.32460021972656;0.039617;0.042929;0.045453;0.047038;0.048209999999999996
2025-04-04;136.58999633789062;283.1047668457031;67.1234359741211;81.98810577392578;205.3434295654297;123.43211364746094;355.6647644042969;20.705537796020508;82.10468292236328;99.54937744140625;0.037056;0.040416999999999995;0.043075999999999996;0.044828;0.046329
2025-04-11;156.83999633789062;288.3820495605469;68.563232421875;83.322998046875;230.65492248535156;132.22438049316406;383.94287109375;19.750038146972656;91.58931732177734;98.40447998046875;0.041363000000000004;0.045536;0.048243999999999995;0.049662;0.050094
2025-04-17;161.89999389648438;289.1681823730469;70.07022857666016;83.24446868896484;226.5144805908203;126.64167022705078;363.51263427734375;19.957361221313477;92.00382995605469;102.01091766357422;0.039315;0.044123;0.047409999999999994;0.049207;0.049921
2025-04-25;177.9499969482422;302.6075744628906;69.02398681640625;88.61351013183594;237.83238220214844;133.55685424804688;387.30340576171875;20.66046714782715;93.84943389892578;103.58516693115234;0.038692000000000004;0.043377;0.046639;0.048429;0.04913700000000001
2025-05-02;185.4600067138672;319.6214904785156;68.77442169189453;90.78270721435547;246.58203125;138.18641662597656;430.2294921875;21.814281463623047;97.46168518066406;101.3335189819336;0.03902;0.043779000000000005;0.047193;0.04901900000000001;0.049538
2025-05-09;194.85000610351562;321.53717041015625;67.68976593017578;103.98443603515625;247.13864135742188;138.692138671875;433.63946533203125;20.466699600219727;95.68897247314453;102.38301849365234;0.039746000000000004;0.044417;0.047735;0.04954;0.050166
2025-05-16;205.82000732421875;349.1465759277344;69.11036682128906;111.32635498046875;261.2786865234375;148.9141082763672;449.8233947753906;20.971935272216797;97.19275665283203;104.17332458496094;0.040343;0.044935;0.048399;0.05016;0.050203
2025-05-23;202.36000061035156;339.08441162109375;68.88959503173828;107.69466400146484;254.58953857421875;144.27774047851562;445.7734680175781;21.42205810546875;95.31301879882812;99.20487976074219;0.040639;0.045874;0.049781000000000006;0.051748;0.051756
2025-05-30;207.32000732421875;343.66619873046875;69.20635223388672;110.95337677001953;257.8022766113281;144.99122619628906;455.85382080078125;21.57822036743164;97.66764831542969;98.50199127197266;0.039559000000000004;0.044753999999999995;0.04856;0.050526;0.050801
2025-06-06;210.8000030517578;348.91949462890625;68.4864501953125;111.79750061035156;259.49169921875;142.2057342529297;465.7757568359375;21.449617385864258;96.43097686767578;100.39884185791016;0.041041;0.045679;0.049121;0.050885999999999994;0.051025999999999995
2025-06-13;200.32000732421875;352.5730895996094;68.65438079833984;115.76292419433594;258.7300109863281;139.09774780273438;470.3109130859375;22.542768478393555;93.43328094482422;107.9573974609375;0.039921000000000005;0.044671;0.048285999999999996;0.050238;0.050715
2025-06-20;198.75;355.99957275390625;66.54698944091797;115.45864868164062;268.5440673828125;140.76904296875;472.72698974609375;22.019155502319336;95.09537506103516;110.44160461425781;0.039402;0.044343;0.048039;0.050043;0.050616
2025-06-27;214.5500030517578;379.8862609863281;67.98736572265625;120.59378051757812;280.3697509765625;148.578125;491.0855407714844;22.221250534057617;96.23310089111328;105.31912994384766;0.038155999999999995;0.043539;0.047451;0.049591;0.050336
2025-07-03;215.9199981689453;392.8713684082031;68.973388671875;122.2300796508789;290.4435729980469;149.477294921875;493.95721435546875;23.31439781188965;97.31148529052734;108.03443145751953;0.039177;0.044041;0.04764;0.049622;0.050323
2025-07-11;226.83999633789062;400.830322265625;67.54269409179688;118.1590347290039;281.47515869140625;152.3116455078125;498.3933410644531;23.562423706054688;93.39369201660156;111.14451599121094;0.039684;0.044902;0.048659999999999995;0.050679;0.051268
2025-07-18;229.33999633789062;408.5226745605469;67.52335357666016;119.6869125366211;285.8023376464844;149.76071166992188;505.0574645996094;22.478458404541016;94.03678131103516;103.7688980102539;0.039425;0.044996;0.048981000000000004;0.051096;0.051647
2025-07-25;233.05999755859375;429.8804016113281;66.86599731445312;119.73619842529297;293.014404296875;147.84512329101562;508.681640625;23.165363311767578;96.43097686767578;106.30126953125;0.039282;0.044358;0.048194;0.05026099999999999;0.050784
2025-08-01;221.89999389648438;424.86553955078125;66.56633758544922;114.92584991455078;283.93804931640625;141.1404266357422;518.9798583984375;21.9505558013916;97.44009399414062;105.5694808959961;0.037553;0.042748999999999995;0.046609;0.048871000000000005;0.050114
2025-08-08;229.1199951171875;412.8040771484375;67.99703216552734;110.82523345947266;283.3395080566406;149.82916259765625;516.9300537109375;22.96912384033203;102.6242446899414;102.83493041992188;0.038158;0.043306;0.047164000000000005;0.049396;0.050513
2025-08-15;235.25999450683594;404.1519775390625;67.59101867675781;113.74298095703125;285.0370178222656;148.93975830078125;515.0783081054688;23.492422103881836;99.16507720947266;103.49056243896484;0.038271;0.043845999999999996;0.047976;0.050245;0.051012
2025-08-22;230.1199951171875;431.78326416015625;67.79402160644531;117.1634521484375;290.6790771484375;155.12643432617188;503.0907287597656;24.183927536010742;96.02153778076172;108.14564514160156;0.037432;0.043119;0.047372;0.049756999999999996;0.050708
2025-08-29;234.67999267578125;415.3016662597656;66.6919937133789;116.69029998779297;295.7618713378906;152.7110137939453;502.55511474609375;23.137327194213867;96.1702880859375;111.07086944580078;0.036796999999999996;0.042885;0.047579;0.050214;0.051186999999999996
2025-09-05;229.61000061035156;419.3055419921875;65.69630432128906;116.22701263427734;288.8540344238281;152.4851837158203;490.9605407714844;23.249462127685547;99.67081451416016;106.15339660644531;0.035731;0.041521;0.046092;0.048681999999999996;0.049638999999999996
2025-09-12;215.94000244140625;427.6702880859375;64.77796173095703;114.30484771728516;301.1488342285156;155.0085906982422;505.73895263671875;22.30565643310547;102.62593078613281;109.00086212158203;0.036071;0.04118;0.045274;0.047614000000000004;0.048498
2025-09-19;215.64999389648438;462.3778991699219;64.70976257324219;112.13624572753906;308.8710632324219;153.7616424560547;513.7034912109375;22.455169677734375;101.47562408447266;109.64227294921875;0.036682;0.041921;0.045965;0.048291;0.049308
2025-09-26;221.25999450683594;461.6048278808594;63.96944046020508;111.85038757324219;310.12701416015625;150.04031372070312;507.28619384765625;22.202865600585938;102.29869842529297;113.91834259033203;0.037545999999999996;0.042439;0.046318;0.048517000000000005;0.049246
2025-10-03;216.3000030517578;493.4085693359375;64.924072265625;110.86466217041016;304.210205078125;155.7843017578125;513.1281127929688;25.576278686523438;101.21778869628906;110.06988525390625;0.036987;0.041887999999999995;0.045601;0.047813;0.049081
2025-10-10;210.72999572753906;486.9169616699219;65.30396270751953;107.63147735595703;296.6772155761719;146.05389404296875;506.790283203125;23.156017303466797;100.98970031738281;107.61114501953125;0.03634;0.041148;0.04474;0.046900000000000004;0.048236999999999995
2025-10-17;212.94000244140625;522.3778076171875;66.66771697998047;109.09034729003906;293.3938293457031;149.87339782714844;509.3889465332031;22.903711318969727;106.83053588867188;109.07860565185547;0.035795;0.040763999999999995;0.044439;0.046643;0.048009
2025-10-24;221.35000610351562;519.5550537109375;67.90482330322266;110.0859375;296.2334899902344;165.44593811035156;519.3369750976562;23.137327194213867;105.28355407714844;112.13988494873047;0.035912;0.040755;0.04439;0.046543;0.047768
2025-10-31;201.02000427246094;573.7537841796875;67.11580657958984;111.01252746582031;306.76397705078125;163.482177734375;513.5843505859375;23.034536361694336;100.33522033691406;111.13890075683594;0.036901;0.041651999999999995;0.045316;0.04742;0.048330000000000005
2025-11-07;194.61000061035156;559.6798095703125;68.72307586669922;109.15935516357422;309.8106689453125;161.85226440429688;492.76568603515625;23.230937957763672;101.73343658447266;113.91834259033203;0.036583000000000004;0.041624999999999995;0.045577;0.047824;0.048641
2025-11-14;194.52000427246094;550.6649169921875;69.3172836303711;104.28986358642578;299.3591003417969;165.2496337890625;506.01666259765625;23.83001708984375;101.62438201904297;116.94403839111328;0.037132;0.042117;0.046093;0.048361;0.04913700000000001
2025-11-21;179.6999969482422;547.0867919921875;71.06092071533203;102.79155731201172;293.84735107421875;165.75254821777344;469.1436462402344;23.81100082397461;104.4406509399414;114.7774887084961;0.035989;0.041336000000000005;0.045569;0.04801999999999999;0.049065000000000004
2025-11-28;189.0;572.262939453125;71.22652435302734;102.97885131835938;308.696533203125;169.65748596191406;488.9082946777344;24.476642608642578;109.58732604980469;113.64029693603516;0.035787;0.040983;0.045139;0.047535999999999995;0.048509000000000004
2025-12-05;201.88999938964844;599.5064086914062;68.66625213623047;103.79700469970703;310.62908935546875;165.15103149414062;480.11407470703125;24.752408981323242;114.14891815185547;114.24811553955078;0.036877;0.042135;0.046496;0.04897;0.049467
2025-12-12;204.3800048828125;594.258544921875;69.17633819580078;110.00707244873047;314.0603332519531;166.55128479003906;475.51324462890625;24.581241607666016;115.96153259277344;116.4832763671875;0.037259;0.042831;0.047141999999999996;0.049593;0.050414
2025-12-19;214.0800018310547;572.7201538085938;68.72510528564453;110.39411163330078;312.7686767578125;159.70779418945312;482.8566589355469;23.953636169433594;113.6363525390625;114.3951644897461;0.036742;0.042367;0.046722;0.049235;0.050233999999999994
2025-12-26;216.44000244140625;579.458984375;68.53873443603516;112.69646453857422;323.3188781738281;159.82611083984375;484.6353759765625;23.858545303344727;111.03292846679688;116.767578125;0.036707000000000004;0.042192999999999994;0.046532;0.049082;0.050174
2025-12-30;218.5;573.8829956054688;68.73492431640625;113.9171142578125;318.8917541503906;158.9287872314453;484.4068298339844;23.763450622558594;111.21178436279297;118.610595703125;0.036592;0.042127;0.046299;0.048846;0.050492
