Date,Adj Close,Close,High,Low,Open,Volume,Log_returns
2012-01-03,2648.719970703125,2648.719970703125,2665.89990234375,2641.97998046875,2657.389892578125,1636850000,
2012-01-04,2648.360107421875,2648.360107421875,2653.179931640625,2627.22998046875,2639.89990234375,1670530000,-0.00013587232078663512
2012-01-05,2669.860107421875,2669.860107421875,2673.56005859375,2631.22998046875,2642.570068359375,1836410000,0.00808545575805427
2012-01-06,2674.219970703125,2674.219970703125,2682.1201171875,2658.830078125,2671.169921875,1683090000,0.001631661271834138
2012-01-09,2676.56005859375,2676.56005859375,2683.780029296875,2662.9599609375,2682.97998046875,1768080000,0.0008746717401960524
2012-01-10,2702.5,2702.5,2712.5,2694.330078125,2704.419921875,1809500000,0.009644860703680092
2012-01-11,2710.760009765625,2710.760009765625,2714.2900390625,2690.72998046875,2695.77001953125,1699660000,0.003051771450619982
2012-01-12,2724.699951171875,2724.699951171875,2726.429931640625,2697.320068359375,2716.8701171875,1669550000,0.005129270409150128
2012-01-13,2710.669921875,2710.669921875,2712.929931640625,2689.580078125,2707.409912109375,1655960000,-0.005162504405261551
2012-01-17,2728.080078125,2728.080078125,2742.72998046875,2721.030029296875,2736.340087890625,1664210000,0.006402285716049106
2012-01-18,2769.7099609375,2769.7099609375,2769.7099609375,2730.050048828125,2731.159912109375,1968940000,0.015144513772497408
2012-01-19,2788.330078125,2788.330078125,2793.35009765625,2777.169921875,2779.739990234375,1959950000,0.006700270856981982
2012-01-20,2786.699951171875,2786.699951171875,2787.199951171875,2775.8701171875,2776.0400390625,1949660000,-0.0005847957736605971
2012-01-23,2784.169921875,2784.169921875,2804.989990234375,2769.820068359375,2786.2099609375,1652940000,-0.0009083067917489569
2012-01-24,2786.639892578125,2786.639892578125,2788.3798828125,2766.340087890625,2771.580078125,1620690000,0.0008867546899801734
2012-01-25,2818.31005859375,2818.31005859375,2822.7900390625,2788.949951171875,2803.22998046875,1918040000,0.011300904857934372
2012-01-26,2805.280029296875,2805.280029296875,2834.300048828125,2794.780029296875,2828.780029296875,1998970000,-0.004634069130610969
2012-01-27,2816.550048828125,2816.550048828125,2821.550048828125,2797.239990234375,2797.659912109375,1707350000,0.00400938287778243
2012-01-30,2811.93994140625,2811.93994140625,2816.85009765625,2782.43994140625,2790.39990234375,1668970000,-0.0016381333042438065
2012-01-31,2813.840087890625,2813.840087890625,2830.449951171875,2798.77001953125,2825.760009765625,1786550000,0.0006755139897884146
2012-02-01,2848.27001953125,2848.27001953125,2855.72998046875,2825.18994140625,2830.10009765625,2125720000,0.012161669537708584
2012-02-02,2859.679931640625,2859.679931640625,2868.22998046875,2849.39990234375,2854.10009765625,1913430000,0.003997907271184174
2012-02-03,2905.659912109375,2905.659912109375,2908.1298828125,2885.840087890625,2888.949951171875,2152890000,0.015950822187915412
2012-02-06,2901.989990234375,2901.989990234375,2903.030029296875,2887.330078125,2892.52001953125,1684490000,-0.0012638235517608625
2012-02-07,2904.080078125,2904.080078125,2910.27001953125,2885.169921875,2895.909912109375,1784580000,0.0007199665027463553
2012-02-08,2915.860107421875,2915.860107421875,2918.260009765625,2892.7099609375,2906.590087890625,1981150000,0.004048167166178811
2012-02-09,2927.22998046875,2927.22998046875,2930.679931640625,2904.510009765625,2922.4599609375,2153090000,0.003891737839453299
2012-02-10,2903.8798828125,2903.8798828125,2910.97998046875,2895.10009765625,2902.0,1787640000,-0.008008843260690898
2012-02-13,2931.389892578125,2931.389892578125,2933.929931640625,2913.889892578125,2926.2099609375,1619980000,0.00942894318136172
2012-02-14,2931.830078125,2931.830078125,2932.080078125,2911.60009765625,2921.699951171875,1881630000,0.00015015146963663615
2012-02-15,2915.830078125,2915.830078125,2958.18994140625,2911.330078125,2943.419921875,2038980000,-0.005472287889641484
2012-02-16,2959.85009765625,2959.85009765625,2961.3798828125,2912.719970703125,2915.669921875,1945230000,0.014984084169309807
2012-02-17,2951.780029296875,2951.780029296875,2962.780029296875,2941.550048828125,2958.219970703125,1973900000,-0.002730236228943073
2012-02-21,2948.570068359375,2948.570068359375,2965.050048828125,2934.070068359375,2957.300048828125,1821540000,-0.0010880578952277707
2012-02-22,2933.169921875,2933.169921875,2950.3701171875,2929.679931640625,2942.77001953125,1706310000,-0.00523660743314169
2012-02-23,2956.97998046875,2956.97998046875,2958.419921875,2922.9599609375,2933.159912109375,1768390000,0.008084747817990711
2012-02-24,2963.75,2963.75,2970.8798828125,2958.820068359375,2963.1298828125,1643180000,0.002286887766914398
2012-02-27,2966.159912109375,2966.159912109375,2976.080078125,2933.300048828125,2945.8701171875,1763650000,0.0008127989388601119
2012-02-28,2986.760009765625,2986.760009765625,2988.590087890625,2966.610107421875,2969.25,1812490000,0.006921033763758512
2012-02-29,2966.889892578125,2966.889892578125,3000.110107421875,2961.77001953125,2991.669921875,2170190000,-0.006674961171596184
2012-03-01,2988.969970703125,2988.969970703125,2996.3701171875,2974.590087890625,2979.110107421875,1903690000,0.007414606719663
2012-03-02,2976.18994140625,2976.18994140625,2995.969970703125,2968.0,2986.080078125,1755130000,-0.004284897316746735
2012-03-05,2950.47998046875,2950.47998046875,2973.929931640625,2940.52001953125,2969.72998046875,1679030000,-0.008676076971106755
2012-03-06,2910.320068359375,2910.320068359375,2921.77001953125,2900.280029296875,2917.52001953125,1870720000,-0.013704798098336362
2012-03-07,2935.68994140625,2935.68994140625,2940.280029296875,2920.5400390625,2922.570068359375,1589360000,0.00867943512554968
2012-03-08,2970.419921875,2970.419921875,2976.050048828125,2945.72998046875,2954.39990234375,1619740000,0.011760831269467234
2012-03-09,2988.340087890625,2988.340087890625,2993.97998046875,2973.9599609375,2975.090087890625,1580560000,0.00601474803863019
2012-03-12,2983.659912109375,2983.659912109375,2994.10009765625,2973.64990234375,2989.050048828125,1341660000,-0.001567373321963489
2012-03-13,3039.8798828125,3039.8798828125,3039.889892578125,2996.4599609375,3003.7099609375,1709900000,0.018667297031114142
2012-03-14,3040.72998046875,3040.72998046875,3051.3701171875,3024.72998046875,3042.2099609375,1662300000,0.0002796093421227161
2012-03-15,3056.3701171875,3056.3701171875,3059.81005859375,3037.820068359375,3048.580078125,1677540000,0.005130363869081368
2012-03-16,3055.260009765625,3055.260009765625,3060.820068359375,3047.68994140625,3058.489990234375,2088610000,-0.00036327703444870166
2012-03-19,3078.320068359375,3078.320068359375,3087.10009765625,3050.889892578125,3057.239990234375,1548400000,0.0075193172507695425
2012-03-20,3074.14990234375,3074.14990234375,3078.719970703125,3050.820068359375,3060.929931640625,1508580000,-0.0013556073167682561
2012-03-21,3075.320068359375,3075.320068359375,3090.080078125,3069.090087890625,3077.43994140625,1552400000,0.00038057459759080383
2012-03-22,3063.320068359375,3063.320068359375,3068.5,3050.699951171875,3055.0,1524800000,-0.003909665664778956
2012-03-23,3067.919921875,3067.919921875,3070.929931640625,3044.669921875,3066.3701171875,1428940000,0.0015004646322630563
2012-03-26,3122.570068359375,3122.570068359375,3122.570068359375,3090.050048828125,3090.52001953125,1627520000,0.017656620512085313
2012-03-27,3120.35009765625,3120.35009765625,3134.169921875,3119.030029296875,3124.06005859375,1662460000,-0.0007111962791968688
2012-03-28,3104.9599609375,3104.9599609375,3130.56005859375,3086.929931640625,3123.840087890625,1765680000,-0.004944386039371007
2012-03-29,3095.360107421875,3095.360107421875,3099.800048828125,3069.81005859375,3087.25,1756160000,-0.003096569557913593
2012-03-30,3091.570068359375,3091.570068359375,3111.550048828125,3079.050048828125,3110.969970703125,1833130000,-0.001225176114456433
2012-04-02,3119.699951171875,3119.699951171875,3123.030029296875,3079.780029296875,3085.93994140625,1768210000,0.009057753098864446
2012-04-03,3113.570068359375,3113.570068359375,3128.25,3097.409912109375,3119.64990234375,1804950000,-0.0019668279312042543
2012-04-04,3068.090087890625,3068.090087890625,3086.35009765625,3052.580078125,3085.4599609375,1813150000,-0.014714752976267223
2012-04-05,3080.5,3080.5,3083.3798828125,3061.139892578125,3061.75,1548040000,0.004036674679345129
2012-04-09,3047.080078125,3047.080078125,3058.760009765625,3032.219970703125,3037.280029296875,1371140000,-0.010908140841166841
2012-04-10,2991.219970703125,2991.219970703125,3055.199951171875,2987.0,3044.669921875,1953600000,-0.01850245948744341
2012-04-11,3016.4599609375,3016.4599609375,3030.510009765625,3008.75,3020.14990234375,1540890000,0.008402624315972041
2012-04-12,3055.550048828125,3055.550048828125,3059.260009765625,3020.43994140625,3023.110107421875,1480340000,0.0128756796731277
2012-04-13,3011.330078125,3011.330078125,3045.419921875,3010.77001953125,3045.080078125,1483850000,-0.014577757554979807
2012-04-16,2988.39990234375,2988.39990234375,3027.570068359375,2975.8701171875,3027.570068359375,1594320000,-0.007643773136929269
2012-04-17,3042.820068359375,3042.820068359375,3052.760009765625,2999.489990234375,3002.02001953125,1555070000,0.01804664503752303
2012-04-18,3031.449951171875,3031.449951171875,3045.0400390625,3023.909912109375,3031.820068359375,1599470000,-0.0037437026772204865
2012-04-19,3007.56005859375,3007.56005859375,3058.719970703125,2994.93994140625,3028.199951171875,1991120000,-0.007911898526832281
2012-04-20,3000.449951171875,3000.449951171875,3034.68994140625,2999.010009765625,3023.72998046875,1935880000,-0.0023668771289050705
2012-04-23,2970.449951171875,2970.449951171875,2973.3798828125,2946.0400390625,2969.0,1767360000,-0.010048821094727387
2012-04-24,2961.60009765625,2961.60009765625,2979.080078125,2950.3798828125,2967.3701171875,1690840000,-0.0029837442396584805
2012-04-25,3029.6298828125,3029.6298828125,3031.409912109375,3010.570068359375,3013.64990234375,1721330000,0.022710765362038976
2012-04-26,3050.610107421875,3050.610107421875,3056.77001953125,3027.7900390625,3029.6201171875,1763510000,0.00690114466194331
2012-04-27,3069.199951171875,3069.199951171875,3076.43994140625,3043.300048828125,3060.340087890625,1777750000,0.006075319577070469
2012-04-30,3046.360107421875,3046.360107421875,3063.659912109375,3043.25,3060.06005859375,1633170000,-0.007469454873324999
2012-05-01,3050.43994140625,3050.43994140625,3085.39990234375,3041.6201171875,3044.7900390625,1854230000,0.0013383527623275372
2012-05-02,3059.85009765625,3059.85009765625,3061.469970703125,3028.93994140625,3035.070068359375,1825190000,0.00308010376901397
2012-05-03,3024.300048828125,3024.300048828125,3061.3798828125,3016.199951171875,3061.1298828125,1869130000,-0.011686251179183762
2012-05-04,2956.340087890625,2956.340087890625,3001.47998046875,2956.340087890625,3001.14990234375,1944010000,-0.022727629392267287
2012-05-07,2957.760009765625,2957.760009765625,2970.199951171875,2939.2099609375,2940.409912109375,1740430000,0.0004801818971057817
2012-05-08,2946.27001953125,2946.27001953125,2952.64990234375,2900.06005859375,2939.360107421875,2175840000,-0.0038922582314644795
2012-05-09,2934.7099609375,2934.7099609375,2948.77001953125,2900.179931640625,2912.409912109375,2047090000,-0.003931342572485563
2012-05-10,2933.639892578125,2933.639892578125,2950.2099609375,2923.139892578125,2950.2099609375,2004150000,-0.0003646914031867795
2012-05-11,2933.820068359375,2933.820068359375,2960.3798828125,2918.739990234375,2919.35009765625,1735380000,6.141525720036698e-05
2012-05-14,2902.580078125,2902.580078125,2924.889892578125,2898.89990234375,2907.780029296875,1683460000,-0.010705327874086875
2012-05-15,2893.760009765625,2893.760009765625,2930.679931640625,2889.389892578125,2902.300048828125,1826210000,-0.003043325627251883
2012-05-16,2874.0400390625,2874.0400390625,2913.89990234375,2872.25,2904.669921875,1933900000,-0.00683797890873995
2012-05-17,2813.68994140625,2813.68994140625,2879.219970703125,2813.68994140625,2874.7099609375,2016980000,-0.021221950705094802
2012-05-18,2778.7900390625,2778.7900390625,2827.280029296875,2774.449951171875,2814.429931640625,2692450000,-0.012481173119058258
2012-05-21,2847.2099609375,2847.2099609375,2848.830078125,2774.760009765625,2782.550048828125,1870420000,0.024323958498837638
2012-05-22,2839.080078125,2839.080078125,2867.340087890625,2823.219970703125,2853.8701171875,1861850000,-0.0028594701628641243
2012-05-23,2850.1201171875,2850.1201171875,2855.35009765625,2795.5,2832.169921875,1929640000,0.003881056226227078
2012-05-24,2839.3798828125,2839.3798828125,2858.239990234375,2817.6201171875,2856.550048828125,1750290000,-0.0037754625653258003
2012-05-25,2837.530029296875,2837.530029296875,2846.31005859375,2829.760009765625,2839.739990234375,1282680000,-0.0006517114450425739
2012-05-29,2870.989990234375,2870.989990234375,2882.830078125,2846.679931640625,2853.27001953125,221430000,0.011722948860810095
2012-05-30,2837.360107421875,2837.360107421875,2847.27001953125,2825.639892578125,2847.27001953125,1671040000,-0.011782834381395341
2012-05-31,2827.340087890625,2827.340087890625,2842.429931640625,2801.9599609375,2837.3701171875,2180130000,-0.0035377088411157553
2012-06-01,2747.47998046875,2747.47998046875,2810.1298828125,2747.239990234375,2810.1298828125,1966370000,-0.02865225058643603
2012-06-04,2760.010009765625,2760.010009765625,2769.929931640625,2726.679931640625,2747.610107421875,1755750000,0.004550185633658872
2012-06-05,2778.110107421875,2778.110107421875,2781.969970703125,2749.340087890625,2749.35009765625,1625600000,0.00653657259856351
2012-06-06,2844.719970703125,2844.719970703125,2844.719970703125,2796.22998046875,2796.22998046875,1761050000,0.023693755110811367
2012-06-07,2831.02001953125,2831.02001953125,2873.590087890625,2827.820068359375,2872.050048828125,1655370000,-0.004827556513239905
2012-06-08,2858.419921875,2858.419921875,2860.93994140625,2814.800048828125,2823.820068359375,1390260000,0.00963191964711335
2012-06-11,2809.72998046875,2809.72998046875,2882.9599609375,2806.89990234375,2882.489990234375,1480220000,-0.017180610923793672
2012-06-12,2843.070068359375,2843.070068359375,2843.669921875,2802.3798828125,2815.840087890625,1594310000,0.011796091919645117
2012-06-13,2818.610107421875,2818.610107421875,2853.169921875,2810.590087890625,2838.1201171875,1602080000,-0.00864058454698928
2012-06-14,2836.330078125,2836.330078125,2842.31005859375,2807.550048828125,2820.6298828125,1633370000,0.006267096775517481
2012-06-15,2872.800048828125,2872.800048828125,2874.3798828125,2837.93994140625,2839.39990234375,2020100000,0.012776190409652017
2012-06-18,2895.330078125,2895.330078125,2903.030029296875,2853.860107421875,2872.489990234375,1586190000,0.007811940222608485
2012-06-19,2929.760009765625,2929.760009765625,2940.22998046875,2908.449951171875,2909.8701171875,1835480000,0.011821390595471269
2012-06-20,2930.449951171875,2930.449951171875,2942.280029296875,2910.0,2932.9599609375,1563080000,0.0002354664471193739
2012-06-21,2859.090087890625,2859.090087890625,2930.929931640625,2857.10009765625,2929.14990234375,1822200000,-0.02465255506786379
2012-06-22,2892.419921875,2892.419921875,2894.35009765625,2863.929931640625,2866.169921875,3544010000,0.011590071833661689
2012-06-25,2836.159912109375,2836.159912109375,2863.889892578125,2829.22998046875,2863.889892578125,1514430000,-0.01964250137884334
2012-06-26,2854.06005859375,2854.06005859375,2862.14990234375,2832.02001953125,2845.39990234375,1623160000,0.006291568910472674
2012-06-27,2875.320068359375,2875.320068359375,2882.39990234375,2860.1298828125,2862.1298828125,1668580000,0.007421433688733942
2012-06-28,2849.489990234375,2849.489990234375,2855.739990234375,2818.18994140625,2853.889892578125,1795850000,-0.009023968705798933
2012-06-29,2935.050048828125,2935.050048828125,2935.1298828125,2895.60009765625,2902.43994140625,2021190000,0.029584478074296837
2012-07-02,2951.22998046875,2951.22998046875,2951.22998046875,2925.7099609375,2938.409912109375,1845240000,0.00549752044082779
2012-07-03,2976.080078125,2976.080078125,2976.080078125,2948.39990234375,2950.81005859375,1009330000,0.008384998593818903
2012-07-05,2976.1201171875,2976.1201171875,2987.93994140625,2958.300048828125,2970.3701171875,1423990000,1.3453533546068236e-05
2012-07-06,2937.330078125,2937.330078125,2957.5,2921.3701171875,2955.199951171875,1437420000,-0.01311944606202197
2012-07-09,2931.77001953125,2931.77001953125,2942.989990234375,2919.0400390625,2934.489990234375,1455500000,-0.0018946891906933183
2012-07-10,2902.330078125,2902.330078125,2953.469970703125,2891.419921875,2945.35009765625,1725730000,-0.010092453267242611
2012-07-11,2887.97998046875,2887.97998046875,2905.510009765625,2866.530029296875,2898.77001953125,1635120000,-0.004956600558631776
2012-07-12,2866.18994140625,2866.18994140625,2876.320068359375,2837.719970703125,2867.080078125,1719460000,-0.007573687783291115
2012-07-13,2908.469970703125,2908.469970703125,2913.280029296875,2873.389892578125,2874.06005859375,1373620000,0.014643558394772412
2012-07-16,2896.93994140625,2896.93994140625,2910.199951171875,2888.010009765625,2903.030029296875,1414470000,-0.003972172381156064
2012-07-17,2910.0400390625,2910.0400390625,2916.610107421875,2871.64990234375,2911.4599609375,1774160000,0.0045118529505277566
2012-07-18,2942.60009765625,2942.60009765625,2951.300048828125,2902.949951171875,2904.239990234375,1817040000,0.011126737252019478
2012-07-19,2965.89990234375,2965.89990234375,2976.219970703125,2952.419921875,2961.7099609375,1735920000,0.007886917310571714
2012-07-20,2925.300048828125,2925.300048828125,2957.02001953125,2925.300048828125,2957.02001953125,1810420000,-0.013783438560633167
2012-07-23,2890.14990234375,2890.14990234375,2898.050048828125,2852.8798828125,2877.510009765625,1607140000,-0.01208868611643911
2012-07-24,2862.989990234375,2862.989990234375,2896.56005859375,2847.219970703125,2894.949951171875,1748410000,-0.009441840243059635
2012-07-25,2854.239990234375,2854.239990234375,2870.219970703125,2839.760009765625,2856.780029296875,1784150000,-0.003060925259835793
2012-07-26,2893.25,2893.25,2905.570068359375,2876.010009765625,2896.679931640625,1981520000,0.01357483314667461
2012-07-27,2958.090087890625,2958.090087890625,2961.8701171875,2900.97998046875,2906.5,2102610000,0.022163381755137136
2012-07-30,2945.840087890625,2945.840087890625,2970.300048828125,2939.0400390625,2959.070068359375,1483990000,-0.00414978403021038
2012-07-31,2939.52001953125,2939.52001953125,2959.6201171875,2938.409912109375,2945.080078125,1801440000,-0.002147726111372786
2012-08-01,2920.2099609375,2920.2099609375,2958.280029296875,2917.780029296875,2956.719970703125,1722530000,-0.006590791233762553
2012-08-02,2909.77001953125,2909.77001953125,2934.64990234375,2890.85009765625,2900.4599609375,1822620000,-0.0035814711544788014
2012-08-03,2967.89990234375,2967.89990234375,2977.409912109375,2945.81005859375,2951.280029296875,1730210000,0.019780552139628496
2012-08-06,2989.909912109375,2989.909912109375,3000.239990234375,2974.22998046875,2978.159912109375,1528260000,0.007388658108388572
2012-08-07,3015.860107421875,3015.860107421875,3028.610107421875,3002.090087890625,3002.659912109375,1899240000,0.008641808369772522
2012-08-08,3011.25,3011.25,3018.89990234375,3002.409912109375,3003.77001953125,1874580000,-0.001529790642208038
2012-08-09,3018.639892578125,3018.639892578125,3022.68994140625,3007.300048828125,3009.860107421875,1677970000,0.0024510882983091687
2012-08-10,3020.860107421875,3020.860107421875,3020.860107421875,3003.3798828125,3008.830078125,1556460000,0.0007352313747045427
2012-08-13,3022.52001953125,3022.52001953125,3023.030029296875,2999.1201171875,3018.27001953125,1353380000,0.0005493323657446769
2012-08-14,3016.97998046875,3016.97998046875,3034.159912109375,3009.929931640625,3032.669921875,1567830000,-0.0018346024062829555
2012-08-15,3030.929931640625,3030.929931640625,3032.06005859375,3013.330078125,3013.330078125,1536730000,0.004613155987410742
2012-08-16,3062.389892578125,3062.389892578125,3067.43994140625,3033.280029296875,3037.179931640625,1937430000,0.010326141213796783
2012-08-17,3076.590087890625,3076.590087890625,3076.719970703125,3060.14990234375,3067.110107421875,1640640000,0.004626247579863345
2012-08-20,3076.2099609375,3076.2099609375,3076.2099609375,3059.89990234375,3072.659912109375,1451550000,-0.0001235622645274023
2012-08-21,3067.260009765625,3067.260009765625,3100.5400390625,3058.739990234375,3085.25,1574220000,-0.002913648978886685
2012-08-22,3073.669921875,3073.669921875,3080.72998046875,3053.429931640625,3059.93994140625,1459130000,0.0020876038348076583
2012-08-23,3053.39990234375,3053.39990234375,3070.340087890625,3045.52001953125,3065.820068359375,1383860000,-0.0066165700939695106
2012-08-24,3069.7900390625,3069.7900390625,3076.800048828125,3042.219970703125,3045.219970703125,1349740000,0.005353476217553795
2012-08-27,3073.18994140625,3073.18994140625,3085.81005859375,3068.1298828125,3083.6201171875,1383530000,0.0011069229272151328
2012-08-28,3077.139892578125,3077.139892578125,3083.18994140625,3063.64990234375,3069.39990234375,1364740000,0.0012844682550587946
2012-08-29,3081.18994140625,3081.18994140625,3087.239990234375,3067.6201171875,3078.050048828125,1282900000,0.0013153077282962264
2012-08-30,3048.7099609375,3048.7099609375,3067.5400390625,3045.919921875,3066.72998046875,1216640000,-0.010597329468113089
2012-08-31,3066.9599609375,3066.9599609375,3078.52001953125,3040.590087890625,3069.639892578125,1394760000,0.005968292731941273
2012-09-04,3075.06005859375,3075.06005859375,3082.260009765625,3040.239990234375,3063.25,1505960000,0.0026376020678818618
2012-09-05,3069.27001953125,3069.27001953125,3082.75,3062.5400390625,3072.580078125,1495030000,-0.001884677646785202
2012-09-06,3135.81005859375,3135.81005859375,3135.81005859375,3087.669921875,3087.93994140625,1918900000,0.021447777932417127
2012-09-07,3136.419921875,3136.419921875,3139.610107421875,3128.169921875,3133.219970703125,1740640000,0.00019446457960606137
2012-09-10,3104.02001953125,3104.02001953125,3133.889892578125,3102.760009765625,3131.340087890625,1575370000,-0.01038394529155951
2012-09-11,3104.530029296875,3104.530029296875,3117.860107421875,3099.10009765625,3105.02001953125,1586250000,0.00016429271335855256
2012-09-12,3114.31005859375,3114.31005859375,3120.1201171875,3098.820068359375,3115.330078125,1689140000,0.0031452930840365455
2012-09-13,3155.830078125,3155.830078125,3167.6298828125,3112.6201171875,3117.659912109375,1870050000,0.013243922947043546
2012-09-14,3183.949951171875,3183.949951171875,3195.669921875,3164.260009765625,3166.239990234375,1984720000,0.0088709883696742
2012-09-17,3178.669921875,3178.669921875,3183.39990234375,3168.6298828125,3183.39990234375,1485390000,-0.0016597032713770933
2012-09-18,3177.800048828125,3177.800048828125,3179.3701171875,3169.409912109375,3173.6201171875,1707200000,-0.0002736968966468207
2012-09-19,3182.6201171875,3182.6201171875,3189.35009765625,3170.2900390625,3179.0400390625,1850920000,0.0015156449279380992
2012-09-20,3175.9599609375,3175.9599609375,3178.449951171875,3156.4599609375,3166.840087890625,1809130000,-0.002094857217744626
2012-09-21,3179.9599609375,3179.9599609375,3196.929931640625,3178.090087890625,3194.860107421875,2526250000,0.0012586692649529038
2012-09-24,3160.780029296875,3160.780029296875,3167.739990234375,3150.7099609375,3155.35009765625,1704860000,-0.006049763960784246
2012-09-25,3117.72998046875,3117.72998046875,3176.300048828125,3117.72998046875,3170.3701171875,1975470000,-0.013713675200835291
2012-09-26,3093.699951171875,3093.699951171875,3114.5400390625,3080.280029296875,3113.39990234375,1738010000,-0.007737396846024636
2012-09-27,3136.60009765625,3136.60009765625,3142.02001953125,3098.4599609375,3105.8701171875,1691800000,0.01377167204759771
2012-09-28,3116.22998046875,3116.22998046875,3132.510009765625,3109.909912109375,3125.31005859375,1864640000,-0.006515510255486704
2012-10-01,3113.530029296875,3113.530029296875,3146.989990234375,3103.889892578125,3130.31005859375,1758170000,-0.0008667914451562384
2012-10-02,3120.0400390625,3120.0400390625,3131.639892578125,3101.639892578125,3127.72998046875,1609570000,0.0020886946199281187
2012-10-03,3135.22998046875,3135.22998046875,3142.360107421875,3115.0400390625,3130.85009765625,1704050000,0.004856695623539252
2012-10-04,3149.4599609375,3149.4599609375,3153.47998046875,3132.56005859375,3142.3798828125,1585190000,0.004528466772195792
2012-10-05,3136.18994140625,3136.18994140625,3171.4599609375,3130.760009765625,3161.2099609375,1607940000,-0.004222328463182678
2012-10-08,3112.35009765625,3112.35009765625,3125.489990234375,3107.570068359375,3121.330078125,1186260000,-0.007630569469007081
2012-10-09,3065.02001953125,3065.02001953125,3108.010009765625,3062.52001953125,3108.010009765625,1645740000,-0.015323998210772582
2012-10-10,3051.780029296875,3051.780029296875,3071.570068359375,3046.780029296875,3066.25,1788970000,-0.004329064480124152
2012-10-11,3049.409912109375,3049.409912109375,3078.080078125,3047.139892578125,3075.889892578125,1595020000,-0.0007769360827919176
2012-10-12,3044.110107421875,3044.110107421875,3061.77001953125,3039.580078125,3049.080078125,1524840000,-0.0017394891645119872
2012-10-15,3064.179931640625,3064.179931640625,3066.31005859375,3037.27001953125,3053.2099609375,1563440000,0.0065713632826789395
2012-10-16,3101.169921875,3101.169921875,3102.969970703125,3070.25,3073.2099609375,1736930000,0.011999459869139984
2012-10-17,3104.1201171875,3104.1201171875,3112.449951171875,3088.050048828125,3091.3798828125,1770920000,0.0009508646706960741
2012-10-18,3072.8701171875,3072.8701171875,3102.56005859375,3065.239990234375,3097.77001953125,2043290000,-0.01011828266759879
2012-10-19,3005.6201171875,3005.6201171875,3066.56005859375,3000.27001953125,3066.56005859375,2225580000,-0.02212810796181185
2012-10-22,3016.9599609375,3016.9599609375,3020.610107421875,2995.780029296875,3005.919921875,1654130000,0.0037657804475334043
2012-10-23,2990.4599609375,2990.4599609375,3006.590087890625,2974.070068359375,2989.43994140625,1830840000,-0.008822480276920173
2012-10-24,2981.699951171875,2981.699951171875,3012.949951171875,2978.72998046875,3011.820068359375,1967000000,-0.0029336173769660264
2012-10-25,2986.1201171875,2986.1201171875,3007.7099609375,2975.97998046875,3005.0400390625,1922660000,0.0014813338114340305
2012-10-26,2987.949951171875,2987.949951171875,2999.139892578125,2961.159912109375,2986.050048828125,1839700000,0.0006125920923793803
2012-10-31,2977.22998046875,2977.22998046875,2989.699951171875,2964.93994140625,2986.85009765625,1806780000,-0.0035941857131458815
2012-11-01,3020.06005859375,3020.06005859375,3021.93994140625,2984.219970703125,2987.5400390625,1880140000,0.014283386665943427
2012-11-02,2982.1298828125,2982.1298828125,3033.85009765625,2981.68994140625,3033.85009765625,1834590000,-0.01263894714211939
2012-11-05,2999.659912109375,2999.659912109375,3004.8701171875,2975.85009765625,2983.030029296875,1496210000,0.005861148613383779
2012-11-06,3011.929931640625,3011.929931640625,3024.43994140625,2998.929931640625,3003.7099609375,1782430000,0.004082126987663368
2012-11-07,2937.2900390625,2937.2900390625,2977.81005859375,2926.7900390625,2976.4599609375,2059690000,-0.02509364574762426
2012-11-08,2895.580078125,2895.580078125,2949.699951171875,2895.580078125,2942.090087890625,1876420000,-0.01430193748949705
2012-11-09,2904.8701171875,2904.8701171875,2931.110107421875,2889.81005859375,2892.570068359375,1802580000,0.003203215851572195
2012-11-12,2904.25,2904.25,2920.010009765625,2896.550048828125,2916.3798828125,1379240000,-0.00021349780254011663
2012-11-13,2883.889892578125,2883.889892578125,2909.0,2877.06005859375,2880.77001953125,1816260000,-0.007035141435280104
2012-11-14,2846.81005859375,2846.81005859375,2900.10009765625,2842.860107421875,2896.81005859375,2106590000,-0.012940950241077581
2012-11-15,2836.93994140625,2836.93994140625,2855.639892578125,2826.75,2847.840087890625,2010300000,-0.003473103887039861
2012-11-16,2853.1298828125,2853.1298828125,2859.570068359375,2810.800048828125,2838.89990234375,2187730000,0.005690610342700831
2012-11-19,2916.070068359375,2916.070068359375,2916.070068359375,2884.75,2886.0,1767240000,0.0218202465967981
2012-11-20,2916.679931640625,2916.679931640625,2919.9599609375,2893.3798828125,2910.72998046875,1588750000,0.0002091168945943353
2012-11-21,2926.550048828125,2926.550048828125,2928.169921875,2912.419921875,2919.139892578125,1430060000,0.003378311861003716
2012-11-23,2966.85009765625,2966.85009765625,2967.18994140625,2940.679931640625,2943.6201171875,792750000,0.013676545286047047
2012-11-26,2976.780029296875,2976.780029296875,2976.929931640625,2951.72998046875,2961.02001953125,1641710000,0.0033413724162868457
2012-11-27,2967.7900390625,2967.7900390625,2985.320068359375,2965.1298828125,2974.56005859375,1763320000,-0.003024607998409582
2012-11-28,2991.780029296875,2991.780029296875,2992.169921875,2935.8798828125,2952.02001953125,1725550000,0.008050956542431997
2012-11-29,3012.030029296875,3012.030029296875,3017.179931640625,2996.300048828125,3005.409912109375,1758440000,0.006745741984526189
2012-11-30,3010.239990234375,3010.239990234375,3014.25,2999.719970703125,3013.25,2194240000,-0.0005944732167143295
2012-12-03,3002.199951171875,3002.199951171875,3030.280029296875,2999.570068359375,3029.2099609375,1667330000,-0.002674469577490669
2012-12-04,2996.68994140625,2996.68994140625,3002.89990234375,2980.929931640625,3000.43994140625,1781760000,-0.0018370103181762681
2012-12-05,2973.699951171875,2973.699951171875,2994.72998046875,2958.260009765625,2993.199951171875,1800820000,-0.007701374375266522
2012-12-06,2989.27001953125,2989.27001953125,2996.530029296875,2962.02001953125,2967.989990234375,1713460000,0.00522226468404008
2012-12-07,2978.0400390625,2978.0400390625,3003.27001953125,2968.820068359375,2999.68994140625,1613570000,-0.003763837848516314
2012-12-10,2986.9599609375,2986.9599609375,2997.639892578125,2971.56005859375,2973.18994140625,1528430000,0.002990755582154003
2012-12-11,3022.300048828125,3022.300048828125,3033.139892578125,3003.820068359375,3005.429931640625,1921860000,0.011762012380593113
2012-12-12,3013.81005859375,3013.81005859375,3035.18994140625,3008.489990234375,3033.929931640625,1756220000,-0.002813068576276389
2012-12-13,2992.159912109375,2992.159912109375,3026.510009765625,2982.6298828125,3007.830078125,1833990000,-0.007209573263741232
2012-12-14,2971.330078125,2971.330078125,2985.330078125,2963.800048828125,2976.949951171875,1786980000,-0.006985814926897847
2012-12-17,3010.60009765625,3010.60009765625,3011.219970703125,2973.5400390625,2975.5,1911420000,0.013129736564000549
2012-12-18,3054.530029296875,3054.530029296875,3056.64990234375,3016.39990234375,3020.820068359375,2022130000,0.0144863173437295
2012-12-19,3044.360107421875,3044.360107421875,3061.820068359375,3044.360107421875,3059.030029296875,1933270000,-0.003335010493086928
2012-12-20,3050.389892578125,3050.389892578125,3053.530029296875,3034.14990234375,3050.300048828125,1691190000,0.0019786823490905107
2012-12-21,3021.010009765625,3021.010009765625,3022.18994140625,2995.1298828125,2998.60009765625,2843090000,-0.009678200287646016
2012-12-24,3012.60009765625,3012.60009765625,3016.179931640625,3008.530029296875,3013.889892578125,614230000,-0.0027876900913101897
2012-12-26,2990.159912109375,2990.159912109375,3018.64990234375,2983.35009765625,3013.1298828125,1059190000,-0.007476657419218622
2012-12-27,2985.909912109375,2985.909912109375,2993.659912109375,2951.0400390625,2989.8701171875,1342790000,-0.0014223397120539825
2012-12-28,2960.31005859375,2960.31005859375,2985.469970703125,2959.3701171875,2965.1201171875,1143530000,-0.008610516196204919
2012-12-31,3019.510009765625,3019.510009765625,3021.409912109375,2953.52001953125,2955.449951171875,1557230000,0.01980055742606445
2013-01-02,3112.260009765625,3112.260009765625,3112.64990234375,3083.489990234375,3091.330078125,2111300000,0.030254583720774327
2013-01-03,3100.570068359375,3100.570068359375,3118.179931640625,3092.280029296875,3108.489990234375,1769420000,-0.0037631659178699746
2013-01-04,3101.659912109375,3101.659912109375,3108.43994140625,3090.81005859375,3100.8798828125,1745140000,0.000351436101095584
2013-01-07,3098.81005859375,3098.81005859375,3102.35009765625,3083.8798828125,3089.169921875,1702540000,-0.0009192379705949094
2013-01-08,3091.81005859375,3091.81005859375,3103.389892578125,3076.60009765625,3098.4599609375,1744380000,-0.002261486846501854
2013-01-09,3105.81005859375,3105.81005859375,3111.219970703125,3096.340087890625,3099.64990234375,1732510000,0.004517870907958117
2013-01-10,3121.760009765625,3121.760009765625,3127.719970703125,3098.469970703125,3125.639892578125,1754240000,0.0051223786717326
2013-01-11,3125.6298828125,3125.6298828125,3126.590087890625,3114.10009765625,3122.1201171875,1772600000,0.0012388769096785403
2013-01-14,3117.5,3117.5,3123.47998046875,3104.080078125,3113.64990234375,1876050000,-0.0026044268053188754
2013-01-15,3110.780029296875,3110.780029296875,3112.2900390625,3093.320068359375,3101.06005859375,1852870000,-0.002157890550565842
2013-01-16,3117.5400390625,3117.5400390625,3124.64990234375,3106.7900390625,3110.719970703125,1692380000,0.002170733792068596
2013-01-17,3136.0,3136.0,3144.050048828125,3125.7900390625,3130.489990234375,1766510000,0.005903860674604082
2013-01-18,3134.7099609375,3134.7099609375,3134.72998046875,3119.199951171875,3127.909912109375,1860070000,-0.0004114491305563045
2013-01-22,3143.179931640625,3143.179931640625,3143.179931640625,3121.5400390625,3135.6298828125,1790730000,0.0026983511935634473
2013-01-23,3153.669921875,3153.669921875,3161.06005859375,3149.739990234375,3155.820068359375,1698190000,0.0033318247004667538
2013-01-24,3130.3798828125,3130.3798828125,3153.56005859375,3124.449951171875,3125.669921875,2046990000,-0.007412463753408255
2013-01-25,3149.7099609375,3149.7099609375,3156.199951171875,3135.860107421875,3140.64990234375,1920250000,0.006156007207212094
2013-01-28,3154.300048828125,3154.300048828125,3161.830078125,3144.889892578125,3152.169921875,1935590000,0.0014562441032540947
2013-01-29,3153.659912109375,3153.659912109375,3156.93994140625,3133.110107421875,3149.6201171875,2050670000,-0.00020296156757860625
2013-01-30,3142.31005859375,3142.31005859375,3164.06005859375,3135.830078125,3157.429931640625,2014350000,-0.0036054383560724674
2013-01-31,3142.1298828125,3142.1298828125,3154.179931640625,3136.820068359375,3140.669921875,2190840000,-5.7340282659834256e-05
2013-02-01,3179.10009765625,3179.10009765625,3183.139892578125,3154.909912109375,3162.93994140625,2012930000,0.01169729198258649
2013-02-04,3131.169921875,3131.169921875,3169.6298828125,3130.570068359375,3161.719970703125,1874750000,-0.015191456913242972
2013-02-05,3171.580078125,3171.580078125,3178.52001953125,3136.820068359375,3140.89990234375,2150080000,0.012823199391887495
2013-02-06,3168.47998046875,3168.47998046875,3174.820068359375,3157.35009765625,3159.3798828125,2002740000,-0.0009779396014133145
2013-02-07,3165.1298828125,3165.1298828125,3170.419921875,3135.97998046875,3167.43994140625,1955960000,-0.0010578794845255304
2013-02-08,3193.8701171875,3193.8701171875,3196.889892578125,3177.179931640625,3178.06005859375,1816480000,0.00903929236323983
2013-02-11,3192.0,3192.0,3194.010009765625,3182.18994140625,3192.530029296875,1551370000,-0.0005857047533518261
2013-02-12,3186.489990234375,3186.489990234375,3196.919921875,3184.840087890625,3190.72998046875,1786800000,-0.00172768512441908
2013-02-13,3196.8798828125,3196.8798828125,3205.52001953125,3187.06005859375,3195.340087890625,1822450000,0.0032553030640236546
2013-02-14,3198.659912109375,3198.659912109375,3202.330078125,3182.389892578125,3182.739990234375,1924900000,0.0005566471009220568
2013-02-15,3192.030029296875,3192.030029296875,3206.2099609375,3184.030029296875,3202.840087890625,1858670000,-0.0020748574103189306
2013-02-19,3213.590087890625,3213.590087890625,3213.60009765625,3194.919921875,3197.4599609375,1843840000,0.006731632415036596
2013-02-20,3164.409912109375,3164.409912109375,3213.25,3163.949951171875,3211.989990234375,2001800000,-0.015422123090679729
2013-02-21,3131.489990234375,3131.489990234375,3155.18994140625,3118.6201171875,3154.8798828125,2052630000,-0.010457670040234499
2013-02-22,3161.820068359375,3161.820068359375,3161.820068359375,3139.550048828125,3149.090087890625,1581500000,0.009638906289097903
2013-02-25,3116.25,3116.25,3186.25,3116.25,3180.590087890625,1930990000,-0.01451747693535994
2013-02-26,3129.64990234375,3129.64990234375,3135.570068359375,3105.360107421875,3126.22998046875,1847750000,0.004290790154155958
2013-02-27,3162.260009765625,3162.260009765625,3177.800048828125,3127.27001953125,3129.719970703125,1727260000,0.010365818924227234
2013-02-28,3160.18994140625,3160.18994140625,3182.60009765625,3159.719970703125,3161.429931640625,2022530000,-0.0006548311016562544
2013-03-01,3169.739990234375,3169.739990234375,3171.5,3129.39990234375,3143.5400390625,1870250000,0.0030174286847592614
2013-03-04,3182.030029296875,3182.030029296875,3182.27001953125,3154.7900390625,3159.4599609375,1718290000,0.0038698045936948347
2013-03-05,3224.1298828125,3224.1298828125,3227.31005859375,3200.27001953125,3200.3798828125,1891510000,0.013143742954266733
2013-03-06,3222.3701171875,3222.3701171875,3233.43994140625,3217.669921875,3233.31005859375,1764020000,-0.0005459600306247677
2013-03-07,3232.090087890625,3232.090087890625,3235.10009765625,3221.469970703125,3224.5,1675640000,0.0030118639644652325
2013-03-08,3244.3701171875,3244.3701171875,3248.699951171875,3227.889892578125,3245.85009765625,1611700000,0.0037922085906362136
2013-03-11,3252.8701171875,3252.8701171875,3252.8701171875,3233.669921875,3237.739990234375,1628500000,0.0026164970180166023
2013-03-12,3242.320068359375,3242.320068359375,3249.780029296875,3229.919921875,3244.85009765625,1673740000,-0.003248575578187715
2013-03-13,3245.1201171875,3245.1201171875,3251.449951171875,3230.6201171875,3243.0400390625,1577280000,0.0008632215240256683
2013-03-14,3258.929931640625,3258.929931640625,3258.929931640625,3250.239990234375,3253.0,1651650000,0.004246534114037345
2013-03-15,3249.070068359375,3249.070068359375,3260.6201171875,3242.64990234375,3260.4599609375,2305230000,-0.0030300770821043215
2013-03-18,3237.590087890625,3237.590087890625,3249.3701171875,3211.10009765625,3215.7099609375,1550510000,-0.003539569571350156
2013-03-19,3229.10009765625,3229.10009765625,3252.60009765625,3205.419921875,3246.699951171875,1690680000,-0.0026257621344818504
2013-03-20,3254.18994140625,3254.18994140625,3257.989990234375,3240.89990234375,3251.909912109375,1599120000,0.007739887881339037
2013-03-21,3222.60009765625,3222.60009765625,3237.570068359375,3215.68994140625,3228.169921875,1692260000,-0.009754861299959132
2013-03-22,3245.0,3245.0,3247.93994140625,3230.860107421875,3235.300048828125,1681360000,0.00692683269516291
2013-03-25,3235.300048828125,3235.300048828125,3263.6298828125,3222.47998046875,3255.85009765625,1666010000,-0.0029936757073311705
2013-03-26,3252.47998046875,3252.47998046875,3252.929931640625,3239.919921875,3249.949951171875,1444500000,0.005296101815797546
2013-03-27,3256.52001953125,3256.52001953125,3258.260009765625,3227.02001953125,3230.760009765625,1420130000,0.0012413702815511883
2013-03-28,3267.52001953125,3267.52001953125,3270.300048828125,3253.2099609375,3257.320068359375,1636800000,0.0033721468163578202
2013-04-01,3239.169921875,3239.169921875,3270.22998046875,3230.570068359375,3268.6298828125,1481360000,-0.008714193334396748
2013-04-02,3254.860107421875,3254.860107421875,3267.929931640625,3245.409912109375,3252.550048828125,1580800000,0.004832196958354619
2013-04-03,3218.60009765625,3218.60009765625,3260.14990234375,3210.389892578125,3257.3798828125,1813910000,-0.01120278424290978
2013-04-04,3224.97998046875,3224.97998046875,3226.239990234375,3206.02001953125,3219.110107421875,1475720000,0.0019802298784027043
2013-04-05,3203.860107421875,3203.860107421875,3206.2099609375,3168.8798828125,3174.0,1594090000,-0.006570376222320458
2013-04-08,3222.25,3222.25,3222.260009765625,3195.570068359375,3207.14990234375,1323520000,0.00572350690319294
2013-04-09,3237.860107421875,3237.860107421875,3249.949951171875,3215.02001953125,3229.81005859375,1498130000,0.00483277762899507
2013-04-10,3297.25,3297.25,3299.159912109375,3245.800048828125,3246.06005859375,1769870000,0.018176136792110133
2013-04-11,3300.159912109375,3300.159912109375,3306.949951171875,3287.739990234375,3289.590087890625,1829170000,0.0008821377894782466
2013-04-12,3294.949951171875,3294.949951171875,3296.5,3271.02001953125,3292.389892578125,1471180000,-0.001579946999906624
2013-04-15,3216.489990234375,3216.489990234375,3283.39990234375,3213.4599609375,3277.580078125,1779320000,-0.024100278654832573
2013-04-16,3264.6298828125,3264.6298828125,3265.840087890625,3231.449951171875,3239.050048828125,1515400000,0.014855697428099656
2013-04-17,3204.669921875,3204.669921875,3236.97998046875,3186.080078125,3236.25,1902730000,-0.018537300712281508
2013-04-18,3166.360107421875,3166.360107421875,3212.969970703125,3154.9599609375,3212.239990234375,1766000000,-0.01202639950480933
2013-04-19,3206.06005859375,3206.06005859375,3210.030029296875,3168.330078125,3169.320068359375,1738850000,0.012460090128115671
2013-04-22,3233.550048828125,3233.550048828125,3241.159912109375,3198.739990234375,3217.39990234375,1628340000,0.00853783280816461
2013-04-23,3269.330078125,3269.330078125,3275.889892578125,3241.52001953125,3252.800048828125,1684770000,0.01100447483981767
2013-04-24,3269.64990234375,3269.64990234375,3277.1201171875,3255.43994140625,3262.2099609375,1738590000,9.782082831280285e-05
2013-04-25,3289.989990234375,3289.989990234375,3301.280029296875,3279.2900390625,3279.820068359375,2012230000,0.00620160661668358
2013-04-26,3279.260009765625,3279.260009765625,3287.47998046875,3268.030029296875,3284.070068359375,1721970000,-0.0032667321264573733
2013-04-29,3307.02001953125,3307.02001953125,3315.330078125,3289.419921875,3290.31005859375,1594110000,0.008429697500564756
2013-04-30,3328.7900390625,3328.7900390625,3328.7900390625,3298.580078125,3308.050048828125,1984270000,0.006561398666463628
2013-05-01,3299.1298828125,3299.1298828125,3330.02001953125,3296.5,3325.35009765625,1884600000,-0.008950124501376078
2013-05-02,3340.6201171875,3340.6201171875,3344.89990234375,3305.81005859375,3306.14990234375,1757480000,0.012497691753912148
2013-05-03,3378.6298828125,3378.6298828125,3388.1201171875,3370.300048828125,3371.409912109375,1745570000,0.011313813615855582
2013-05-06,3392.969970703125,3392.969970703125,3396.2099609375,3381.43994140625,3382.330078125,1500410000,0.00423536819578202
2013-05-07,3396.6298828125,3396.6298828125,3402.239990234375,3381.0400390625,3398.840087890625,1709800000,0.001078093714747734
2013-05-08,3413.27001953125,3413.27001953125,3413.27001953125,3389.800048828125,3394.889892578125,1756400000,0.0048870526955720785
2013-05-09,3409.169921875,3409.169921875,3428.5400390625,3403.429931640625,3408.93994140625,1826220000,-0.0012019448130202966
2013-05-10,3436.580078125,3436.580078125,3436.60009765625,3411.590087890625,3414.840087890625,1689730000,0.008007976548663458
2013-05-13,3438.7900390625,3438.7900390625,3447.10009765625,3426.669921875,3429.530029296875,1615510000,0.0006428631407304282
2013-05-14,3462.610107421875,3462.610107421875,3468.669921875,3439.719970703125,3439.719970703125,1820520000,0.006902994303147611
2013-05-15,3471.6201171875,3471.6201171875,3475.47998046875,3452.31005859375,3455.669921875,1843910000,0.002598706574303851
2013-05-16,3465.239990234375,3465.239990234375,3485.949951171875,3462.239990234375,3473.159912109375,1945760000,-0.0018394860652702553
2013-05-17,3498.969970703125,3498.969970703125,3499.199951171875,3473.0400390625,3483.409912109375,1828610000,0.009686739603225558
2013-05-20,3496.429931640625,3496.429931640625,3509.409912109375,3488.1298828125,3490.4599609375,1745260000,-0.000726202707375542
2013-05-21,3502.1201171875,3502.1201171875,3512.14990234375,3486.8798828125,3495.4599609375,1776780000,0.0016261044819327827
2013-05-22,3463.300048828125,3463.300048828125,3532.0400390625,3446.9599609375,3503.47998046875,2179330000,-0.0111466270157403
2013-05-23,3459.419921875,3459.419921875,3467.1298828125,3422.510009765625,3426.070068359375,1820670000,-0.0011209834792858682
2013-05-24,3459.139892578125,3459.139892578125,3459.469970703125,3429.31005859375,3438.280029296875,1449210000,-8.095017013309784e-05
2013-05-28,3488.889892578125,3488.889892578125,3514.800048828125,3475.389892578125,3497.89990234375,1748070000,0.008563631052632815
2013-05-29,3467.52001953125,3467.52001953125,3479.530029296875,3450.39990234375,3471.669921875,1794650000,-0.006143956592463314
2013-05-30,3491.300048828125,3491.300048828125,3503.820068359375,3473.0400390625,3473.2099609375,1737320000,0.006834527011323835
2013-05-31,3455.909912109375,3455.909912109375,3500.669921875,3455.840087890625,3478.219970703125,1968270000,-0.010188390174360845
2013-06-03,3465.3701171875,3465.3701171875,3465.840087890625,3419.389892578125,3460.760009765625,2054100000,0.002733659360505417
2013-06-04,3445.260009765625,3445.260009765625,3482.75,3430.02001953125,3467.02001953125,1871640000,-0.005820066714179908
2013-06-05,3401.47998046875,3401.47998046875,3446.14990234375,3397.909912109375,3432.85009765625,1813890000,-0.012788750865623234
2013-06-06,3424.050048828125,3424.050048828125,3424.050048828125,3378.239990234375,3404.409912109375,1802700000,0.00661344995217952
2013-06-07,3469.219970703125,3469.219970703125,3471.72998046875,3429.429931640625,3437.840087890625,1646810000,0.013105701147659585
2013-06-10,3473.77001953125,3473.77001953125,3484.81005859375,3465.5400390625,3475.679931640625,1556520000,0.001310688762594932
2013-06-11,3436.949951171875,3436.949951171875,3466.570068359375,3426.570068359375,3436.6201171875,1560370000,-0.010656029162705074
2013-06-12,3400.429931640625,3400.429931640625,3459.179931640625,3395.909912109375,3458.139892578125,1630200000,-0.01068256187404139
2013-06-13,3445.360107421875,3445.360107421875,3451.030029296875,3387.610107421875,3398.5400390625,1584740000,0.013126555348507502
2013-06-14,3423.56005859375,3423.56005859375,3448.39990234375,3419.320068359375,3442.31005859375,1458030000,-0.006347466994946203
2013-06-17,3452.1298828125,3452.1298828125,3468.56005859375,3436.340087890625,3449.969970703125,1581830000,0.008310435429553682
2013-06-18,3482.179931640625,3482.179931640625,3488.31005859375,3456.090087890625,3456.2900390625,1675090000,0.00866711691359569
2013-06-19,3443.199951171875,3443.199951171875,3485.449951171875,3443.199951171875,3483.590087890625,1649200000,-0.01125725744293196
2013-06-20,3364.639892578125,3364.639892578125,3412.93994140625,3355.929931640625,3405.139892578125,2041500000,-0.023080315572693334
2013-06-21,3357.25,3357.25,3377.300048828125,3326.860107421875,3367.81005859375,2921900000,-0.0021987553124018407
2013-06-24,3320.760009765625,3320.760009765625,3344.659912109375,3294.949951171875,3326.3798828125,2030960000,-0.010928511144512099
2013-06-25,3347.889892578125,3347.889892578125,3358.31005859375,3327.68994140625,3350.590087890625,1657280000,0.008136589230319038
2013-06-26,3376.219970703125,3376.219970703125,3383.699951171875,3365.47998046875,3375.699951171875,1671280000,0.008426467244911199
2013-06-27,3401.860107421875,3401.860107421875,3412.7900390625,3395.409912109375,3395.7900390625,1689800000,0.0075656406310462155
2013-06-28,3403.25,3403.25,3422.199951171875,3382.75,3389.300048828125,3630410000,0.00040848496953359113
2013-07-01,3434.489990234375,3434.489990234375,3454.429931640625,3430.31005859375,3430.47998046875,1586750000,0.009137582781746468
2013-07-02,3433.39990234375,3433.39990234375,3453.2900390625,3415.22998046875,3430.68994140625,1685190000,-0.00031744478051612635
2013-07-03,3443.669921875,3443.669921875,3455.419921875,3417.8798828125,3420.27001953125,935980000,0.002986745061008911
2013-07-05,3479.3798828125,3479.3798828125,3479.4599609375,3441.780029296875,3468.47998046875,1254400000,0.010316342841045949
2013-07-08,3484.830078125,3484.830078125,3495.510009765625,3475.389892578125,3493.81005859375,1521720000,0.0015652016397417717
2013-07-09,3504.260009765625,3504.260009765625,3508.81005859375,3484.7900390625,3501.25,1633520000,0.005560089067949434
2013-07-10,3520.760009765625,3520.760009765625,3522.989990234375,3502.0,3502.110107421875,1567340000,0.004697504148205747
2013-07-11,3578.300048828125,3578.300048828125,3579.2900390625,3552.52001953125,3557.7900390625,1744210000,0.016210962771532014
2013-07-12,3600.080078125,3600.080078125,3600.080078125,3576.570068359375,3579.580078125,1615820000,0.006068248197122955
2013-07-15,3607.489990234375,3607.489990234375,3609.590087890625,3591.5400390625,3601.090087890625,1449130000,0.0020561478139504044
2013-07-16,3598.5,3598.5,3611.35009765625,3589.64990234375,3611.0,1590540000,-0.002495144986511486
2013-07-17,3610.0,3610.0,3615.7900390625,3600.68994140625,3608.1298828125,1564340000,0.0031906803790676614
2013-07-18,3611.280029296875,3611.280029296875,3624.5400390625,3607.090087890625,3610.030029296875,1719390000,0.00035451590440700986
2013-07-19,3587.610107421875,3587.610107421875,3589.050048828125,3578.570068359375,3581.89990234375,1785460000,-0.0065760156701600665
2013-07-22,3600.389892578125,3600.389892578125,3601.919921875,3587.4599609375,3599.8701171875,1507010000,0.003555870512551415
2013-07-23,3579.27001953125,3579.27001953125,3606.699951171875,3576.9599609375,3606.699951171875,1620350000,-0.005883268629330987
2013-07-24,3579.60009765625,3579.60009765625,3606.280029296875,3573.530029296875,3605.260009765625,1856660000,9.221514563906211e-05
2013-07-25,3605.18994140625,3605.18994140625,3606.18994140625,3579.199951171875,3589.4599609375,2203970000,0.0071233680645443375
2013-07-26,3613.159912109375,3613.159912109375,3613.330078125,3581.260009765625,3584.85009765625,1796060000,0.002208253715484072
2013-07-29,3599.139892578125,3599.139892578125,3618.860107421875,3592.800048828125,3604.2900390625,1545720000,-0.0038878131997849303
2013-07-30,3616.469970703125,3616.469970703125,3629.1201171875,3606.330078125,3612.360107421875,1763580000,0.004803505670545518
2013-07-31,3626.3701171875,3626.3701171875,3649.35009765625,3624.77001953125,3627.659912109375,1942380000,0.0027337763998634664
2013-08-01,3675.739990234375,3675.739990234375,3678.5,3653.739990234375,3654.179931640625,1863290000,0.013522290023377757
2013-08-02,3689.590087890625,3689.590087890625,3689.590087890625,3663.8798828125,3671.110107421875,1683270000,0.003760894307345634
2013-08-05,3692.949951171875,3692.949951171875,3694.18994140625,3681.340087890625,3682.669921875,1471860000,0.0009102188394353772
2013-08-06,3665.77001953125,3665.77001953125,3690.320068359375,3654.669921875,3685.389892578125,1444200000,-0.007387169331099787
2013-08-07,3654.010009765625,3654.010009765625,3663.199951171875,3633.590087890625,3658.530029296875,1659780000,-0.0032132167460851685
2013-08-08,3669.1201171875,3669.1201171875,3675.7099609375,3649.639892578125,3672.2099609375,1702950000,0.004126685885160544
2013-08-09,3660.110107421875,3660.110107421875,3677.830078125,3649.68994140625,3664.27001953125,1546570000,-0.0024586522808745844
2013-08-12,3669.949951171875,3669.949951171875,3673.510009765625,3645.389892578125,3645.780029296875,1422420000,0.002684793734814134
2013-08-13,3684.43994140625,3684.43994140625,3691.06005859375,3648.820068359375,3675.3701171875,1644730000,0.003940506063879804
2013-08-14,3669.27001953125,3669.27001953125,3686.550048828125,3668.739990234375,3683.969970703125,1589370000,-0.004125793232075966
2013-08-15,3606.1201171875,3606.1201171875,3626.77001953125,3600.9599609375,3625.360107421875,1742510000,-0.01736030292794227
2013-08-16,3602.780029296875,3602.780029296875,3621.4599609375,3598.64990234375,3603.780029296875,1520430000,-0.000926656788626173
2013-08-19,3589.090087890625,3589.090087890625,3623.47998046875,3589.030029296875,3601.8798828125,1381050000,-0.0038070648435107692
2013-08-20,3613.590087890625,3613.590087890625,3625.260009765625,3593.139892578125,3596.77001953125,1308280000,0.0068030493908822045
2013-08-21,3599.7900390625,3599.7900390625,3630.22998046875,3589.02001953125,3603.679931640625,1438510000,-0.0038262410746259475
2013-08-22,3638.7099609375,3638.7099609375,3639.2099609375,3613.929931640625,3614.139892578125,927400000,0.01075369121742674
2013-08-23,3657.7900390625,3657.7900390625,3660.659912109375,3643.860107421875,3659.2099609375,1499890000,0.0052299380840785115
2013-08-26,3657.570068359375,3657.570068359375,3684.219970703125,3652.260009765625,3661.81005859375,1404230000,-6.01394052954493e-05
2013-08-27,3578.52001953125,3578.52001953125,3629.949951171875,3573.570068359375,3616.06005859375,1640040000,-0.021849698602092283
2013-08-28,3593.35009765625,3593.35009765625,3607.360107421875,3578.800048828125,3579.110107421875,1370650000,0.004135629625125738
2013-08-29,3620.300048828125,3620.300048828125,3635.840087890625,3587.070068359375,3587.070068359375,1344900000,0.007471966621553049
2013-08-30,3589.8701171875,3589.8701171875,3621.780029296875,3581.050048828125,3621.590087890625,1328320000,-0.008440886030096654
2013-09-03,3612.610107421875,3612.610107421875,3637.06005859375,3593.6201171875,3622.639892578125,1628810000,0.006314509747903817
2013-09-04,3649.0400390625,3649.0400390625,3651.780029296875,3612.219970703125,3619.050048828125,1855980000,0.010033597469264598
2013-09-05,3658.780029296875,3658.780029296875,3665.010009765625,3651.169921875,3652.43994140625,1550180000,0.002665636512845582
2013-09-06,3660.010009765625,3660.010009765625,3677.070068359375,3618.77001953125,3672.820068359375,1647310000,0.000336115798858775
2013-09-09,3706.179931640625,3706.179931640625,3708.419921875,3675.1201171875,3675.1201171875,1664290000,0.012535795807484438
2013-09-10,3729.02001953125,3729.02001953125,3729.3798828125,3716.43994140625,3724.669921875,1842570000,0.006143791662472068
2013-09-11,3725.010009765625,3725.010009765625,3726.590087890625,3704.219970703125,3710.7900390625,1722380000,-0.0010759307748173103
2013-09-12,3715.969970703125,3715.969970703125,3731.840087890625,3713.080078125,3724.530029296875,1653860000,-0.0024297991753425546
2013-09-13,3722.179931640625,3722.179931640625,3724.72998046875,3701.8798828125,3723.27001953125,1460190000,0.0016697599434974425
2013-09-16,3717.85009765625,3717.85009765625,3756.239990234375,3712.469970703125,3755.0,1542500000,-0.0011639293003224106
2013-09-17,3745.699951171875,3745.699951171875,3747.080078125,3724.260009765625,3725.31005859375,1338800000,0.00746293187350646
2013-09-18,3783.639892578125,3783.639892578125,3790.699951171875,3737.68994140625,3751.2900390625,1828820000,0.010077978497261235
2013-09-19,3789.3798828125,3789.3798828125,3798.159912109375,3781.590087890625,3794.699951171875,1775980000,0.001515905544633987
2013-09-20,3774.72998046875,3774.72998046875,3798.760009765625,3774.110107421875,3796.280029296875,2711270000,-0.003873534606484856
2013-09-23,3765.2900390625,3765.2900390625,3787.139892578125,3745.5400390625,3786.840087890625,1728620000,-0.002503957897727815
2013-09-24,3768.25,3768.25,3789.85009765625,3753.0400390625,3771.60009765625,1810950000,0.00078580881616506
2013-09-25,3761.10009765625,3761.10009765625,3782.919921875,3754.93994140625,3772.590087890625,1821790000,-0.0018992089357390662
2013-09-26,3787.429931640625,3787.429931640625,3795.719970703125,3772.800048828125,3774.949951171875,1817960000,0.006976176994735173
2013-09-27,3781.590087890625,3781.590087890625,3788.35009765625,3762.669921875,3767.889892578125,1699720000,-0.001543091415722788
2013-09-30,3771.47998046875,3771.47998046875,3780.969970703125,3734.739990234375,3737.60009765625,1895760000,-0.002677087162825685
2013-10-01,3817.97998046875,3817.97998046875,3817.97998046875,3774.179931640625,3774.179931640625,1843320000,0.012253989640605626
2013-10-02,3815.02001953125,3815.02001953125,3819.280029296875,3788.449951171875,3793.110107421875,1792980000,-0.0007755695233512218
2013-10-03,3774.340087890625,3774.340087890625,3816.9599609375,3753.169921875,3809.89990234375,1884340000,-0.010720356041267675
2013-10-04,3807.75,3807.75,3812.860107421875,3773.39990234375,3774.719970703125,1549600000,0.00881290724854048
2013-10-07,3770.3798828125,3770.3798828125,3800.080078125,3769.75,3776.639892578125,1475990000,-0.009862702458224815
2013-10-08,3694.830078125,3694.830078125,3772.489990234375,3694.14990234375,3772.219970703125,2087580000,-0.020241194688162586
2013-10-09,3677.780029296875,3677.780029296875,3702.14990234375,3650.030029296875,3701.6201171875,2242700000,-0.004625249124953619
2013-10-10,3760.75,3760.75,3764.719970703125,3721.110107421875,3721.580078125,1902410000,0.022309088353660834
2013-10-11,3791.8701171875,3791.8701171875,3794.3701171875,3751.3798828125,3753.219970703125,1750350000,0.008240926413827673
2013-10-14,3815.280029296875,3815.280029296875,3816.409912109375,3766.280029296875,3767.489990234375,1455160000,0.00615473220779208
2013-10-15,3794.010009765625,3794.010009765625,3824.43994140625,3789.679931640625,3810.719970703125,1745560000,-0.0055905543934651825
2013-10-16,3839.429931640625,3839.429931640625,3840.47998046875,3814.14990234375,3815.0,1744000000,0.01190039045318514
2013-10-17,3863.14990234375,3863.14990234375,3863.489990234375,3821.429931640625,3822.85009765625,1975140000,0.0061589872991574274
2013-10-18,3914.280029296875,3914.280029296875,3914.929931640625,3882.06005859375,3893.360107421875,1943090000,0.013148524391951716
2013-10-21,3920.050048828125,3920.050048828125,3931.449951171875,3909.909912109375,3922.64990234375,1674470000,0.0014730093108166291
2013-10-22,3929.570068359375,3929.570068359375,3947.669921875,3904.06005859375,3935.5400390625,1890500000,0.0024256012537533186
2013-10-23,3907.070068359375,3907.070068359375,3911.639892578125,3887.669921875,3907.300048828125,1915030000,-0.005742272564033727
2013-10-24,3928.9599609375,3928.9599609375,3932.60009765625,3907.5400390625,3911.610107421875,2054350000,0.005586999905959862
2013-10-25,3943.360107421875,3943.360107421875,3961.10009765625,3927.5,3955.97998046875,2225780000,0.003658429134083806
2013-10-28,3940.1298828125,3940.1298828125,3947.580078125,3927.090087890625,3942.56005859375,1904810000,-0.0008194910614847268
2013-10-29,3952.340087890625,3952.340087890625,3957.1201171875,3934.93994140625,3954.340087890625,1897380000,0.003094142863988484
2013-10-30,3930.6201171875,3930.6201171875,3966.7099609375,3919.139892578125,3962.39990234375,1923000000,-0.005510626744839914
2013-10-31,3919.7099609375,3919.7099609375,3945.0400390625,3909.260009765625,3924.340087890625,2139650000,-0.0027795425582403067
2013-11-01,3922.0400390625,3922.0400390625,3938.47998046875,3904.199951171875,3932.449951171875,1949460000,0.0005942750517613275
2013-11-04,3936.590087890625,3936.590087890625,3937.5,3919.4599609375,3932.60009765625,1817880000,0.003702952096930192
2013-11-05,3939.860107421875,3939.860107421875,3947.27001953125,3909.6298828125,3925.06005859375,1934630000,0.0008303282920702988
2013-11-06,3931.949951171875,3931.949951171875,3955.969970703125,3920.909912109375,3952.179931640625,2020160000,-0.002009743338213781
2013-11-07,3857.330078125,3857.330078125,3938.330078125,3855.070068359375,3935.81005859375,2303320000,-0.019160219066600898
2013-11-08,3919.22998046875,3919.22998046875,3919.22998046875,3869.1201171875,3871.239990234375,1981740000,0.015919946408687703
2013-11-11,3919.7900390625,3919.7900390625,3925.340087890625,3904.719970703125,3913.639892578125,1595340000,0.00014288995137342678
2013-11-12,3919.919921875,3919.919921875,3922.27001953125,3902.669921875,3907.820068359375,1776860000,3.313459634587561e-05
2013-11-13,3965.580078125,3965.580078125,3965.580078125,3899.31005859375,3899.3798828125,1827220000,0.011580918538673837
2013-11-14,3972.739990234375,3972.739990234375,3975.889892578125,3949.010009765625,3956.469970703125,1965350000,0.0018038864619345416
2013-11-15,3985.969970703125,3985.969970703125,3985.969970703125,3969.219970703125,3978.27001953125,1899150000,0.0033246575688725163
2013-11-18,3949.070068359375,3949.070068359375,3994.969970703125,3942.85009765625,3990.06005859375,1829870000,-0.009300562605844474
2013-11-19,3931.550048828125,3931.550048828125,3960.43994140625,3923.469970703125,3945.97998046875,1747840000,-0.00444636288392336
2013-11-20,3921.27001953125,3921.27001953125,3952.080078125,3911.610107421875,3940.97998046875,1721160000,-0.002618176675314936
2013-11-21,3969.159912109375,3969.159912109375,3970.909912109375,3936.820068359375,3938.110107421875,1684250000,0.012138877361286857
2013-11-22,3991.64990234375,3991.64990234375,3991.659912109375,3973.0,3977.31005859375,1730280000,0.005650191523386847
2013-11-25,3994.570068359375,3994.570068359375,4007.090087890625,3987.159912109375,4004.3701171875,1795760000,0.0007313012054463008
2013-11-26,4017.75,4017.75,4026.989990234375,3989.489990234375,3996.699951171875,1907680000,0.0057860884519218905
2013-11-27,4044.75,4044.75,4045.81005859375,4023.64990234375,4026.919921875,1477020000,0.0066976994562667385
2013-11-29,4059.889892578125,4059.889892578125,4069.699951171875,4055.449951171875,4057.159912109375,853500000,0.003736109287927968
2013-12-02,4045.260009765625,4045.260009765625,4068.489990234375,4040.8798828125,4065.659912109375,1680380000,-0.0036100254473182933
2013-12-03,4037.199951171875,4037.199951171875,4050.080078125,4022.1201171875,4038.989990234375,1875010000,-0.0019944574559032442
2013-12-04,4038.0,4038.0,4051.739990234375,4004.760009765625,4020.330078125,1886970000,0.0001981496026304664
2013-12-05,4033.169921875,4033.169921875,4043.7099609375,4025.260009765625,4037.989990234375,1880950000,-0.0011968720144277607
2013-12-06,4062.52001953125,4062.52001953125,4069.860107421875,4042.35009765625,4069.860107421875,1727130000,0.00725082765211138
2013-12-09,4068.75,4068.75,4081.780029296875,4063.5,4073.75,1717120000,0.0015323514464131226
2013-12-10,4060.489990234375,4060.489990234375,4074.010009765625,4056.489990234375,4061.169921875,1864860000,-0.0020321733933752347
2013-12-11,4003.81005859375,4003.81005859375,4065.080078125,3998.919921875,4061.669921875,1923520000,-0.014057231167255253
2013-12-12,3998.39990234375,3998.39990234375,4013.5400390625,3993.570068359375,4004.75,1893270000,-0.001352165739393364
2013-12-13,4000.97998046875,4000.97998046875,4017.449951171875,3992.2900390625,4015.530029296875,1615340000,0.0006450695559566053
2013-12-16,4029.52001953125,4029.52001953125,4043.0,4019.139892578125,4019.3701171875,1943830000,0.007107940781439593
2013-12-17,4023.679931640625,4023.679931640625,4034.68994140625,4011.580078125,4028.8798828125,1861130000,-0.0014503772288777619
2013-12-18,4070.06005859375,4070.06005859375,4070.3798828125,3979.590087890625,4024.669921875,2178330000,0.011460865973632646
2013-12-19,4058.139892578125,4058.139892578125,4063.699951171875,4045.409912109375,4059.340087890625,1813050000,-0.0029330416654934927
2013-12-20,4104.740234375,4104.740234375,4111.93017578125,4064.72998046875,4064.889892578125,3510420000,0.011417746512316295
2013-12-23,4148.89990234375,4148.89990234375,4149.31005859375,4127.72021484375,4136.14990234375,1779400000,0.010700754725410605
2013-12-24,4155.419921875,4155.419921875,4155.6201171875,4147.14990234375,4150.64013671875,802270000,0.0015702721015068122
2013-12-26,4167.18017578125,4167.18017578125,4169.97021484375,4158.58984375,4164.2099609375,1180670000,0.002826102803341306
2013-12-27,4156.58984375,4156.58984375,4175.35986328125,4153.64013671875,4173.35986328125,1255020000,-0.0025446012373630217
2013-12-30,4154.2001953125,4154.2001953125,4158.72998046875,4142.18017578125,4153.580078125,1349470000,-0.0005750713210475075
2013-12-31,4176.58984375,4176.58984375,4177.72998046875,4160.77001953125,4161.509765625,1401140000,0.0053751690392209615
2014-01-02,4143.06982421875,4143.06982421875,4160.9599609375,4131.7900390625,4160.02978515625,1738820000,-0.00805807022090552
2014-01-03,4131.91015625,4131.91015625,4152.9599609375,4124.9599609375,4148.56005859375,1667480000,-0.002697208877985917
2014-01-06,4113.68017578125,4113.68017578125,4139.77978515625,4103.75,4137.02978515625,2292840000,-0.004421759858861135
2014-01-07,4153.18017578125,4153.18017578125,4158.18017578125,4126.47998046875,4128.56982421875,2278220000,0.009556300439150518
2014-01-08,4165.60986328125,4165.60986328125,4171.75,4145.0,4154.27978515625,2345220000,0.0029883424612446746
2014-01-09,4156.18994140625,4156.18994140625,4182.740234375,4142.7001953125,4179.0400390625,2214770000,-0.002263915527751943
2014-01-10,4174.669921875,4174.669921875,4174.68017578125,4142.2099609375,4168.93994140625,2143070000,0.004436519418967668
2014-01-13,4113.2998046875,4113.2998046875,4179.47021484375,4097.990234375,4167.41015625,2322240000,-0.014809715983203646
2014-01-14,4183.02001953125,4183.02001953125,4183.83984375,4125.81005859375,4129.60009765625,2034180000,0.016807899809859837
2014-01-15,4214.8798828125,4214.8798828125,4218.7900390625,4195.97998046875,4196.52978515625,2101870000,0.007587615119098775
2014-01-16,4218.68994140625,4218.68994140625,4219.27978515625,4204.16015625,4209.58984375,2005850000,0.0009035459318823025
2014-01-17,4197.580078125,4197.580078125,4217.240234375,4187.31005859375,4207.81982421875,2150370000,-0.005016452062735188
2014-01-21,4225.759765625,4225.759765625,4227.93017578125,4193.169921875,4222.97998046875,2034030000,0.0066908834622568455
2014-01-22,4243.0,4243.0,4246.5498046875,4225.52001953125,4234.580078125,2026910000,0.004071495394408613
2014-01-23,4218.8798828125,4218.8798828125,4224.43994140625,4192.27978515625,4224.35986328125,2191980000,-0.005700904018358979
2014-01-24,4128.169921875,4128.169921875,4197.93017578125,4128.169921875,4194.97021484375,2489470000,-0.02173547162483761
2014-01-27,4083.610107421875,4083.610107421875,4136.4599609375,4052.6298828125,4132.22021484375,2398280000,-0.010852763141982153
2014-01-28,4097.9599609375,4097.9599609375,4099.81005859375,4067.68994140625,4067.860107421875,2091180000,0.00350785194292396
2014-01-29,4051.429931640625,4051.429931640625,4091.27001953125,4044.760009765625,4060.610107421875,2231850000,-0.011419391032973476
2014-01-30,4123.1298828125,4123.1298828125,4135.83984375,4094.169921875,4098.81005859375,2168410000,0.017542666899754263
2014-01-31,4103.8798828125,4103.8798828125,4124.919921875,4067.610107421875,4068.6298828125,2300570000,-0.004679716125112115
2014-02-03,3996.9599609375,3996.9599609375,4113.5498046875,3989.949951171875,4105.06005859375,2617030000,-0.026398776719172522
2014-02-04,4031.52001953125,4031.52001953125,4044.199951171875,4004.580078125,4019.43994140625,2173360000,0.008609418507497175
2014-02-05,4011.550048828125,4011.550048828125,4026.280029296875,3968.18994140625,4015.5,2168360000,-0.004965768436620877
2014-02-06,4057.1201171875,4057.1201171875,4064.06005859375,4022.169921875,4022.659912109375,1942700000,0.011295678706260028
2014-02-07,4125.85986328125,4125.85986328125,4126.509765625,4069.929931640625,4081.820068359375,2055850000,0.01680105859058639
2014-02-10,4148.169921875,4148.169921875,4148.2998046875,4122.60986328125,4125.1201171875,1811970000,0.0053928045322750055
2014-02-11,4191.0498046875,4191.0498046875,4198.509765625,4153.10009765625,4154.66015625,1993950000,0.01028399829594811
2014-02-12,4201.2900390625,4201.2900390625,4212.60986328125,4190.39013671875,4196.85009765625,2035890000,0.00244037768911846
2014-02-13,4240.669921875,4240.669921875,4240.669921875,4170.47021484375,4171.580078125,2249990000,0.009329626919834456
2014-02-14,4244.02001953125,4244.02001953125,4250.91015625,4225.75,4237.0,1881510000,0.0007896806727123012
2014-02-18,4272.77978515625,4272.77978515625,4277.330078125,4243.56005859375,4253.7099609375,1886210000,0.0067536811010766515
2014-02-19,4237.9501953125,4237.9501953125,4274.2900390625,4232.3798828125,4260.740234375,1956720000,-0.00818491113398958
2014-02-20,4267.5498046875,4267.5498046875,4272.33984375,4226.75,4241.4599609375,1992780000,0.006960138467429497
2014-02-21,4263.41015625,4263.41015625,4284.85009765625,4261.6298828125,4282.169921875,2138250000,-0.0009705001034754899
2014-02-24,4292.97021484375,4292.97021484375,4311.1298828125,4272.10986328125,4273.31982421875,2161300000,0.006909504934209413
2014-02-25,4287.58984375,4287.58984375,4307.509765625,4275.7998046875,4298.47998046875,2137150000,-0.0012540840602860163
2014-02-26,4292.06005859375,4292.06005859375,4316.81982421875,4278.5400390625,4300.4501953125,2108270000,0.0010420507361343007
2014-02-27,4318.93017578125,4318.93017578125,4322.4599609375,4284.77978515625,4291.47021484375,2049160000,0.006240909272837185
2014-02-28,4308.1201171875,4308.1201171875,4342.58984375,4275.60986328125,4323.52001953125,2617730000,-0.002506085831038629
2014-03-03,4277.2998046875,4277.2998046875,4284.14990234375,4239.64990234375,4261.419921875,2077500000,-0.0071797175152795096
2014-03-04,4351.97021484375,4351.97021484375,4357.2099609375,4327.5400390625,4327.85009765625,2477850000,0.017306741768880283
2014-03-05,4357.97021484375,4357.97021484375,4362.5,4344.14990234375,4352.759765625,2215980000,0.0013777363915436903
2014-03-06,4352.1298828125,4352.1298828125,4371.7099609375,4341.0,4368.81005859375,2136260000,-0.0013410484015212794
2014-03-07,4336.22021484375,4336.22021484375,4371.39013671875,4319.14990234375,4370.97998046875,2175560000,-0.003662303100644703
2014-03-10,4334.4501953125,4334.4501953125,4339.93017578125,4307.83984375,4332.6201171875,2111610000,-0.00040827743925405877
2014-03-11,4307.18994140625,4307.18994140625,4354.43017578125,4295.47021484375,4342.93017578125,2477780000,-0.006309067236755255
2014-03-12,4323.330078125,4323.330078125,4323.330078125,4270.22021484375,4288.60009765625,2131880000,0.0037402509925766885
2014-03-13,4260.419921875,4260.419921875,4339.89990234375,4242.9501953125,4338.259765625,2383600000,-0.014658228087130378
2014-03-14,4245.39990234375,4245.39990234375,4272.33984375,4241.93994140625,4250.4501953125,2196890000,-0.00353170780798547
2014-03-17,4279.9501953125,4279.9501953125,4301.27978515625,4273.009765625,4274.22021484375,1810410000,0.008105352091402817
2014-03-18,4333.31005859375,4333.31005859375,4334.66015625,4284.10986328125,4286.22021484375,1962890000,0.01239032476848213
2014-03-19,4307.60009765625,4307.60009765625,4334.2998046875,4283.5400390625,4331.4599609375,1992750000,-0.0059507705419774145
2014-03-20,4319.2900390625,4319.2900390625,4329.60986328125,4287.41015625,4297.990234375,1847270000,0.0027101187973779506
2014-03-21,4276.7900390625,4276.7900390625,4344.39013671875,4268.33984375,4339.89990234375,3245740000,-0.009888308604049427
2014-03-24,4226.39013671875,4226.39013671875,4289.490234375,4190.60986328125,4289.490234375,2434650000,-0.011854504202488366
2014-03-25,4234.27001953125,4234.27001953125,4274.31982421875,4203.64013671875,4252.64990234375,2270760000,0.0018627116431517215
2014-03-26,4173.580078125,4173.580078125,4263.06982421875,4173.580078125,4254.97998046875,2455460000,-0.014436745369830311
2014-03-27,4151.22998046875,4151.22998046875,4186.1298828125,4131.81005859375,4169.35009765625,2270650000,-0.005369528241110224
2014-03-28,4155.759765625,4155.759765625,4203.490234375,4144.68994140625,4163.18017578125,2029840000,0.0010905961710997655
2014-03-31,4198.990234375,4198.990234375,4212.97021484375,4180.5400390625,4185.6298828125,2090850000,0.010348808659377247
2014-04-01,4268.0400390625,4268.0400390625,4268.2001953125,4218.77001953125,4219.8701171875,2153130000,0.016310638622340935
2014-04-02,4276.4599609375,4276.4599609375,4286.08984375,4258.85986328125,4281.60986328125,2187100000,0.0019708407982673972
2014-04-03,4237.740234375,4237.740234375,4284.68994140625,4216.56982421875,4282.18017578125,2067370000,-0.00909539183992494
2014-04-04,4127.72998046875,4127.72998046875,4267.06005859375,4118.7099609375,4263.93994140625,2621270000,-0.02630254924581612
2014-04-07,4079.75,4079.75,4133.68017578125,4052.139892578125,4110.919921875,2554680000,-0.011691902302763917
2014-04-08,4112.990234375,4112.990234375,4120.240234375,4066.110107421875,4085.179931640625,2198900000,0.00811460288517311
2014-04-09,4183.89990234375,4183.89990234375,4185.18994140625,4121.169921875,4129.6298828125,1957560000,0.01709348764834262
2014-04-10,4054.110107421875,4054.110107421875,4182.60986328125,4042.760009765625,4181.2099609375,2421210000,-0.03151259470858064
2014-04-11,3999.72998046875,3999.72998046875,4067.219970703125,3991.639892578125,4015.070068359375,2264480000,-0.013504353895321015
2014-04-14,4022.68994140625,4022.68994140625,4050.7900390625,3986.5,4038.06005859375,1890480000,0.005723964551585443
2014-04-15,4034.159912109375,4034.159912109375,4054.800048828125,3946.030029296875,4032.6298828125,2413110000,0.0028472613144060015
2014-04-16,4086.22998046875,4086.22998046875,4086.280029296875,4038.81005859375,4066.820068359375,1863110000,0.012824699976881742
2014-04-17,4095.52001953125,4095.52001953125,4110.4599609375,4064.699951171875,4080.300048828125,1954720000,0.002270918337751235
2014-04-21,4121.5498046875,4121.5498046875,4121.5498046875,4081.909912109375,4105.3701171875,1544440000,0.006335560675813753
2014-04-22,4161.4599609375,4161.4599609375,4170.72021484375,4131.60986328125,4132.06005859375,1875930000,0.009636706037349837
2014-04-23,4126.97021484375,4126.97021484375,4161.43994140625,4125.41015625,4160.89990234375,1794760000,-0.008322431252625636
2014-04-24,4148.33984375,4148.33984375,4177.16015625,4107.52001953125,4174.60986328125,2130870000,0.005164682955914542
2014-04-25,4075.56005859375,4075.56005859375,4126.97998046875,4068.10009765625,4125.16015625,2087140000,-0.01770004161474825
2014-04-28,4074.39990234375,4074.39990234375,4111.58984375,4014.169921875,4091.81005859375,2348320000,-0.00028470232084496324
2014-04-29,4103.5400390625,4103.5400390625,4111.4501953125,4070.25,4089.510009765625,1911240000,0.007126552715623989
2014-04-30,4114.56005859375,4114.56005859375,4116.14013671875,4070.6298828125,4085.18994140625,2151400000,0.002681891436088665
2014-05-01,4127.4501953125,4127.4501953125,4149.56005859375,4105.60986328125,4121.25,2077040000,0.003127913417052071
2014-05-02,4123.89990234375,4123.89990234375,4145.06005859375,4115.89013671875,4138.6298828125,1844790000,-0.0008605363112268729
2014-05-05,4138.06005859375,4138.06005859375,4138.33984375,4086.35009765625,4099.25,1561170000,0.0034277992587405976
2014-05-06,4080.760009765625,4080.760009765625,4132.4599609375,4080.760009765625,4128.22021484375,1850610000,-0.013943845164261384
2014-05-07,4067.669921875,4067.669921875,4091.030029296875,4021.050048828125,4085.489990234375,2486030000,-0.003212913226469799
2014-05-08,4051.5,4051.5,4109.2001953125,4039.909912109375,4053.280029296875,2411940000,-0.003983151826908884
2014-05-09,4071.8701171875,4071.8701171875,4071.8701171875,4025.239990234375,4043.43994140625,1976160000,0.005015199255916785
2014-05-12,4143.85986328125,4143.85986328125,4146.5400390625,4092.090087890625,4092.840087890625,1880020000,0.017525305435062134
2014-05-13,4130.169921875,4130.169921875,4155.1298828125,4128.009765625,4144.89990234375,1923480000,-0.003309138171905144
2014-05-14,4100.6298828125,4100.6298828125,4132.330078125,4093.830078125,4122.080078125,1764430000,-0.0071779575730590815
2014-05-15,4069.2900390625,4069.2900390625,4098.25,4035.9599609375,4096.52978515625,2083030000,-0.00767204520293889
2014-05-16,4090.590087890625,4090.590087890625,4091.159912109375,4044.27001953125,4070.35009765625,1741070000,0.005220688754122963
2014-05-19,4125.81005859375,4125.81005859375,4128.47021484375,4075.699951171875,4080.330078125,1601400000,0.008573142932107612
2014-05-20,4096.89013671875,4096.89013671875,4124.85986328125,4080.610107421875,4121.10986328125,1797910000,-0.007034195686143677
2014-05-21,4131.5400390625,4131.5400390625,4133.60986328125,4103.60986328125,4105.9599609375,1703500000,0.008422045618799218
2014-05-22,4154.33984375,4154.33984375,4164.85009765625,4131.47021484375,4136.08984375,1835810000,0.005503305033027942
2014-05-23,4185.81005859375,4185.81005859375,4186.580078125,4148.2998046875,4159.77978515625,1536610000,0.0075467142850167285
2014-05-27,4237.06982421875,4237.06982421875,4237.06982421875,4204.72021484375,4206.43994140625,1812330000,0.012171703546225182
2014-05-28,4225.080078125,4225.080078125,4238.169921875,4216.89013671875,4234.9599609375,1785140000,-0.0028337371129841943
2014-05-29,4247.9501953125,4247.9501953125,4247.9501953125,4228.9599609375,4238.0400390625,1714000000,0.005398345571715016
2014-05-30,4242.6201171875,4242.6201171875,4252.080078125,4221.9501953125,4251.490234375,1903660000,-0.001255529046694768
2014-06-02,4237.2001953125,4237.2001953125,4247.9599609375,4207.60986328125,4247.9599609375,1631310000,-0.0012783107219993168
2014-06-03,4234.080078125,4234.080078125,4240.35009765625,4215.7998046875,4222.0400390625,1718640000,-0.0007366341870124655
2014-06-04,4251.64013671875,4251.64013671875,4256.18994140625,4216.22998046875,4222.2099609375,1610090000,0.004138737364628519
2014-06-05,4296.22998046875,4296.22998046875,4299.5,4241.68017578125,4259.1201171875,1926750000,0.010433066389828636
2014-06-06,4321.39990234375,4321.39990234375,4322.509765625,4305.740234375,4312.759765625,1616650000,0.005841511828786337
2014-06-09,4336.240234375,4336.240234375,4346.740234375,4320.27978515625,4324.35009765625,1783060000,0.003428265978204457
2014-06-10,4338.0,4338.0,4338.8701171875,4319.93017578125,4329.2001953125,1787120000,0.0004057451953356358
2014-06-11,4331.93017578125,4331.93017578125,4338.2099609375,4315.490234375,4322.919921875,1778460000,-0.00140020163654732
2014-06-12,4297.6298828125,4297.6298828125,4328.35009765625,4284.52978515625,4323.10986328125,1908190000,-0.007949530073297467
2014-06-13,4310.64990234375,4310.64990234375,4317.669921875,4288.41015625,4315.31005859375,1754560000,0.00302500146014126
2014-06-16,4321.10009765625,4321.10009765625,4326.89013671875,4296.259765625,4303.93017578125,1675120000,0.002421339917905909
2014-06-17,4337.22998046875,4337.22998046875,4346.1201171875,4311.14990234375,4316.009765625,1814360000,0.0037258689208365943
2014-06-18,4362.83984375,4362.83984375,4365.10009765625,4320.5400390625,4341.18017578125,1860660000,0.005887294646819127
2014-06-19,4359.330078125,4359.330078125,4372.18017578125,4339.60986328125,4370.14013671875,1845460000,-0.000804791891438502
2014-06-20,4368.0400390625,4368.0400390625,4368.7998046875,4354.02978515625,4365.3701171875,2721380000,0.0019960111035276515
2014-06-23,4368.68017578125,4368.68017578125,4371.81005859375,4358.68017578125,4368.9599609375,1712930000,0.00014653936583846732
2014-06-24,4350.35009765625,4350.35009765625,4399.8701171875,4342.89990234375,4367.89990234375,2014700000,-0.004204620136568065
2014-06-25,4379.759765625,4379.759765625,4383.5498046875,4339.41015625,4341.81982421875,1722820000,0.006737550771424293
2014-06-26,4379.0498046875,4379.0498046875,4379.7998046875,4347.4501953125,4379.43994140625,1554070000,-0.00016211356882588814
2014-06-27,4397.93017578125,4397.93017578125,4398.85009765625,4371.60009765625,4371.7998046875,3964930000,0.004302254364889153
2014-06-30,4408.18017578125,4408.18017578125,4417.4599609375,4396.58984375,4398.3701171875,1848110000,0.0023279300893909362
2014-07-01,4458.64990234375,4458.64990234375,4471.60009765625,4424.43017578125,4424.7099609375,1942550000,0.01138406198754337
2014-07-02,4457.72998046875,4457.72998046875,4466.919921875,4450.8701171875,4457.85986328125,1599480000,-0.0002063442541377685
2014-07-03,4485.93017578125,4485.93017578125,4485.93017578125,4463.85009765625,4472.89013671875,1001730000,0.006306207587455367
2014-07-07,4451.52978515625,4451.52978515625,4478.02001953125,4447.60009765625,4477.740234375,1691390000,-0.007698062012302342
2014-07-08,4391.4599609375,4391.4599609375,4443.56005859375,4372.0400390625,4442.8701171875,2221820000,-0.013586072113956916
2014-07-09,4419.02978515625,4419.02978515625,4421.93017578125,4388.009765625,4403.02978515625,1736960000,0.006258429440583738
2014-07-10,4396.2001953125,4396.2001953125,4415.85009765625,4351.0400390625,4352.0400390625,1682920000,-0.005179590534555099
2014-07-11,4415.490234375,4415.490234375,4417.16015625,4389.2900390625,4401.0498046875,1511250000,0.004378290415744983
2014-07-14,4440.419921875,4440.419921875,4451.60009765625,4432.9501953125,4441.39013671875,1579660000,0.005630082715730806
2014-07-15,4416.39013671875,4416.39013671875,4451.93017578125,4389.7001953125,4444.91015625,1772030000,-0.005426297721131238
2014-07-16,4425.97021484375,4425.97021484375,4448.8701171875,4419.7099609375,4446.169921875,2059340000,0.0021668607685143317
2014-07-17,4363.4501953125,4363.4501953125,4425.3798828125,4352.22998046875,4411.52001953125,2055240000,-0.014226438393082439
2014-07-18,4432.14990234375,4432.14990234375,4434.43994140625,4378.22021484375,4379.93994140625,1823580000,0.015621697978812077
2014-07-21,4424.7001953125,4424.7001953125,4432.419921875,4404.509765625,4421.2001953125,1557820000,-0.0016822479111584519
2014-07-22,4456.02001953125,4456.02001953125,4464.1298828125,4443.35009765625,4444.93994140625,1724440000,0.00705347163552784
2014-07-23,4473.7001953125,4473.7001953125,4480.72998046875,4457.9501953125,4468.16015625,1909810000,0.003959855058978666
2014-07-24,4472.10986328125,4472.10986328125,4485.5,4465.93994140625,4481.60986328125,1935090000,-0.00035554791295298155
2014-07-25,4449.56005859375,4449.56005859375,4457.9501953125,4430.43017578125,4448.06005859375,1711430000,-0.005055074420895206
2014-07-28,4444.91015625,4444.91015625,4455.39013671875,4413.919921875,4451.1201171875,1783250000,-0.0010455716091114357
2014-07-29,4442.7001953125,4442.7001953125,4470.97021484375,4441.02978515625,4456.06982421875,2090810000,-0.000497312752388807
2014-07-30,4462.89990234375,4462.89990234375,4476.06005859375,4444.509765625,4468.43994140625,1872430000,0.004536413369256506
2014-07-31,4369.77001953125,4369.77001953125,4430.7998046875,4367.14990234375,4421.2900390625,2273380000,-0.02108837644816366
2014-08-01,4352.64013671875,4352.64013671875,4385.0498046875,4324.02001953125,4363.39013671875,2050340000,-0.003927791637473713
2014-08-04,4383.89013671875,4383.89013671875,4395.3798828125,4343.02978515625,4365.6201171875,1677400000,0.007153900301059917
2014-08-05,4352.83984375,4352.83984375,4383.02001953125,4333.580078125,4364.58984375,1916180000,-0.007108019538199494
2014-08-06,4355.0498046875,4355.0498046875,4378.990234375,4325.0400390625,4326.27978515625,1819310000,0.0005075767089774994
2014-08-07,4334.97021484375,4334.97021484375,4379.7001953125,4321.89013671875,4373.25,1866330000,-0.00462130709351322
2014-08-08,4370.89990234375,4370.89990234375,4373.1201171875,4327.8701171875,4340.8798828125,1759060000,0.008254175863222286
2014-08-11,4401.330078125,4401.330078125,4415.77978515625,4384.14990234375,4387.3798828125,1537880000,0.006937870509444378
2014-08-12,4389.25,4389.25,4407.080078125,4371.83984375,4394.68994140625,1560220000,-0.0027484160594266702
2014-08-13,4434.1298828125,4434.1298828125,4434.31005859375,4403.64013671875,4407.8701171875,1611690000,0.010173033568039965
2014-08-14,4453.0,4453.0,4453.0,4433.93994140625,4438.1298828125,1549820000,0.004246623104344329
2014-08-15,4464.93017578125,4464.93017578125,4482.47021484375,4427.1298828125,4479.64013671875,1799460000,0.002675549743720031
2014-08-18,4508.31005859375,4508.31005859375,4509.16015625,4486.43994140625,4490.52978515625,1571100000,0.0096687973638499
2014-08-19,4527.509765625,4527.509765625,4528.91015625,4513.919921875,4514.259765625,1556560000,0.004249694283452015
2014-08-20,4526.47998046875,4526.47998046875,4533.009765625,4515.72998046875,4517.75,1502290000,-0.00022747654670909206
2014-08-21,4532.10009765625,4532.10009765625,4534.0,4513.81005859375,4526.72021484375,1421730000,0.001240838599455674
2014-08-22,4538.5498046875,4538.5498046875,4547.240234375,4521.77001953125,4534.8701171875,1311810000,0.0014221049621956482
2014-08-25,4557.35009765625,4557.35009765625,4571.14013671875,4547.77978515625,4563.72021484375,1384620000,0.004133800930681096
2014-08-26,4570.64013671875,4570.64013671875,4575.58984375,4556.77978515625,4563.81005859375,1469620000,0.0029119331007525584
2014-08-27,4569.6201171875,4569.6201171875,4575.81005859375,4561.83984375,4574.35009765625,1389470000,-0.00022319266785617993
2014-08-28,4557.7001953125,4557.7001953125,4565.9599609375,4546.6201171875,4552.5498046875,1309580000,-0.0026119229398120234
2014-08-29,4580.27001953125,4580.27001953125,4580.27001953125,4553.77978515625,4571.759765625,1352830000,0.004939799448479135
2014-09-02,4598.18994140625,4598.18994140625,4598.64013671875,4576.81005859375,4592.419921875,1859080000,0.0039047824407363397
2014-09-03,4572.56005859375,4572.56005859375,4610.14013671875,4565.3798828125,4610.14013671875,1897450000,-0.005589499122958149
2014-09-04,4562.2900390625,4562.2900390625,4603.14990234375,4553.31005859375,4581.52001953125,1728700000,-0.002248536921457787
2014-09-05,4582.89990234375,4582.89990234375,4583.0,4542.740234375,4560.6298828125,1641830000,0.004507265197294529
2014-09-08,4592.2900390625,4592.2900390625,4600.39990234375,4570.22998046875,4579.06005859375,1670210000,0.0020468546279993455
2014-09-09,4552.2900390625,4552.2900390625,4599.02978515625,4544.43994140625,4588.830078125,1956550000,-0.008748407203691968
2014-09-10,4586.52001953125,4586.52001953125,4587.10009765625,4544.83984375,4554.14990234375,1808650000,0.007491159204341471
2014-09-11,4591.81005859375,4591.81005859375,4591.81005859375,4559.75,4567.64013671875,1704850000,0.0011527237750751178
2014-09-12,4567.60009765625,4567.60009765625,4590.080078125,4555.68017578125,4588.77001953125,1784170000,-0.005286370389546674
2014-09-15,4518.89990234375,4518.89990234375,4567.47021484375,4506.72998046875,4567.4501953125,1940520000,-0.010719344441448687
2014-09-16,4552.759765625,4552.759765625,4558.240234375,4499.8701171875,4502.10986328125,1879350000,0.007465011202157226
2014-09-17,4562.18994140625,4562.18994140625,4582.39990234375,4539.35986328125,4553.9599609375,1796710000,0.00206916756513705
2014-09-18,4593.43017578125,4593.43017578125,4593.97998046875,4572.6201171875,4575.740234375,1774840000,0.006824301405262368
2014-09-19,4579.7900390625,4579.7900390625,4610.56982421875,4563.43994140625,4606.1298828125,3178490000,-0.0029739058808572376
2014-09-22,4527.68994140625,4527.68994140625,4568.8701171875,4513.1201171875,4568.4501953125,1881520000,-0.011441291357354728
2014-09-23,4508.68994140625,4508.68994140625,4536.02978515625,4508.419921875,4511.31982421875,1847730000,-0.004205230024853864
2014-09-24,4555.22021484375,4555.22021484375,4557.27001953125,4500.1298828125,4514.919921875,1765260000,0.010267242589267507
2014-09-25,4466.75,4466.75,4546.93017578125,4466.64013671875,4540.81982421875,1939610000,-0.01961280045173645
2014-09-26,4512.18994140625,4512.18994140625,4515.75,4475.47998046875,4476.47998046875,1637480000,0.0101215354214414
2014-09-29,4505.85009765625,4505.85009765625,4515.240234375,4464.43994140625,4465.83984375,1737750000,-0.0014060360714733264
2014-09-30,4493.39013671875,4493.39013671875,4522.06005859375,4483.91015625,4512.64013671875,2200380000,-0.002769115741976078
2014-10-01,4422.08984375,4422.08984375,4486.7900390625,4409.2998046875,4486.64990234375,2312630000,-0.01599505876341688
2014-10-02,4430.2001953125,4430.2001953125,4441.9501953125,4367.740234375,4421.25,2165500000,0.0018323741757181316
2014-10-03,4475.6201171875,4475.6201171875,4488.06982421875,4445.72021484375,4456.81005859375,1777640000,0.010200141948125612
2014-10-06,4454.7998046875,4454.7998046875,4496.259765625,4444.10009765625,4492.39990234375,1828240000,-0.004662793105909297
2014-10-07,4385.2001953125,4385.2001953125,4441.759765625,4385.14990234375,4433.91015625,2111360000,-0.015746843336384618
2014-10-08,4468.58984375,4468.58984375,4473.72998046875,4355.33984375,4385.7001953125,2451630000,0.018837608299838896
2014-10-09,4378.33984375,4378.33984375,4464.1298828125,4377.27978515625,4458.2900390625,2264220000,-0.020403266226501057
2014-10-10,4276.240234375,4276.240234375,4380.509765625,4276.240234375,4354.6298828125,2765750000,-0.02359544781251243
2014-10-13,4213.66015625,4213.66015625,4303.81982421875,4212.8701171875,4274.91015625,2467830000,-0.014742507845565155
2014-10-14,4227.169921875,4227.169921875,4281.33984375,4212.81982421875,4246.22998046875,2496120000,0.003201054170238505
2014-10-15,4215.31982421875,4215.31982421875,4231.5400390625,4116.60009765625,4154.10009765625,3058740000,-0.0028072537355371893
2014-10-16,4217.39013671875,4217.39013671875,4246.009765625,4131.64990234375,4133.25,2591940000,0.0004910195064661626
2014-10-17,4258.43994140625,4258.43994140625,4296.10986328125,4241.669921875,4275.08984375,2260070000,0.009686396558486115
2014-10-20,4316.06982421875,4316.06982421875,4316.8701171875,4248.22021484375,4254.16015625,1717370000,0.013442342986070511
2014-10-21,4419.47998046875,4419.47998046875,4419.47998046875,4356.10009765625,4359.169921875,1997580000,0.023676812432221573
2014-10-22,4382.85009765625,4382.85009765625,4435.85986328125,4381.27978515625,4429.16015625,1967020000,-0.008322817692813183
2014-10-23,4452.7900390625,4452.7900390625,4475.5498046875,4421.56005859375,4427.43994140625,1952380000,0.015831654783962687
2014-10-24,4483.72021484375,4483.72021484375,4486.259765625,4445.85009765625,4459.4599609375,1754300000,0.00692223214876713
2014-10-27,4485.93017578125,4485.93017578125,4489.60009765625,4450.2900390625,4469.02001953125,1585580000,0.0004927641292525539
2014-10-28,4564.2900390625,4564.2900390625,4564.2900390625,4505.10986328125,4505.72998046875,1966920000,0.01731710823357259
2014-10-29,4549.22998046875,4549.22998046875,4564.43994140625,4517.02001953125,4551.3701171875,2184050000,-0.0033049957140349924
2014-10-30,4566.14013671875,4566.14013671875,4575.5,4521.7900390625,4532.10009765625,2034960000,0.0037102554106654556
2014-10-31,4630.740234375,4630.740234375,4641.509765625,4616.580078125,4639.4501953125,2424360000,0.014048494163974617
2014-11-03,4638.91015625,4638.91015625,4654.18994140625,4627.419921875,4633.7099609375,2033000000,0.0017627253771574224
2014-11-04,4623.64013671875,4623.64013671875,4635.9501953125,4594.919921875,4623.77001953125,1939320000,-0.003297155293505045
2014-11-05,4620.72021484375,4620.72021484375,4650.39013671875,4607.72998046875,4649.47021484375,2001870000,-0.0006317196346874504
2014-11-06,4638.47021484375,4638.47021484375,4639.169921875,4604.759765625,4616.77978515625,1986820000,0.0038340331972334324
2014-11-07,4632.52978515625,4632.52978515625,4638.7998046875,4606.81005859375,4636.89013671875,1978830000,-0.0012815080359138643
2014-11-10,4651.6201171875,4651.6201171875,4653.3798828125,4626.490234375,4635.10009765625,1830010000,0.0041124624520801085
2014-11-11,4660.56005859375,4660.56005859375,4661.22998046875,4640.240234375,4649.18994140625,1663690000,0.0019200539474107565
2014-11-12,4675.14013671875,4675.14013671875,4678.580078125,4643.77978515625,4644.6298828125,1773060000,0.0031235128965103184
2014-11-13,4680.14013671875,4680.14013671875,4703.10009765625,4664.27001953125,4681.56005859375,1857580000,0.0010689151644705864
2014-11-14,4688.5400390625,4688.5400390625,4688.740234375,4664.31005859375,4679.85009765625,1739950000,0.0017931884613385546
2014-11-17,4671.0,4671.0,4689.52978515625,4655.2001953125,4678.43994140625,1695070000,-0.003748060165940628
2014-11-18,4702.43994140625,4702.43994140625,4709.830078125,4674.2998046875,4674.83984375,1655760000,0.006708328960737881
2014-11-19,4675.7099609375,4675.7099609375,4696.2001953125,4655.72021484375,4694.77978515625,1641560000,-0.005700495967983535
2014-11-20,4701.8701171875,4701.8701171875,4702.97021484375,4653.330078125,4655.2001953125,1667330000,0.00557931233709574
2014-11-21,4712.97021484375,4712.97021484375,4751.60009765625,4700.72998046875,4751.009765625,1854340000,0.002358001284777523
2014-11-24,4754.89013671875,4754.89013671875,4755.02001953125,4723.6201171875,4725.169921875,1568130000,0.008855262804825835
2014-11-25,4758.25,4758.25,4774.52001953125,4749.919921875,4762.39013671875,1720140000,0.0007063626463319457
2014-11-26,4787.31982421875,4787.31982421875,4788.0,4757.47998046875,4760.22998046875,1362930000,0.006090765584870331
2014-11-28,4791.6298828125,4791.6298828125,4810.85986328125,4786.72021484375,4797.10009765625,998600000,0.0008999021847775037
2014-12-01,4727.35009765625,4727.35009765625,4782.06982421875,4724.6201171875,4777.72998046875,1893600000,-0.01350580889438309
2014-12-02,4755.81005859375,4755.81005859375,4761.6298828125,4729.759765625,4732.97021484375,1839170000,0.006002228352540212
2014-12-03,4774.47021484375,4774.47021484375,4781.3701171875,4745.14013671875,4761.31005859375,1734510000,0.003915977192808673
2014-12-04,4769.43994140625,4769.43994140625,4785.41015625,4753.7099609375,4772.0,1724090000,-0.0010541327026234607
2014-12-05,4780.759765625,4780.759765625,4788.97998046875,4769.64013671875,4776.580078125,1767100000,0.0023705953523891357
2014-12-08,4740.68994140625,4740.68994140625,4793.240234375,4722.91015625,4769.759765625,1966770000,-0.008416798282878071
2014-12-09,4766.47021484375,4766.47021484375,4768.41015625,4674.3798828125,4685.2001953125,1950330000,0.005423351706044163
2014-12-10,4684.02001953125,4684.02001953125,4766.64013671875,4679.25,4754.419921875,1850810000,-0.01744931432835966
2014-12-11,4708.16015625,4708.16015625,4759.8798828125,4699.43017578125,4704.64990234375,1873050000,0.005140486963564595
2014-12-12,4653.60009765625,4653.60009765625,4707.919921875,4653.60009765625,4665.35009765625,1888870000,-0.01165607211499498
2014-12-15,4605.16015625,4605.16015625,4690.580078125,4592.43017578125,4679.669921875,2143610000,-0.010463686723936579
2014-12-16,4547.830078125,4547.830078125,4645.18994140625,4547.31005859375,4572.7900390625,2231670000,-0.012527234575100335
2014-12-17,4644.31005859375,4644.31005859375,4651.89990234375,4550.7001953125,4556.89990234375,2279930000,0.020992613722856292
2014-12-18,4748.39990234375,4748.39990234375,4748.39990234375,4697.08984375,4712.39013671875,2172260000,0.022164871607772287
2014-12-19,4765.3798828125,4765.3798828125,4782.1298828125,4738.2900390625,4752.60009765625,3287920000,0.003569558867611204
2014-12-22,4781.419921875,4781.419921875,4781.93017578125,4757.7998046875,4759.0400390625,1720070000,0.003360299678177525
2014-12-23,4765.419921875,4765.419921875,4798.06005859375,4761.39013671875,4798.02978515625,1590820000,-0.0033518976419745885
2014-12-24,4773.47021484375,4773.47021484375,4787.56982421875,4768.669921875,4770.1201171875,729750000,0.0016878892123968197
2014-12-26,4806.85986328125,4806.85986328125,4814.9501953125,4787.85009765625,4788.06005859375,930220000,0.0069704871040833245
2014-12-29,4806.91015625,4806.91015625,4813.72021484375,4798.89990234375,4801.259765625,1227740000,1.0462694374475183e-05
2014-12-30,4777.43994140625,4777.43994140625,4803.89013671875,4772.8798828125,4793.60986328125,1269200000,-0.006149672626721501
2014-12-31,4736.0498046875,4736.0498046875,4806.43017578125,4734.10986328125,4790.52978515625,1515600000,-0.008701412200178983
2015-01-02,4726.81005859375,4726.81005859375,4777.009765625,4698.10986328125,4760.240234375,1435150000,-0.0019528449461662183
2015-01-05,4652.56982421875,4652.56982421875,4702.77001953125,4641.4599609375,4700.33984375,1794470000,-0.01583085145879194
2015-01-06,4592.740234375,4592.740234375,4667.330078125,4567.58984375,4666.85009765625,2167320000,-0.012942870422475874
2015-01-07,4650.47021484375,4650.47021484375,4652.72021484375,4613.89990234375,4626.83984375,1957950000,0.012491489067169988
2015-01-08,4736.18994140625,4736.18994140625,4741.3798828125,4688.02001953125,4689.5400390625,2105450000,0.01826466669013005
2015-01-09,4704.06982421875,4704.06982421875,4744.7099609375,4681.240234375,4744.47021484375,1715830000,-0.006804948578658863
2015-01-12,4664.7099609375,4664.7099609375,4715.81005859375,4650.64990234375,4714.06982421875,1861960000,-0.00840239513609557
2015-01-13,4661.5,4661.5,4751.33984375,4624.27978515625,4708.740234375,2162180000,-0.0006883741793720633
2015-01-14,4639.31982421875,4639.31982421875,4655.3701171875,4595.97998046875,4610.759765625,2073810000,-0.004769518869782126
2015-01-15,4570.81982421875,4570.81982421875,4663.9599609375,4567.39013671875,4657.4599609375,1976260000,-0.014875184459604023
2015-01-16,4634.3798828125,4634.3798828125,4635.81982421875,4563.10986328125,4566.3798828125,1970520000,0.01380981852593203
2015-01-20,4654.85009765625,4654.85009765625,4665.64990234375,4601.10009765625,4655.83984375,1835040000,0.004407307822467951
2015-01-21,4667.419921875,4667.419921875,4692.4599609375,4629.58984375,4641.9501953125,1847420000,0.002696731978393255
2015-01-22,4750.39990234375,4750.39990234375,4752.60009765625,4644.56982421875,4690.93017578125,1996550000,0.017622364717860564
2015-01-23,4757.8798828125,4757.8798828125,4771.18017578125,4737.9501953125,4748.18994140625,1653830000,0.0015733617816892675
2015-01-26,4771.759765625,4771.759765625,4774.18017578125,4734.2001953125,4752.35986328125,1717510000,0.002912994224210248
2015-01-27,4681.5,4681.5,4721.8701171875,4659.830078125,4698.22998046875,1954160000,-0.0190965890789716
2015-01-28,4637.990234375,4637.990234375,4742.06005859375,4637.47998046875,4740.68994140625,2118680000,-0.009337438133816354
2015-01-29,4683.41015625,4683.41015625,4688.41015625,4601.759765625,4635.72998046875,2110710000,0.009745377183870085
2015-01-30,4635.240234375,4635.240234375,4703.81005859375,4631.10009765625,4671.2099609375,2264230000,-0.010338482270577966
2015-02-02,4676.68994140625,4676.68994140625,4676.68994140625,4580.4599609375,4650.60009765625,2006450000,0.008902554037261753
2015-02-03,4727.740234375,4727.740234375,4727.740234375,4670.81982421875,4693.25,2153520000,0.010856754412825019
2015-02-04,4716.7001953125,4716.7001953125,4744.330078125,4697.7900390625,4699.81005859375,2212960000,-0.0023378926836781395
2015-02-05,4765.10009765625,4765.10009765625,4767.3798828125,4722.7998046875,4729.64990234375,2036590000,0.010209099796191261
2015-02-06,4744.39990234375,4744.39990234375,4787.18017578125,4731.22021484375,4768.83984375,2034060000,-0.004353589149376303
2015-02-09,4726.009765625,4726.009765625,4749.47021484375,4719.60986328125,4723.72998046875,1654680000,-0.003883709465308347
2015-02-10,4787.64013671875,4787.64013671875,4793.27001953125,4737.1201171875,4754.6298828125,1773730000,0.012956380331452758
2015-02-11,4801.18017578125,4801.18017578125,4810.35986328125,4780.1298828125,4788.3701171875,1793630000,0.0028241321915579635
2015-02-12,4857.60986328125,4857.60986328125,4857.60986328125,4823.56982421875,4828.080078125,2075470000,0.011684761614296072
2015-02-13,4893.83984375,4893.83984375,4893.83984375,4860.1201171875,4869.72998046875,1942240000,0.007430720203066958
2015-02-17,4899.27001953125,4899.27001953125,4901.89013671875,4880.64013671875,4889.990234375,1751490000,0.0011089789481742197
2015-02-18,4906.35986328125,4906.35986328125,4907.5,4885.60009765625,4890.83984375,1684800000,0.0014460764010507617
2015-02-19,4924.7001953125,4924.7001953125,4929.52978515625,4900.6298828125,4901.509765625,1592890000,0.0037311039091323227
2015-02-20,4955.97021484375,4955.97021484375,4957.02001953125,4905.58984375,4919.77978515625,1761140000,0.006329555107374547
2015-02-23,4960.97021484375,4960.97021484375,4960.97021484375,4939.56005859375,4953.10009765625,1754850000,0.0010083756092166378
2015-02-24,4968.1201171875,4968.1201171875,4971.18017578125,4945.14013671875,4956.2099609375,1834890000,0.0014401930772084813
2015-02-25,4967.14013671875,4967.14013671875,4984.240234375,4956.0,4960.35986328125,1848560000,-0.00019727323630860106
2015-02-26,4987.89013671875,4987.89013671875,4989.10986328125,4955.509765625,4969.27001953125,1905550000,0.0041687527773130945
2015-02-27,4963.52978515625,4963.52978515625,4989.25,4960.8701171875,4985.02978515625,1955590000,-0.004895864190735505
2015-03-02,5008.10009765625,5008.10009765625,5008.56982421875,4972.009765625,4973.43017578125,1931110000,0.008939483282219829
2015-03-03,4979.89990234375,4979.89990234375,4996.66015625,4956.06982421875,4990.7001953125,2018900000,-0.005646830245635757
2015-03-04,4967.14013671875,4967.14013671875,4973.31982421875,4938.89990234375,4961.240234375,1824830000,-0.002565541623161566
2015-03-05,4982.81005859375,4982.81005859375,4993.52001953125,4963.10009765625,4979.9501953125,1724200000,0.0031497514102939135
2015-03-06,4927.3701171875,4927.3701171875,4982.93017578125,4918.6298828125,4967.240234375,1918220000,-0.011188599757960254
2015-03-09,4942.43994140625,4942.43994140625,4950.47021484375,4920.81982421875,4936.080078125,1696510000,0.003053723595505734
2015-03-10,4859.7900390625,4859.7900390625,4903.43994140625,4859.7900390625,4899.509765625,1876010000,-0.01686388938807478
2015-03-11,4849.93994140625,4849.93994140625,4876.08984375,4846.7900390625,4866.93994140625,1846020000,-0.002028913482671355
2015-03-12,4893.2900390625,4893.2900390625,4895.7998046875,4853.2001953125,4853.97998046875,1855110000,0.008898565218575129
2015-03-13,4871.759765625,4871.759765625,4904.47021484375,4842.7998046875,4885.5400390625,1851410000,-0.004409666874501351
2015-03-16,4929.509765625,4929.509765625,4929.93994140625,4889.08984375,4897.27001953125,1713480000,0.011784324087326405
2015-03-17,4937.43017578125,4937.43017578125,4944.91015625,4907.02001953125,4912.64990234375,1724370000,0.0016054444244093604
2015-03-18,4982.830078125,4982.830078125,5001.56982421875,4907.72021484375,4926.830078125,1983570000,0.00915302988844116
2015-03-19,4992.3798828125,4992.3798828125,5000.02001953125,4979.93994140625,4982.02001953125,1674970000,0.0019147080898441514
2015-03-20,5026.419921875,5026.419921875,5042.14013671875,5020.06982421875,5033.47021484375,2825670000,0.0067952590551324165
2015-03-23,5010.97021484375,5010.97021484375,5031.39013671875,5010.97021484375,5020.60009765625,1608880000,-0.0030784335413681233
2015-03-24,4994.72998046875,4994.72998046875,5032.47998046875,4994.56005859375,5010.10009765625,1611670000,-0.003246199330254
2015-03-25,4876.52001953125,4876.52001953125,5006.759765625,4876.52001953125,5002.830078125,2219520000,-0.02395149794627094
2015-03-26,4863.35986328125,4863.35986328125,4889.2099609375,4825.93017578125,4835.7099609375,2004960000,-0.0027023257816139053
2015-03-27,4891.22021484375,4891.22021484375,4899.259765625,4859.66015625,4863.740234375,1678650000,0.005712276099327744
2015-03-30,4947.43994140625,4947.43994140625,4948.4599609375,4921.1201171875,4921.77978515625,1778520000,0.011428454194200603
2015-03-31,4900.8798828125,4900.8798828125,4940.8701171875,4899.31005859375,4925.91015625,1837660000,-0.009455502323651886
2015-04-01,4880.22998046875,4880.22998046875,4899.3798828125,4844.39013671875,4894.35986328125,1874960000,-0.004222411017267489
2015-04-02,4886.93994140625,4886.93994140625,4901.330078125,4872.9599609375,4885.41015625,1563670000,0.0013739828521006805
2015-04-06,4917.31982421875,4917.31982421875,4929.6201171875,4852.91015625,4855.93994140625,1737560000,0.0061973021463937435
2015-04-07,4910.22998046875,4910.22998046875,4948.8798828125,4909.77001953125,4917.5,1572940000,-0.0014428509894906056
2015-04-08,4950.81982421875,4950.81982421875,4956.72021484375,4914.14990234375,4914.14990234375,1714210000,0.008232404012392978
2015-04-09,4974.56005859375,4974.56005859375,4975.93017578125,4928.10986328125,4950.83984375,1729750000,0.00478375234569858
2015-04-10,4995.97998046875,4995.97998046875,4996.080078125,4970.02001953125,4977.02978515625,1494240000,0.004296648876425557
2015-04-13,4988.25,4988.25,5024.25,4985.9599609375,5001.5498046875,1544190000,-0.0015484382928599907
2015-04-14,4977.2900390625,4977.2900390625,4996.81982421875,4952.009765625,4988.81982421875,1571360000,-0.0021995727905040913
2015-04-15,5011.02001953125,5011.02001953125,5021.18994140625,4989.240234375,4992.6201171875,1795530000,0.006753917026600647
2015-04-16,5007.7900390625,5007.7900390625,5016.0,4996.0,4999.35986328125,1662850000,-0.0006447832750125187
2015-04-17,4931.81005859375,4931.81005859375,4974.08984375,4912.330078125,4966.10986328125,1985190000,-0.015288635296160083
2015-04-20,4994.60009765625,4994.60009765625,5000.2001953125,4952.68017578125,4958.06982421875,1646340000,0.012651275850795115
2015-04-21,5014.10009765625,5014.10009765625,5028.22021484375,5009.509765625,5023.9599609375,1721260000,0.003896614803686099
2015-04-22,5035.169921875,5035.169921875,5040.64990234375,4992.6201171875,5026.56982421875,1696380000,0.004193310569195374
2015-04-23,5056.06005859375,5056.06005859375,5073.08984375,5019.2900390625,5020.22021484375,1858620000,0.004140261712462893
2015-04-24,5092.080078125,5092.080078125,5100.3701171875,5081.2099609375,5096.33984375,1895150000,0.007098871381720233
2015-04-27,5060.25,5060.25,5119.830078125,5053.5400390625,5104.35986328125,2172470000,-0.00627051763977948
2015-04-28,5055.419921875,5055.419921875,5075.2998046875,5006.27978515625,5063.259765625,2032500000,-0.0009549695728263394
2015-04-29,5023.64013671875,5023.64013671875,5053.83984375,4999.830078125,5028.4501953125,1871300000,-0.006306121858079693
2015-04-30,4941.419921875,4941.419921875,5015.9599609375,4921.5498046875,4996.990234375,2269290000,-0.016502074285951934
2015-05-01,5005.39013671875,5005.39013671875,5005.39013671875,4962.740234375,4966.31982421875,1854400000,0.01286263564699395
2015-05-04,5016.93017578125,5016.93017578125,5043.6201171875,5013.02001953125,5018.35009765625,1668200000,0.0023028687574550275
2015-05-05,4939.330078125,4939.330078125,5008.27001953125,4934.33984375,5000.2001953125,2069490000,-0.015588517592954487
2015-05-06,4919.64013671875,4919.64013671875,4965.10009765625,4888.169921875,4956.7001953125,2144620000,-0.003994325402346239
2015-05-07,4945.5400390625,4945.5400390625,4957.1201171875,4914.52978515625,4917.75,2042960000,0.005250783338736791
2015-05-08,5003.5498046875,5003.5498046875,5014.330078125,4989.259765625,4991.6298828125,1978760000,0.011661453244019909
2015-05-11,4993.56982421875,4993.56982421875,5017.3798828125,4992.02001953125,5003.259765625,1731390000,-0.001996571843585578
2015-05-12,4976.18994140625,4976.18994140625,4995.5,4931.60009765625,4966.43994140625,1705870000,-0.0034865234121325174
2015-05-13,4981.68994140625,4981.68994140625,5012.97021484375,4977.490234375,4991.419921875,1672260000,0.0011046529229135442
2015-05-14,5050.7998046875,5050.7998046875,5051.72021484375,4999.64990234375,5016.68017578125,1741970000,0.013777428777020819
2015-05-15,5048.2900390625,5048.2900390625,5062.64990234375,5034.83984375,5059.14990234375,1667260000,-0.0004970280917384505
2015-05-18,5078.43994140625,5078.43994140625,5084.5,5037.5400390625,5040.919921875,1643870000,0.005954536456689599
2015-05-19,5070.02978515625,5070.02978515625,5087.35009765625,5062.7998046875,5080.43994140625,1750980000,-0.0016574239076162902
2015-05-20,5071.740234375,5071.740234375,5097.52001953125,5050.2099609375,5072.43994140625,1786830000,0.00033730783318372597
2015-05-21,5090.7900390625,5090.7900390625,5098.22998046875,5062.509765625,5065.93994140625,1683670000,0.0037490322759001133
2015-05-22,5089.35986328125,5089.35986328125,5103.83984375,5085.18994140625,5085.39013671875,1544920000,-0.0002809734246309138
2015-05-26,5032.75,5032.75,5081.169921875,5016.740234375,5076.91015625,1731950000,-0.011185504657757535
2015-05-27,5106.58984375,5106.58984375,5111.5400390625,5039.3701171875,5047.85986328125,1809550000,0.014565277482289243
2015-05-28,5097.97998046875,5097.97998046875,5106.64990234375,5080.25,5096.33984375,1741420000,-0.0016874528711367874
2015-05-29,5070.02978515625,5070.02978515625,5099.39990234375,5057.58984375,5093.10009765625,2024170000,-0.005497686637847637
2015-06-01,5082.93017578125,5082.93017578125,5099.009765625,5045.669921875,5094.93994140625,1902120000,0.002541209187649182
2015-06-02,5076.52001953125,5076.52001953125,5100.02001953125,5047.35009765625,5063.47021484375,1729750000,-0.0012619102367556194
2015-06-03,5099.22998046875,5099.22998046875,5114.60009765625,5084.990234375,5098.47998046875,1852680000,0.004463552788202209
2015-06-04,5059.1201171875,5059.1201171875,5101.10986328125,5046.2900390625,5078.22021484375,1813960000,-0.007896965814319238
2015-06-05,5068.4599609375,5068.4599609375,5074.97998046875,5025.52001953125,5057.0400390625,1842890000,0.0018444379260907822
2015-06-08,5021.6298828125,5021.6298828125,5069.0,5014.06005859375,5066.64990234375,1712210000,-0.009282457362686996
2015-06-09,5013.8701171875,5013.8701171875,5027.02001953125,4974.6201171875,5013.1298828125,1754340000,-0.0015464634889120145
2015-06-10,5076.68994140625,5076.68994140625,5086.66015625,5024.169921875,5029.41015625,1792980000,0.012451367509028206
2015-06-11,5082.509765625,5082.509765625,5101.39013671875,5075.0498046875,5088.259765625,1623950000,0.0011457250616611681
2015-06-12,5051.10009765625,5051.10009765625,5067.9599609375,5043.240234375,5060.240234375,1428900000,-0.006199127256676773
2015-06-15,5029.97021484375,5029.97021484375,5035.3701171875,4985.93994140625,5011.7900390625,1790280000,-0.004191998091507418
2015-06-16,5055.5498046875,5055.5498046875,5063.06005859375,5022.56005859375,5023.580078125,1654820000,0.005072548493818615
2015-06-17,5064.8798828125,5064.8798828125,5080.10986328125,5042.25,5067.68017578125,1712820000,0.0018438111930692306
2015-06-18,5132.9501953125,5132.9501953125,5143.31982421875,5082.02978515625,5082.06005859375,1877920000,0.013350158410420948
2015-06-19,5117.0,5117.0,5140.169921875,5113.93994140625,5139.77001953125,2468310000,-0.003112250866233218
2015-06-22,5153.97021484375,5153.97021484375,5162.1298828125,5142.77978515625,5147.8701171875,1619970000,0.007199003353606732
2015-06-23,5160.08984375,5160.08984375,5163.41015625,5139.330078125,5161.68017578125,1613540000,0.0011866577447873228
2015-06-24,5122.41015625,5122.41015625,5164.35986328125,5121.64013671875,5151.3798828125,1628800000,-0.007328928987677849
2015-06-25,5112.18994140625,5112.18994140625,5141.7099609375,5102.16015625,5139.47998046875,1614760000,-0.00199718956156597
2015-06-26,5080.509765625,5080.509765625,5121.47021484375,5060.81982421875,5113.259765625,3843810000,-0.006216268252218322
2015-06-29,4958.47021484375,4958.47021484375,5051.009765625,4956.22998046875,5021.2099609375,2025580000,-0.024314335382309562
2015-06-30,4986.8701171875,4986.8701171875,5008.759765625,4968.259765625,5000.14990234375,2034430000,0.005711213209628244
2015-07-01,5013.1201171875,5013.1201171875,5038.5498046875,4994.4599609375,5029.0498046875,1814560000,0.005250017185637145
2015-07-02,5009.2099609375,5009.2099609375,5027.47021484375,4990.740234375,5024.2998046875,1490810000,-0.000780288898472099
2015-07-06,4991.93994140625,4991.93994140625,5020.7099609375,4960.93017578125,4963.7998046875,1741500000,-0.0034536102079160496
2015-07-07,4997.4599609375,4997.4599609375,5001.990234375,4902.2099609375,4993.759765625,2132080000,0.001105175515459586
2015-07-08,4909.759765625,4909.759765625,4965.4501953125,4901.509765625,4953.97998046875,1931520000,-0.017704762503760584
2015-07-09,4922.39990234375,4922.39990234375,4982.18994140625,4920.39990234375,4976.14990234375,1861600000,0.00257118356683614
2015-07-10,4997.7001953125,4997.7001953125,5008.0498046875,4966.509765625,4981.240234375,1590230000,0.015181649077130425
2015-07-13,5071.509765625,5071.509765625,5074.81005859375,5036.68017578125,5037.27001953125,1694140000,0.014660711739015406
2015-07-14,5104.89013671875,5104.89013671875,5116.52001953125,5075.1201171875,5077.1201171875,1682660000,0.006560373242812471
2015-07-15,5098.93994140625,5098.93994140625,5125.31982421875,5088.1201171875,5111.10986328125,1691350000,-0.001166267164660117
2015-07-16,5163.18017578125,5163.18017578125,5163.18017578125,5128.56005859375,5138.18017578125,1823530000,0.012520039287141712
2015-07-17,5210.14013671875,5210.14013671875,5210.16015625,5183.22998046875,5196.10986328125,1854450000,0.009054050259865111
2015-07-20,5218.85986328125,5218.85986328125,5231.93994140625,5201.490234375,5223.18017578125,1814180000,0.0016722079958574815
2015-07-21,5208.1201171875,5208.1201171875,5229.0,5196.2998046875,5219.2001953125,1774570000,-0.00205999242575921
2015-07-22,5171.77001953125,5171.77001953125,5184.740234375,5145.77978515625,5146.02978515625,2035730000,-0.007003975143384797
2015-07-23,5146.41015625,5146.41015625,5197.0,5137.64013671875,5180.330078125,2003310000,-0.004915578893412658
2015-07-24,5088.6298828125,5088.6298828125,5167.5400390625,5084.509765625,5166.91015625,2004380000,-0.011290798481497907
2015-07-27,5039.77978515625,5039.77978515625,5072.8798828125,5032.68994140625,5055.919921875,1942520000,-0.009646228390784958
2015-07-28,5089.2099609375,5089.2099609375,5097.68994140625,5025.60986328125,5063.43994140625,2025110000,0.009760216846986481
2015-07-29,5111.72998046875,5111.72998046875,5117.83984375,5080.0400390625,5097.85986328125,1890350000,0.004415290403795153
2015-07-30,5128.77978515625,5128.77978515625,5135.64990234375,5070.6201171875,5100.2998046875,1908480000,0.0033298772877237864
2015-07-31,5128.27978515625,5128.27978515625,5155.02001953125,5122.3701171875,5148.18017578125,1926360000,-9.749382792764164e-05
2015-08-03,5115.3798828125,5115.3798828125,5143.080078125,5082.31982421875,5134.33984375,1790080000,-0.0025186133825207454
2015-08-04,5105.5498046875,5105.5498046875,5125.89990234375,5092.4599609375,5110.9599609375,1819700000,-0.001923519964706288
2015-08-05,5139.93994140625,5139.93994140625,5175.259765625,5131.85986328125,5132.77001953125,2041490000,0.00671324977683178
2015-08-06,5056.43994140625,5056.43994140625,5149.93017578125,5035.41015625,5146.6298828125,2290950000,-0.016378728060912104
2015-08-07,5043.5400390625,5043.5400390625,5055.56005859375,5006.14990234375,5043.97021484375,2008360000,-0.0025544425599272557
2015-08-10,5101.7998046875,5101.7998046875,5112.47021484375,5081.10986328125,5081.72021484375,1784930000,0.011485156127950905
2015-08-11,5036.7900390625,5036.7900390625,5089.330078125,5013.4501953125,5069.16015625,1912340000,-0.012824398187797735
2015-08-12,5044.39013671875,5044.39013671875,5055.75,4945.7900390625,4994.52001953125,2089460000,0.001507779637615468
2015-08-13,5033.56005859375,5033.56005859375,5071.4599609375,5029.60986328125,5050.93994140625,1632340000,-0.0021492629124151776
2015-08-14,5048.240234375,5048.240234375,5051.89013671875,5012.60986328125,5025.919921875,1487630000,0.0029122152254291026
2015-08-17,5091.7001953125,5091.7001953125,5092.68994140625,5022.419921875,5032.33984375,1510790000,0.008572087254521105
2015-08-18,5059.35009765625,5059.35009765625,5085.14013671875,5054.97021484375,5082.169921875,1501540000,-0.006373765519975525
2015-08-19,5019.0498046875,5019.0498046875,5060.93017578125,4992.85009765625,5039.02978515625,1785420000,-0.0079974019991938
2015-08-20,4877.490234375,4877.490234375,4986.509765625,4877.490234375,4973.490234375,2087000000,-0.028609842518035854
2015-08-21,4706.0400390625,4706.0400390625,4856.75,4706.0400390625,4801.0400390625,2768540000,-0.03578399297769859
2015-08-24,4526.25,4526.25,4694.89990234375,4292.14013671875,4351.60986328125,3508840000,-0.0389530162593423
2015-08-25,4506.490234375,4506.490234375,4689.5400390625,4506.10009765625,4687.27001953125,2612800000,-0.004375150094499521
2015-08-26,4697.5400390625,4697.5400390625,4703.97021484375,4530.02978515625,4633.509765625,2631660000,0.041520343749180136
2015-08-27,4812.7099609375,4812.7099609375,4818.7099609375,4721.7900390625,4761.0498046875,2368880000,0.024221351156577062
2015-08-28,4828.31982421875,4828.31982421875,4836.77978515625,4788.3798828125,4792.10986328125,1936540000,0.003238217756731906
2015-08-31,4776.509765625,4776.509765625,4824.60986328125,4763.419921875,4798.68017578125,1839010000,-0.010788439425055436
2015-09-01,4636.10009765625,4636.10009765625,4722.1298828125,4614.91015625,4673.60986328125,2253750000,-0.02983658861222784
2015-09-02,4749.97998046875,4749.97998046875,4749.97998046875,4659.41015625,4704.419921875,1929080000,0.02426688677108994
2015-09-03,4733.5,4733.5,4800.18017578125,4721.91015625,4763.10009765625,1803320000,-0.0034755168127015156
2015-09-04,4683.919921875,4683.919921875,4712.669921875,4657.81982421875,4670.35009765625,1574720000,-0.010529537095898005
2015-09-08,4811.93017578125,4811.93017578125,4815.0400390625,4754.89013671875,4769.72021484375,1765600000,0.026962938080094943
2015-09-09,4756.52978515625,4756.52978515625,4862.8798828125,4746.72998046875,4856.27001953125,1963750000,-0.011579921936066016
2015-09-10,4796.25,4796.25,4826.330078125,4746.52001953125,4749.9599609375,1845770000,0.00831599694408536
2015-09-11,4822.33984375,4822.33984375,4822.33984375,4763.14990234375,4770.72998046875,1686190000,0.005424892454705339
2015-09-14,4805.759765625,4805.759765625,4832.0,4791.080078125,4831.97998046875,1467740000,-0.0034441053140056945
2015-09-15,4860.52001953125,4860.52001953125,4872.35009765625,4802.08984375,4819.31982421875,1587460000,0.011330282372145685
2015-09-16,4889.240234375,4889.240234375,4893.43994140625,4848.14990234375,4860.43017578125,1666380000,0.005891488030084446
2015-09-17,4893.9501953125,4893.9501953125,4960.8701171875,4880.5,4884.10986328125,1891510000,0.0009628681635588548
2015-09-18,4827.22998046875,4827.22998046875,4878.7099609375,4819.08984375,4828.7099609375,3272150000,-0.013726988145326307
2015-09-21,4828.9501953125,4828.9501953125,4881.4599609375,4795.91015625,4851.97998046875,2021530000,0.00035629303319383634
2015-09-22,4756.72021484375,4756.72021484375,4776.27978515625,4716.91015625,4762.2900390625,2042880000,-0.01507069291567301
2015-09-23,4752.740234375,4752.740234375,4780.64013671875,4735.1298828125,4764.68994140625,1606330000,-0.0008370571016913785
2015-09-24,4734.47998046875,4734.47998046875,4746.2099609375,4670.1201171875,4717.89013671875,1995820000,-0.0038494471597518244
2015-09-25,4686.5,4686.5,4785.22021484375,4659.47998046875,4782.41015625,2050530000,-0.010185860791861522
2015-09-28,4543.97021484375,4543.97021484375,4665.2099609375,4529.41015625,4665.06005859375,2387610000,-0.030884908638957417
2015-09-29,4517.31982421875,4517.31982421875,4596.06005859375,4487.06005859375,4551.0400390625,2293450000,-0.00588226783480372
2015-09-30,4620.16015625,4620.16015625,4620.16015625,4559.18017578125,4574.3798828125,2398350000,0.022510511617136644
2015-10-01,4627.080078125,4627.080078125,4628.22998046875,4559.2099609375,4624.4599609375,2133990000,0.0014966461325328425
2015-10-02,4707.77978515625,4707.77978515625,4707.77978515625,4552.33984375,4566.1298828125,2183320000,0.01729039721802811
2015-10-05,4781.259765625,4781.259765625,4785.91015625,4740.240234375,4742.1298828125,2005320000,0.015487647375943183
2015-10-06,4748.35986328125,4748.35986328125,4783.3701171875,4711.7900390625,4767.6298828125,2085020000,-0.006904794595511248
2015-10-07,4791.14990234375,4791.14990234375,4791.14990234375,4728.7099609375,4775.0498046875,2149890000,0.008971179253292756
2015-10-08,4810.7900390625,4810.7900390625,4819.06982421875,4737.93017578125,4775.06005859375,1984230000,0.004090874183511055
2015-10-09,4830.47021484375,4830.47021484375,4841.3798828125,4804.58984375,4817.27978515625,1804260000,0.004082495980133249
2015-10-12,4838.64013671875,4838.64013671875,4846.740234375,4818.169921875,4839.7900390625,1343820000,0.0016899018673344251
2015-10-13,4796.60986328125,4796.60986328125,4858.27978515625,4793.919921875,4809.240234375,1565060000,-0.008724327864418516
2015-10-14,4782.85009765625,4782.85009765625,4820.08984375,4771.6201171875,4801.35009765625,1902460000,-0.002872766344687792
2015-10-15,4870.10009765625,4870.10009765625,4870.10009765625,4795.2900390625,4799.43017578125,1942900000,0.01807786726285376
2015-10-16,4886.68994140625,4886.68994140625,4886.9501953125,4851.27978515625,4872.35986328125,1855290000,0.0034006798694076763
2015-10-19,4905.47021484375,4905.47021484375,4915.490234375,4865.830078125,4873.5400390625,1619920000,0.0038357821286325745
2015-10-20,4880.97021484375,4880.97021484375,4909.3701171875,4866.60009765625,4900.02001953125,1711700000,-0.005006938193600329
2015-10-21,4840.1201171875,4840.1201171875,4904.85009765625,4836.4599609375,4903.97998046875,1895390000,-0.00840447659991879
2015-10-22,4920.0498046875,4920.0498046875,4926.990234375,4861.7998046875,4875.9599609375,2156040000,0.016379115335632036
2015-10-23,5031.85986328125,5031.85986328125,5048.5498046875,4999.5400390625,5024.3798828125,2178270000,0.022471016543952418
2015-10-26,5034.7001953125,5034.7001953125,5045.16015625,5012.740234375,5030.7998046875,1758690000,0.0005643103682076387
2015-10-27,5030.14990234375,5030.14990234375,5040.080078125,5009.06982421875,5018.990234375,1986840000,-0.0009041949427194023
2015-10-28,5095.68994140625,5095.68994140625,5095.68994140625,5019.60009765625,5040.3798828125,2141130000,0.01294528756932929
2015-10-29,5074.27001953125,5074.27001953125,5084.6298828125,5066.89013671875,5071.0400390625,1928310000,-0.004212396829623938
2015-10-30,5053.75,5053.75,5085.22021484375,5053.75,5079.759765625,2016390000,-0.004052134093246162
2015-11-02,5127.14990234375,5127.14990234375,5130.509765625,5061.47021484375,5065.64013671875,1888180000,0.014419388229223845
2015-11-03,5145.1298828125,5145.1298828125,5163.47021484375,5109.68017578125,5114.31005859375,2028630000,0.003500683238098253
2015-11-04,5142.47998046875,5142.47998046875,5162.56982421875,5122.77978515625,5155.6201171875,2096110000,-0.000515163859744258
2015-11-05,5127.740234375,5127.740234375,5154.85986328125,5098.490234375,5144.14990234375,2054490000,-0.002870387568255252
2015-11-06,5147.1201171875,5147.1201171875,5147.1201171875,5092.8701171875,5124.0400390625,2066430000,0.0037722957064239768
2015-11-09,5095.2998046875,5095.2998046875,5133.43994140625,5066.10009765625,5128.93994140625,1850770000,-0.010118849853096436
2015-11-10,5083.240234375,5083.240234375,5086.8798828125,5051.22021484375,5068.5498046875,1906120000,-0.0023696081970764615
2015-11-11,5067.02001953125,5067.02001953125,5111.18994140625,5066.68017578125,5098.1298828125,1672340000,-0.003196022219108344
2015-11-12,5005.080078125,5005.080078125,5062.490234375,5004.4599609375,5043.10009765625,1820930000,-0.012299465184743001
2015-11-13,4927.8798828125,4927.8798828125,4989.06005859375,4925.35009765625,4980.85986328125,2001050000,-0.015544560759690164
2015-11-16,4984.6201171875,4984.6201171875,4984.91015625,4908.66015625,4916.14013671875,1819190000,0.011448343827129764
2015-11-17,4986.02001953125,4986.02001953125,5023.4501953125,4975.740234375,4991.7099609375,1861710000,0.0002808049099663019
2015-11-18,5075.2001953125,5075.2001953125,5078.7998046875,5001.669921875,5004.60009765625,2017390000,0.017727971260069652
2015-11-19,5073.64013671875,5073.64013671875,5092.4599609375,5067.27001953125,5078.669921875,1794110000,-0.00030743583601640655
2015-11-20,5104.919921875,5104.919921875,5112.4599609375,5094.31982421875,5096.9599609375,1766630000,0.006146229613078286
2015-11-23,5102.47998046875,5102.47998046875,5128.080078125,5084.85009765625,5106.72021484375,1668280000,-0.00047807305994961957
2015-11-24,5102.81005859375,5102.81005859375,5110.75,5050.14013671875,5070.66015625,1956920000,6.468765196316936e-05
2015-11-25,5116.14013671875,5116.14013671875,5124.08984375,5101.18017578125,5106.8701171875,1539300000,0.002608895323095157
2015-11-27,5127.52001953125,5127.52001953125,5134.35009765625,5108.509765625,5121.93017578125,781730000,0.0022218401080058682
2015-11-30,5108.669921875,5108.669921875,5141.35986328125,5098.7001953125,5139.580078125,2244550000,-0.0036830342289864365
2015-12-01,5156.31005859375,5156.31005859375,5156.31005859375,5120.169921875,5129.64013671875,2035570000,0.009282137687060984
2015-12-02,5123.22021484375,5123.22021484375,5176.77001953125,5117.14990234375,5158.81982421875,2060340000,-0.006438029202239512
2015-12-03,5037.52978515625,5037.52978515625,5144.60009765625,5011.72021484375,5143.16015625,2088100000,-0.01686734961662725
2015-12-04,5142.27001953125,5142.27001953125,5147.0,5043.490234375,5050.93017578125,1897490000,0.02057878007337099
2015-12-07,5101.81005859375,5101.81005859375,5139.77978515625,5082.22998046875,5139.4599609375,1952690000,-0.007899229801642132
2015-12-08,5098.240234375,5098.240234375,5111.72998046875,5045.72998046875,5050.52001953125,1871450000,-0.0006999621103756436
2015-12-09,5022.8701171875,5022.8701171875,5106.3701171875,5000.1201171875,5077.2099609375,2003450000,-0.014893921286645023
2015-12-10,5045.169921875,5045.169921875,5075.64990234375,5019.31005859375,5026.2998046875,1746520000,0.004429827666043689
2015-12-11,4933.47021484375,4933.47021484375,4996.18994140625,4928.669921875,4979.77001953125,2084950000,-0.022388696513026583
2015-12-14,4952.22998046875,4952.22998046875,4953.60009765625,4871.58984375,4932.60986328125,2216060000,0.0037953382710895073
2015-12-15,4995.35986328125,4995.35986328125,5026.5400390625,4986.990234375,4991.2099609375,2054710000,0.008671477966132567
2015-12-16,5071.1298828125,5071.1298828125,5078.990234375,4992.6298828125,5033.47998046875,2036610000,0.01505419513839498
2015-12-17,5002.5498046875,5002.5498046875,5088.580078125,5002.5498046875,5087.169921875,1897220000,-0.013615905959056485
2015-12-18,4923.080078125,4923.080078125,4996.490234375,4921.330078125,4982.580078125,3765210000,-0.016013376618641068
2015-12-21,4968.919921875,4968.919921875,4968.919921875,4928.93017578125,4957.52978515625,1673400000,0.009268130181899955
2015-12-22,5001.10986328125,5001.10986328125,5007.77001953125,4964.080078125,4988.68017578125,1556670000,0.006457363509095071
2015-12-23,5045.93017578125,5045.93017578125,5046.08984375,5020.43994140625,5025.5498046875,1591490000,0.008922152126664282
2015-12-24,5048.490234375,5048.490234375,5063.27978515625,5043.64990234375,5046.18994140625,706880000,0.0005072225139466807
2015-12-28,5040.990234375,5040.990234375,5041.27001953125,4999.06982421875,5032.2900390625,1310650000,-0.0014866972396938064
2015-12-29,5107.93994140625,5107.93994140625,5116.990234375,5065.89013671875,5066.52001953125,1383470000,0.013193642490866126
2015-12-30,5065.85009765625,5065.85009765625,5102.35009765625,5065.68017578125,5101.18017578125,1247530000,-0.008274219090457786
2015-12-31,5007.41015625,5007.41015625,5058.06005859375,5007.009765625,5047.0400390625,1437480000,-0.011603114699755264
2016-01-04,4903.08984375,4903.08984375,4903.08984375,4846.97998046875,4897.64990234375,2218420000,-0.02105325981816498
2016-01-05,4891.43017578125,4891.43017578125,4926.72998046875,4872.740234375,4917.83984375,1927380000,-0.00238085653063411
2016-01-06,4835.759765625,4835.759765625,4866.0400390625,4804.68994140625,4813.759765625,2168620000,-0.011446474948399683
2016-01-07,4689.43017578125,4689.43017578125,4788.02001953125,4688.169921875,4736.39990234375,2552590000,-0.030727177886918255
2016-01-08,4643.6298828125,4643.6298828125,4742.56982421875,4637.85009765625,4722.02001953125,2288750000,-0.009814714646046987
2016-01-11,4637.990234375,4637.990234375,4683.02001953125,4573.77978515625,4673.43994140625,2391110000,-0.001215229466481054
2016-01-12,4685.919921875,4685.919921875,4714.7998046875,4618.02978515625,4681.5400390625,2147470000,0.010281117874848388
2016-01-13,4526.06005859375,4526.06005859375,4713.97998046875,4517.56005859375,4706.02001953125,2533200000,-0.03471043432965842
2016-01-14,4615.0,4615.0,4650.5498046875,4470.58984375,4545.3701171875,2565560000,0.019460051146634988
2016-01-15,4488.419921875,4488.419921875,4520.4501953125,4419.41015625,4464.3701171875,2818630000,-0.02781113863122749
2016-01-19,4476.9501953125,4476.9501953125,4550.56982421875,4430.77001953125,4548.0498046875,2394550000,-0.0025586746938705243
2016-01-20,4471.68994140625,4471.68994140625,4514.919921875,4313.39013671875,4405.22021484375,3204130000,-0.0011756544976131913
2016-01-21,4472.06005859375,4472.06005859375,4537.14990234375,4432.02001953125,4480.7001953125,2447750000,8.27655486147231e-05
2016-01-22,4591.18017578125,4591.18017578125,4591.18017578125,4540.27001953125,4557.39013671875,2153340000,0.026287944248924108
2016-01-25,4518.490234375,4518.490234375,4590.43994140625,4514.77978515625,4574.58984375,2028880000,-0.015959190825839804
2016-01-26,4567.669921875,4567.669921875,4583.2099609375,4503.52978515625,4537.0400390625,1981180000,0.010825291855182485
2016-01-27,4468.169921875,4468.169921875,4568.85009765625,4450.830078125,4548.8701171875,2115710000,-0.02202429961686028
2016-01-28,4506.68017578125,4506.68017578125,4533.81005859375,4447.5,4533.81005859375,2322310000,0.00858186818468703
2016-01-29,4613.9501953125,4613.9501953125,4613.9501953125,4511.2998046875,4512.08984375,2617550000,0.023523585912589934
2016-02-01,4620.3701171875,4620.3701171875,4636.93017578125,4565.3701171875,4587.58984375,1983340000,0.0013904483908008852
2016-02-02,4516.9501953125,4516.9501953125,4589.89990234375,4503.1201171875,4588.68994140625,2185180000,-0.022637783272873736
2016-02-03,4504.240234375,4504.240234375,4547.31982421875,4424.47021484375,4543.81982421875,2466190000,-0.0028178031372544394
2016-02-04,4509.56005859375,4509.56005859375,4545.52001953125,4463.990234375,4492.47998046875,2200930000,0.001180373352750572
2016-02-05,4363.14013671875,4363.14013671875,4493.18994140625,4350.3701171875,4491.47998046875,2489280000,-0.033007587798383045
2016-02-08,4283.75,4283.75,4301.52978515625,4212.81005859375,4288.02001953125,2702070000,-0.018363218767761057
2016-02-09,4268.759765625,4268.759765625,4329.60986328125,4222.47998046875,4224.8701171875,2465790000,-0.003505462171017437
2016-02-10,4283.58984375,4283.58984375,4369.6201171875,4280.72998046875,4318.27978515625,2448380000,0.003468074544767209
2016-02-11,4266.83984375,4266.83984375,4293.22021484375,4209.759765625,4218.81005859375,2812330000,-0.003917936767749156
2016-02-12,4337.509765625,4337.509765625,4340.1298828125,4274.14990234375,4307.2900390625,1983190000,0.01642692689868321
2016-02-16,4435.9599609375,4435.9599609375,4435.9599609375,4376.52001953125,4397.9501953125,2117920000,0.022443646797676027
2016-02-17,4534.06005859375,4534.06005859375,4540.77978515625,4463.509765625,4471.66015625,2296440000,0.021873754759793362
2016-02-18,4487.5400390625,4487.5400390625,4548.47021484375,4482.77001953125,4548.10009765625,1955870000,-0.010313122140480939
2016-02-19,4504.43017578125,4504.43017578125,4513.14990234375,4455.10009765625,4464.669921875,1903770000,0.0037567198687986944
2016-02-22,4570.60986328125,4570.60986328125,4576.47021484375,4546.5498046875,4548.31005859375,1794020000,0.014585249301074063
2016-02-23,4503.580078125,4503.580078125,4558.06005859375,4500.93994140625,4550.0498046875,1777750000,-0.014773991905669753
2016-02-24,4542.60986328125,4542.60986328125,4547.64013671875,4425.72021484375,4453.93017578125,1978180000,0.008629053245707105
2016-02-25,4582.2001953125,4582.2001953125,4582.2001953125,4516.89013671875,4554.72998046875,1667840000,0.008677568126167793
2016-02-26,4590.47021484375,4590.47021484375,4618.85009765625,4580.77978515625,4615.14013671875,1814920000,0.0018031873821418116
2016-02-29,4557.9501953125,4557.9501953125,4619.89990234375,4557.4599609375,4585.2998046875,2065260000,-0.007109458255860044
2016-03-01,4689.60009765625,4689.60009765625,4689.60009765625,4581.75,4596.009765625,2080150000,0.028474307907781455
2016-03-02,4703.419921875,4703.419921875,4703.580078125,4665.93017578125,4683.7998046875,1912510000,0.0029425752658630484
2016-03-03,4707.419921875,4707.419921875,4707.72021484375,4674.4599609375,4698.3798828125,1936290000,0.0008500835860122266
2016-03-04,4717.02001953125,4717.02001953125,4746.64990234375,4687.93994140625,4715.759765625,2171230000,0.0020372777663968103
2016-03-07,4708.25,4708.25,4731.18994140625,4674.81982421875,4690.8798828125,2084390000,-0.0018609593240473826
2016-03-08,4648.81982421875,4648.81982421875,4695.0400390625,4642.85986328125,4676.22021484375,1993060000,-0.012702902949720318
2016-03-09,4674.3798828125,4674.3798828125,4676.47021484375,4642.419921875,4666.419921875,1789550000,0.005483122411772973
2016-03-10,4662.16015625,4662.16015625,4716.14013671875,4607.990234375,4691.2001953125,1936470000,-0.002617614981298026
2016-03-11,4748.47021484375,4748.47021484375,4748.7900390625,4700.91015625,4712.3798828125,1801790000,0.018343612567710766
2016-03-14,4750.27978515625,4750.27978515625,4762.27001953125,4731.509765625,4733.39013671875,1615100000,0.0003810123088598002
2016-03-15,4728.669921875,4728.669921875,4735.27001953125,4712.06982421875,4731.14013671875,1692420000,-0.004559555939723083
2016-03-16,4763.97021484375,4763.97021484375,4774.77978515625,4716.4501953125,4717.8798828125,1781060000,0.0074374368313127655
2016-03-17,4774.990234375,4774.990234375,4788.08984375,4737.97021484375,4752.6201171875,1907190000,0.0023105294318995265
2016-03-18,4795.64990234375,4795.64990234375,4804.580078125,4772.41015625,4784.6298828125,2829040000,0.004317307884006706
2016-03-21,4808.8701171875,4808.8701171875,4814.85009765625,4785.3798828125,4787.31005859375,1609230000,0.0027529169945064154
2016-03-22,4821.66015625,4821.66015625,4835.60009765625,4781.7099609375,4783.60009765625,1596200000,0.002656145865066571
2016-03-23,4768.85986328125,4768.85986328125,4816.669921875,4765.3701171875,4813.8701171875,1732630000,-0.01101104556016765
2016-03-24,4773.5,4773.5,4773.5,4734.77001953125,4743.35986328125,1590990000,0.0009725344990047201
2016-03-28,4766.7900390625,4766.7900390625,4787.39013671875,4760.009765625,4785.25,1381000000,-0.0014066578723361705
2016-03-29,4846.6201171875,4846.6201171875,4849.31005859375,4749.77978515625,4756.5498046875,1806490000,0.016608448375786084
2016-03-30,4869.2900390625,4869.2900390625,4899.14013671875,4859.35009765625,4875.4599609375,1717820000,0.004666564974423809
2016-03-31,4869.85009765625,4869.85009765625,4891.2998046875,4864.41015625,4869.56982421875,1774270000,0.00011501191819908964
2016-04-01,4914.5400390625,4914.5400390625,4917.08984375,4832.06005859375,4842.5498046875,1812250000,0.009135010267731267
2016-04-04,4891.7998046875,4891.7998046875,4917.75,4885.169921875,4911.2099609375,1705730000,-0.0046378721314822985
2016-04-05,4843.93017578125,4843.93017578125,4872.7001953125,4838.6201171875,4855.89990234375,1726010000,-0.009833882979920184
2016-04-06,4920.72021484375,4920.72021484375,4921.509765625,4849.27978515625,4849.580078125,1761770000,0.015728493913449985
2016-04-07,4848.3701171875,4848.3701171875,4901.490234375,4831.490234375,4893.56982421875,1908940000,-0.014812314764514955
2016-04-08,4850.68994140625,4850.68994140625,4892.60009765625,4835.35986328125,4883.990234375,1588830000,0.00047836063473630187
2016-04-11,4833.39990234375,4833.39990234375,4897.5498046875,4833.39990234375,4873.39013671875,1545540000,-0.003570817229743326
2016-04-12,4872.08984375,4872.08984375,4879.60009765625,4808.91015625,4838.81982421875,1759280000,0.007972837510671281
2016-04-13,4947.419921875,4947.419921875,4951.91015625,4903.60009765625,4904.7900390625,1936450000,0.015343241717122319
2016-04-14,4945.89013671875,4945.89013671875,4961.2998046875,4931.81005859375,4947.6201171875,1645810000,-0.0003092564893614197
2016-04-15,4938.22021484375,4938.22021484375,4950.43017578125,4925.4599609375,4938.830078125,1684790000,-0.0015519704134578382
2016-04-18,4960.02001953125,4960.02001953125,4960.7900390625,4915.6298828125,4919.35986328125,1672260000,0.0044047910372524675
2016-04-19,4940.330078125,4940.330078125,4968.669921875,4915.52001953125,4968.2998046875,1824250000,-0.003977630522650901
2016-04-20,4948.1298828125,4948.1298828125,4969.31982421875,4928.2900390625,4941.990234375,1781340000,0.0015775573417737738
2016-04-21,4945.89013671875,4945.89013671875,4966.60986328125,4932.64013671875,4949.1201171875,1758190000,-0.00045274744291748994
2016-04-22,4906.22998046875,4906.22998046875,4921.66015625,4872.02001953125,4898.240234375,2018930000,-0.008051134174468653
2016-04-25,4895.7900390625,4895.7900390625,4904.8701171875,4878.3701171875,4891.47998046875,1582270000,-0.0021301620141825606
2016-04-26,4888.27978515625,4888.27978515625,4915.0,4875.419921875,4903.81005859375,1825020000,-0.0015352006917815366
2016-04-27,4863.14013671875,4863.14013671875,4872.91015625,4826.3798828125,4855.3798828125,1938780000,-0.005156111486265541
2016-04-28,4805.2900390625,4805.2900390625,4889.16015625,4796.31982421875,4857.60009765625,2161400000,-0.011966945405786855
2016-04-29,4775.35986328125,4775.35986328125,4807.89013671875,4740.83984375,4805.7900390625,2376460000,-0.006248067397302258
2016-05-02,4817.58984375,4817.58984375,4821.56982421875,4768.27978515625,4786.5498046875,1880460000,0.008804435456671821
2016-05-03,4763.22021484375,4763.22021484375,4791.43017578125,4749.7099609375,4780.8798828125,1984340000,-0.011349815354398132
2016-05-04,4725.64013671875,4725.64013671875,4751.64013671875,4713.91015625,4735.27978515625,1950800000,-0.007920924793264164
2016-05-05,4717.08984375,4717.08984375,4744.5498046875,4709.75,4742.419921875,1888350000,-0.0018109795203852315
2016-05-06,4736.16015625,4736.16015625,4736.16015625,4684.27978515625,4695.89990234375,1860800000,0.004034662866140923
2016-05-09,4750.2099609375,4750.2099609375,4771.93994140625,4735.06005859375,4736.35009765625,1625100000,0.0029621055865979673
2016-05-10,4809.8798828125,4809.8798828125,4811.2998046875,4758.2001953125,4768.91015625,1760120000,0.01248329204531247
2016-05-11,4760.68994140625,4760.68994140625,4812.18994140625,4760.35986328125,4799.2998046875,1859110000,-0.010279508004299562
2016-05-12,4737.330078125,4737.330078125,4779.4599609375,4710.169921875,4778.18994140625,1930450000,-0.004918901062255732
2016-05-13,4717.68017578125,4717.68017578125,4759.2900390625,4708.259765625,4731.06982421875,1698030000,-0.0041565117554259534
2016-05-16,4775.4599609375,4775.4599609375,4791.25,4724.72998046875,4728.85986328125,1741510000,0.012173105595842025
2016-05-17,4715.72998046875,4715.72998046875,4776.14990234375,4703.39013671875,4768.85009765625,1925230000,-0.01258657120541064
2016-05-18,4739.1201171875,4739.1201171875,4762.27978515625,4704.490234375,4705.77978515625,1934100000,0.004947764204348395
2016-05-19,4712.52978515625,4712.52978515625,4735.27001953125,4678.3798828125,4717.35986328125,1805890000,-0.005626615978684536
2016-05-20,4769.56005859375,4769.56005859375,4781.7001953125,4729.0,4729.43994140625,1970520000,0.012029196532226031
2016-05-23,4765.77978515625,4765.77978515625,4792.64013671875,4763.91015625,4771.56982421875,1865110000,-0.0007928975154521239
2016-05-24,4861.06005859375,4861.06005859375,4865.990234375,4792.6298828125,4792.85009765625,1942280000,0.01979536095162359
2016-05-25,4894.89013671875,4894.89013671875,4905.4501953125,4872.419921875,4877.18017578125,1784420000,0.006935298570664997
2016-05-26,4901.77001953125,4901.77001953125,4909.3798828125,4887.27001953125,4897.77978515625,1606250000,0.0014045366142703094
2016-05-27,4933.5,4933.5,4933.5,4902.5,4904.0498046875,1505020000,0.006452306950036499
2016-05-31,4948.0498046875,4948.0498046875,4951.4501953125,4923.02978515625,4938.47998046875,2285350000,0.0029448447844467093
2016-06-01,4952.25,4952.25,4958.97998046875,4923.2001953125,4928.97021484375,1797090000,0.000848498661122494
2016-06-02,4971.35986328125,4971.35986328125,4971.35986328125,4924.22998046875,4941.25,1729050000,0.0038513982646103694
2016-06-03,4942.52001953125,4942.52001953125,4958.64990234375,4909.2099609375,4958.10009765625,1697840000,-0.00581809048398313
2016-06-06,4968.7099609375,4968.7099609375,4980.14013671875,4944.8701171875,4950.4599609375,1663840000,0.0052849146706565615
2016-06-07,4961.75,4961.75,4979.3798828125,4960.27978515625,4972.1298828125,1747760000,-0.0014017401217061942
2016-06-08,4974.64013671875,4974.64013671875,4979.66015625,4956.7900390625,4970.009765625,1692640000,0.002594532576182138
2016-06-09,4958.6201171875,4958.6201171875,4965.490234375,4940.5498046875,4954.14990234375,1632340000,-0.003225533814921624
2016-06-10,4894.5498046875,4894.5498046875,4917.919921875,4880.60986328125,4915.14990234375,1822200000,-0.013005198540335383
2016-06-13,4848.43994140625,4848.43994140625,4894.85009765625,4844.93994140625,4868.509765625,1888300000,-0.009465309671663577
2016-06-14,4843.5498046875,4843.5498046875,4863.009765625,4811.93017578125,4836.669921875,1919710000,-0.0010091090192682806
2016-06-15,4834.93017578125,4834.93017578125,4868.16015625,4830.330078125,4855.080078125,1802200000,-0.0017811952295341933
2016-06-16,4844.919921875,4844.919921875,4847.85986328125,4778.77978515625,4809.68994140625,1851770000,0.002064029822674692
2016-06-17,4800.33984375,4800.33984375,4835.02001953125,4792.33984375,4835.02001953125,2638220000,-0.00924400102452651
2016-06-20,4837.2099609375,4837.2099609375,4882.14990234375,4834.509765625,4856.68994140625,1779560000,0.007651383974256576
2016-06-21,4843.759765625,4843.759765625,4852.18994140625,4826.58984375,4845.080078125,1698080000,0.001353130083425156
2016-06-22,4833.31982421875,4833.31982421875,4875.93017578125,4830.0,4846.68017578125,1682220000,-0.0021576644812310555
2016-06-23,4910.0400390625,4910.0400390625,4910.0400390625,4859.39990234375,4872.18994140625,1738570000,0.015748530603105618
2016-06-24,4707.97998046875,4707.97998046875,4798.22021484375,4698.419921875,4715.7900390625,4411040000,-0.042023159216289026
2016-06-27,4594.43994140625,4594.43994140625,4665.0400390625,4574.25,4664.43017578125,2659650000,-0.024412073124153194
2016-06-28,4691.8701171875,4691.8701171875,4692.97998046875,4643.93017578125,4643.93017578125,2074090000,0.020984384621285067
2016-06-29,4779.25,4779.25,4787.58984375,4732.33984375,4732.93017578125,2116550000,0.018452381777753345
2016-06-30,4842.669921875,4842.669921875,4843.10986328125,4774.52001953125,4793.75,2171180000,0.013182574956962055
2016-07-01,4862.56982421875,4862.56982421875,4880.169921875,4837.169921875,4837.18017578125,1745130000,0.004100863194015816
2016-07-05,4822.89990234375,4822.89990234375,4839.1298828125,4797.2900390625,4837.06005859375,1690340000,-0.008191681937534086
2016-07-06,4859.16015625,4859.16015625,4861.0498046875,4786.009765625,4799.31982421875,1876090000,0.0074902289830894656
2016-07-07,4876.81005859375,4876.81005859375,4889.009765625,4853.68017578125,4867.47021484375,1672770000,0.003625713984213417
2016-07-08,4956.759765625,4956.759765625,4959.0,4901.27001953125,4906.66015625,1947260000,0.016260924593800852
2016-07-11,4988.64013671875,4988.64013671875,5002.5,4976.5400390625,4976.5400390625,1718450000,0.006411100730562091
2016-07-12,5022.81982421875,5022.81982421875,5032.10009765625,5009.68017578125,5017.990234375,1866280000,0.0068281390389143765
2016-07-13,5005.72998046875,5005.72998046875,5036.3798828125,5002.81982421875,5036.31982421875,1650820000,-0.003408241595436939
2016-07-14,5034.06005859375,5034.06005859375,5045.18017578125,5025.14990234375,5041.9501953125,1641170000,0.005643574857110462
2016-07-15,5029.58984375,5029.58984375,5044.81005859375,5018.52001953125,5041.18994140625,1610300000,-0.0008883884437818029
2016-07-18,5055.77978515625,5055.77978515625,5063.52978515625,5030.1298828125,5034.990234375,1585570000,0.00519366195603866
2016-07-19,5036.3701171875,5036.3701171875,5052.240234375,5028.240234375,5038.22021484375,1694740000,-0.0038464929847230544
2016-07-20,5089.93017578125,5089.93017578125,5098.25,5053.919921875,5061.60009765625,1877330000,0.010578504786948854
2016-07-21,5073.89990234375,5073.89990234375,5102.77978515625,5061.10986328125,5093.97021484375,1880310000,-0.00315437912798466
2016-07-22,5100.16015625,5100.16015625,5103.52001953125,5064.10986328125,5078.1201171875,1639000000,0.00516220900429856
2016-07-25,5097.6298828125,5097.6298828125,5100.72021484375,5082.66015625,5096.990234375,1770620000,-0.0004962395734236541
2016-07-26,5110.0498046875,5110.0498046875,5122.2998046875,5084.18017578125,5095.60986328125,2038060000,0.002433447832242736
2016-07-27,5139.81005859375,5139.81005859375,5151.06005859375,5120.66015625,5143.83984375,2122250000,0.0058069745209869406
2016-07-28,5154.97998046875,5154.97998046875,5160.16015625,5130.75,5144.81982421875,1950910000,0.002947108740875199
2016-07-29,5162.1298828125,5162.1298828125,5175.81005859375,5140.0498046875,5162.14990234375,2072640000,0.0013860283709532504
2016-08-01,5184.2001953125,5184.2001953125,5199.1298828125,5158.93017578125,5167.419921875,1866590000,0.004266313912137412
2016-08-02,5137.72998046875,5137.72998046875,5181.02001953125,5109.7998046875,5177.52978515625,2142010000,-0.00900423235208438
2016-08-03,5159.740234375,5159.740234375,5159.740234375,5128.43994140625,5133.240234375,1909470000,0.004274892175701501
2016-08-04,5166.25,5166.25,5174.0,5145.39013671875,5158.02001953125,1930000000,0.0012608507929310444
2016-08-05,5221.1201171875,5221.1201171875,5227.22998046875,5186.25,5190.7099609375,2017720000,0.010564873868038848
2016-08-08,5213.14013671875,5213.14013671875,5228.39990234375,5202.18017578125,5223.5400390625,1624450000,-0.0015295731236123838
2016-08-09,5225.47998046875,5225.47998046875,5238.5400390625,5214.9501953125,5216.2099609375,1664320000,0.0023642683342312877
2016-08-10,5204.580078125,5204.580078125,5227.9599609375,5193.7998046875,5227.9501953125,1651240000,-0.004007633743110304
2016-08-11,5228.39990234375,5228.39990234375,5235.2900390625,5211.25,5222.14990234375,1511670000,0.0045662630718698435
2016-08-12,5232.89013671875,5232.89013671875,5233.33984375,5215.5498046875,5219.66015625,1501620000,0.0008584475975684687
2016-08-15,5262.02001953125,5262.02001953125,5271.35986328125,5241.14013671875,5242.18017578125,1533170000,0.0055512543100111455
2016-08-16,5227.10986328125,5227.10986328125,5248.259765625,5226.77978515625,5247.9599609375,1698390000,-0.006656469228918029
2016-08-17,5228.66015625,5228.66015625,5230.08984375,5197.22998046875,5228.43994140625,1747890000,0.00029654305272874885
2016-08-18,5240.14990234375,5240.14990234375,5243.169921875,5221.83984375,5226.4501953125,1659080000,0.002195044258666415
2016-08-19,5238.3798828125,5238.3798828125,5245.81005859375,5217.64990234375,5229.8701171875,1632740000,-0.0003378373845140268
2016-08-22,5244.60009765625,5244.60009765625,5252.1298828125,5224.6298828125,5231.4599609375,1560210000,0.0011867265959381982
2016-08-23,5260.080078125,5260.080078125,5275.740234375,5257.89990234375,5265.77978515625,1547050000,0.0029472561591690305
2016-08-24,5217.68994140625,5217.68994140625,5262.990234375,5205.64013671875,5254.419921875,1714780000,-0.008091486627520059
2016-08-25,5212.2001953125,5212.2001953125,5230.58984375,5201.64013671875,5207.60986328125,1511890000,-0.0010526950003789952
2016-08-26,5218.919921875,5218.919921875,5253.39013671875,5191.85986328125,5219.0498046875,1591060000,0.0012883999832339786
2016-08-29,5232.330078125,5232.330078125,5245.1201171875,5222.33984375,5223.7998046875,1416640000,0.0025662315243498157
2016-08-30,5222.990234375,5222.990234375,5241.6201171875,5205.60986328125,5229.8798828125,1561020000,-0.0017866207739694767
2016-08-31,5213.22021484375,5213.22021484375,5219.89013671875,5191.18017578125,5216.419921875,1761770000,-0.001872331423931779
2016-09-01,5227.2099609375,5227.2099609375,5229.93994140625,5189.35986328125,5218.27978515625,1592520000,0.002679919166362643
2016-09-02,5249.89990234375,5249.89990234375,5263.39013671875,5231.02001953125,5249.66015625,1474200000,0.004331342741513816
2016-09-06,5275.91015625,5275.91015625,5275.91015625,5244.0,5260.0,1777940000,0.004942195746225562
2016-09-07,5283.93017578125,5283.93017578125,5287.60986328125,5261.919921875,5274.22998046875,1878460000,0.0015189663519711233
2016-09-08,5259.47998046875,5259.47998046875,5271.009765625,5248.41015625,5269.9599609375,1839790000,-0.00463801346613593
2016-09-09,5125.91015625,5125.91015625,5225.93017578125,5125.91015625,5217.9501953125,2208690000,-0.025724058113203104
2016-09-12,5211.89013671875,5211.89013671875,5217.8798828125,5097.7998046875,5098.02978515625,2007610000,0.016634479409598876
2016-09-13,5155.25,5155.25,5195.02978515625,5131.27001953125,5181.14013671875,2071460000,-0.010926967231749716
2016-09-14,5173.77001953125,5173.77001953125,5201.33984375,5159.5498046875,5160.2099609375,1902680000,0.003586020618182548
2016-09-15,5249.68994140625,5249.68994140625,5254.77978515625,5176.25,5178.10009765625,1950940000,0.014567382563311129
2016-09-16,5244.56982421875,5244.56982421875,5248.60009765625,5218.97021484375,5238.7099609375,3013860000,-0.0009757939498584458
2016-09-19,5235.02978515625,5235.02978515625,5281.06982421875,5222.91015625,5263.5498046875,1792650000,-0.0018206882044092712
2016-09-20,5241.35009765625,5241.35009765625,5265.18017578125,5235.419921875,5256.18994140625,1697530000,0.0012065834453275958
2016-09-21,5295.18017578125,5295.18017578125,5299.39990234375,5233.93994140625,5263.64990234375,2001890000,0.010217888635524305
2016-09-22,5339.52001953125,5339.52001953125,5342.8798828125,5320.93017578125,5323.259765625,1914550000,0.008338758943068096
2016-09-23,5305.75,5305.75,5329.7099609375,5301.6298828125,5327.43017578125,1762700000,-0.006344626815770723
2016-09-26,5257.490234375,5257.490234375,5282.27001953125,5254.9599609375,5275.72998046875,1672190000,-0.009137367006146195
2016-09-27,5305.7099609375,5305.7099609375,5306.81005859375,5251.31982421875,5254.18017578125,1754700000,0.00912982062465914
2016-09-28,5318.5498046875,5318.5498046875,5320.6201171875,5284.83984375,5312.72998046875,1788240000,0.002417081337319876
2016-09-29,5269.14990234375,5269.14990234375,5317.0,5254.52001953125,5311.31005859375,1946150000,-0.009331632401026026
2016-09-30,5312.0,5312.0,5325.8798828125,5277.8798828125,5288.8701171875,2063260000,0.008099371485712579
2016-10-03,5300.8701171875,5300.8701171875,5308.60009765625,5281.9501953125,5300.2900390625,1606460000,-0.0020974320367323886
2016-10-04,5289.66015625,5289.66015625,5323.60009765625,5271.7001953125,5313.490234375,1711810000,-0.002116979005699607
2016-10-05,5316.02001953125,5316.02001953125,5330.81005859375,5304.06005859375,5305.27978515625,1755640000,0.004970905613495629
2016-10-06,5306.85009765625,5306.85009765625,5315.72998046875,5281.47021484375,5306.58984375,1655480000,-0.0017264494532113555
2016-10-07,5292.39990234375,5292.39990234375,5315.64990234375,5266.7998046875,5314.919921875,1647330000,-0.002726646558033629
2016-10-10,5328.669921875,5328.669921875,5340.52001953125,5317.72998046875,5318.4599609375,1365600000,0.006829850687667496
2016-10-11,5246.7900390625,5246.7900390625,5321.81982421875,5227.43017578125,5321.81982421875,1822980000,-0.01548519294316384
2016-10-12,5239.02001953125,5239.02001953125,5257.18017578125,5228.77001953125,5247.91015625,1567930000,-0.0014820068091960393
2016-10-13,5213.330078125,5213.330078125,5228.259765625,5169.759765625,5200.2998046875,1737720000,-0.004915639620973981
2016-10-14,5214.16015625,5214.16015625,5258.8798828125,5213.3701171875,5241.259765625,1593610000,0.0001592095716410208
2016-10-17,5199.81982421875,5199.81982421875,5219.97998046875,5196.02978515625,5213.68994140625,1427060000,-0.002754055821543291
2016-10-18,5243.83984375,5243.83984375,5264.27001953125,5239.43994140625,5255.31982421875,1476970000,0.0084300487804726
2016-10-19,5246.41015625,5246.41015625,5253.830078125,5234.25,5240.330078125,1548910000,0.0004900383787679619
2016-10-20,5241.830078125,5241.830078125,5252.10009765625,5216.0498046875,5238.2001953125,1745270000,-0.0008733740482264026
2016-10-21,5257.39990234375,5257.39990234375,5259.1298828125,5225.759765625,5238.64990234375,1651490000,0.002965900482440589
2016-10-24,5309.830078125,5309.830078125,5311.5,5289.22998046875,5290.31005859375,1533370000,0.009923244996880276
2016-10-25,5283.39990234375,5283.39990234375,5310.27001953125,5278.56982421875,5306.47021484375,1580830000,-0.004990023000217741
2016-10-26,5250.27001953125,5250.27001953125,5280.85009765625,5237.0498046875,5256.39990234375,1732300000,-0.006290303815896046
2016-10-27,5215.97021484375,5215.97021484375,5274.1201171875,5211.75,5272.18994140625,1926820000,-0.006554393308929373
2016-10-28,5190.10009765625,5190.10009765625,5232.35009765625,5178.759765625,5203.7001953125,1911810000,-0.004972130632893003
2016-10-31,5189.14013671875,5189.14013671875,5206.7099609375,5186.56005859375,5205.08984375,1709060000,-0.00018497711172694493
2016-11-01,5153.580078125,5153.580078125,5201.1298828125,5112.31982421875,5199.77001953125,1880920000,-0.006876372554788572
2016-11-02,5105.56982421875,5105.56982421875,5156.7001953125,5097.56005859375,5147.27978515625,2124990000,-0.009359567769968945
2016-11-03,5058.41015625,5058.41015625,5115.06005859375,5053.52001953125,5104.7001953125,2113730000,-0.00927983063513772
2016-11-04,5046.3701171875,5046.3701171875,5087.509765625,5034.41015625,5034.41015625,2020130000,-0.002383039400069733
2016-11-07,5166.169921875,5166.169921875,5169.41015625,5122.77001953125,5128.990234375,1916620000,0.023462390322630172
2016-11-08,5193.490234375,5193.490234375,5214.169921875,5145.2998046875,5154.990234375,1739440000,0.005274376846989442
2016-11-09,5251.06982421875,5251.06982421875,5258.990234375,5143.85986328125,5143.85986328125,2827570000,0.011025868556972195
2016-11-10,5208.7998046875,5208.7998046875,5302.68017578125,5145.31982421875,5283.47998046875,2986760000,-0.008082366441807399
2016-11-11,5237.10986328125,5237.10986328125,5241.080078125,5179.64013671875,5191.81982421875,2290080000,0.005420327918951786
2016-11-14,5218.39990234375,5218.39990234375,5247.169921875,5192.0498046875,5246.330078125,2371900000,-0.003578970576906871
2016-11-15,5275.6201171875,5275.6201171875,5287.06005859375,5236.25,5241.35009765625,2159180000,0.010905407427502567
2016-11-16,5294.580078125,5294.580078125,5299.6298828125,5251.8798828125,5253.740234375,2066130000,0.003587440336282725
2016-11-17,5333.97021484375,5333.97021484375,5334.0498046875,5288.16015625,5295.06982421875,2084710000,0.0074121711757329
2016-11-18,5321.509765625,5321.509765625,5346.7998046875,5315.52978515625,5340.97021484375,1865770000,-0.0023387881017850505
2016-11-21,5368.85986328125,5368.85986328125,5369.830078125,5334.16015625,5336.77978515625,1748170000,0.008858516392373136
2016-11-22,5386.35009765625,5386.35009765625,5392.259765625,5365.60009765625,5384.75,1890410000,0.003252423682390475
2016-11-23,5380.68017578125,5380.68017578125,5380.68017578125,5350.68017578125,5366.5498046875,1617700000,-0.001053200790768217
2016-11-25,5398.919921875,5398.919921875,5398.919921875,5379.27978515625,5388.490234375,768080000,0.00338412618942722
2016-11-28,5368.81005859375,5368.81005859375,5396.27001953125,5364.91015625,5387.919921875,1630150000,-0.005592625709566247
2016-11-29,5379.919921875,5379.919921875,5403.85986328125,5360.56005859375,5370.97998046875,1791760000,0.0020671962655593795
2016-11-30,5323.68017578125,5323.68017578125,5393.14990234375,5323.68017578125,5391.35009765625,2056060000,-0.010508663091915896
2016-12-01,5251.10986328125,5251.10986328125,5326.33984375,5238.2099609375,5323.8798828125,2269790000,-0.013725369770223615
2016-12-02,5255.64990234375,5255.64990234375,5274.5400390625,5239.27001953125,5249.02001953125,1851030000,0.0008642130297714829
2016-12-05,5308.89013671875,5308.89013671875,5321.08984375,5269.56982421875,5283.580078125,1800570000,0.010079129786107026
2016-12-06,5333.0,5333.0,5333.990234375,5299.93994140625,5317.740234375,1977480000,0.004531132011658271
2016-12-07,5393.759765625,5393.759765625,5397.93017578125,5307.31005859375,5322.669921875,2125370000,0.011328754774108695
2016-12-08,5417.35986328125,5417.35986328125,5425.52001953125,5389.10009765625,5394.14990234375,2236580000,0.00436590028660732
2016-12-09,5444.5,5444.5,5450.16015625,5427.1201171875,5436.10986328125,2042340000,0.0049973381247973925
2016-12-12,5412.5400390625,5412.5400390625,5434.89990234375,5394.419921875,5428.22021484375,1931840000,-0.005887433985410889
2016-12-13,5463.830078125,5463.830078125,5486.75,5430.72021484375,5433.56982421875,2094860000,0.009431532526566932
2016-12-14,5436.669921875,5436.669921875,5476.25,5425.72998046875,5465.68994140625,1976570000,-0.00498329662973481
2016-12-15,5456.85009765625,5456.85009765625,5485.1201171875,5439.39013671875,5443.509765625,2101320000,0.0037049913764215115
2016-12-16,5437.16015625,5437.16015625,5474.580078125,5426.009765625,5467.81982421875,3281480000,-0.0036148236302253126
2016-12-19,5457.43994140625,5457.43994140625,5483.419921875,5436.5400390625,5441.2001953125,1688680000,0.003722910138548469
2016-12-20,5483.93994140625,5483.93994140625,5489.47021484375,5471.7099609375,5473.52978515625,1679630000,0.004844005436425653
2016-12-21,5471.43017578125,5471.43017578125,5486.259765625,5465.31005859375,5482.6298828125,1496850000,-0.0022837696815991098
2016-12-22,5447.419921875,5447.419921875,5472.009765625,5432.77001953125,5472.009765625,1585470000,-0.0043979526034326685
2016-12-23,5462.68994140625,5462.68994140625,5462.68994140625,5441.759765625,5441.759765625,1144900000,0.0027992439477931923
2016-12-27,5487.43994140625,5487.43994140625,5512.3701171875,5469.60986328125,5470.759765625,1219050000,0.004520502023614265
2016-12-28,5438.56005859375,5438.56005859375,5498.91015625,5434.7001953125,5497.43994140625,1326660000,-0.008947503004471747
2016-12-29,5432.08984375,5432.08984375,5450.6298828125,5415.18017578125,5437.509765625,1266350000,-0.0011904008805230597
2016-12-30,5383.1201171875,5383.1201171875,5441.89990234375,5371.89013671875,5440.169921875,1551690000,-0.009055776336158233
2017-01-03,5429.080078125,5429.080078125,5452.56982421875,5397.990234375,5425.6201171875,1887670000,0.008501551381813334
2017-01-04,5477.0,5477.0,5482.35009765625,5440.240234375,5440.91015625,1885490000,0.008787800917977956
2017-01-05,5487.93994140625,5487.93994140625,5495.85009765625,5464.35986328125,5474.39013671875,1799170000,0.0019954409408078624
2017-01-06,5521.06005859375,5521.06005859375,5536.52001953125,5482.81005859375,5499.080078125,1711870000,0.006016934709685306
2017-01-09,5531.81982421875,5531.81982421875,5541.080078125,5517.14013671875,5527.580078125,1887740000,0.0019469620837221327
2017-01-10,5551.81982421875,5551.81982421875,5564.25,5528.10986328125,5536.5400390625,1798610000,0.00360892673194564
2017-01-11,5563.64990234375,5563.64990234375,5564.080078125,5524.02978515625,5550.72021484375,1960830000,0.0021285798770022605
2017-01-12,5547.490234375,5547.490234375,5550.669921875,5496.81982421875,5542.56005859375,1805840000,-0.0029087346867140255
2017-01-13,5574.1201171875,5574.1201171875,5584.259765625,5557.2001953125,5557.56982421875,1611260000,0.004788862918781612
2017-01-17,5538.72998046875,5538.72998046875,5557.0498046875,5527.22021484375,5555.16015625,1759440000,-0.006369249301118923
2017-01-18,5555.64990234375,5555.64990234375,5555.97998046875,5534.77001953125,5546.93994140625,1686260000,0.0030501812939061406
2017-01-19,5540.080078125,5540.080078125,5571.52978515625,5528.3701171875,5560.60986328125,1809900000,-0.0028064551796767516
2017-01-20,5555.330078125,5555.330078125,5574.35009765625,5542.22998046875,5556.8701171875,1750340000,0.0027488861408699787
2017-01-23,5552.93994140625,5552.93994140625,5564.14013671875,5522.68994140625,5546.64013671875,1652370000,-0.00043033465182841263
2017-01-24,5600.9599609375,5600.9599609375,5606.52978515625,5558.490234375,5568.27001953125,1808560000,0.008610497967116026
2017-01-25,5656.33984375,5656.33984375,5658.58984375,5634.330078125,5635.85986328125,1964040000,0.009839007671767912
2017-01-26,5655.18017578125,5655.18017578125,5669.60986328125,5647.64990234375,5666.27978515625,1837020000,-0.00020504193438384134
2017-01-27,5660.77978515625,5660.77978515625,5667.4501953125,5643.89990234375,5664.8798828125,1669190000,0.0009896835710599752
2017-01-30,5613.7099609375,5613.7099609375,5636.08984375,5578.759765625,5635.85986328125,1782380000,-0.00834984088034713
2017-01-31,5614.7900390625,5614.7900390625,5615.14990234375,5576.08984375,5592.8701171875,2047460000,0.00019238155200275388
2017-02-01,5642.64990234375,5642.64990234375,5662.10986328125,5621.02978515625,5654.509765625,2239570000,0.004949601384228
2017-02-02,5636.2001953125,5636.2001953125,5656.009765625,5616.39990234375,5627.14990234375,2077010000,-0.0011436817899747387
2017-02-03,5666.77001953125,5666.77001953125,5666.83984375,5647.580078125,5650.72998046875,1792330000,0.005409179742155792
2017-02-06,5663.5498046875,5663.5498046875,5668.2001953125,5650.259765625,5656.9501953125,1736140000,-0.0005684243658458462
2017-02-07,5674.22021484375,5674.22021484375,5689.60009765625,5664.81982421875,5674.85986328125,1922030000,0.0018822772535124236
2017-02-08,5682.4501953125,5682.4501953125,5686.9599609375,5649.39013671875,5662.9501953125,1947100000,0.0014493652826428015
2017-02-09,5715.18017578125,5715.18017578125,5722.7099609375,5685.14990234375,5688.02001953125,1948120000,0.005743311437779524
2017-02-10,5734.1298828125,5734.1298828125,5743.43017578125,5717.419921875,5726.169921875,1867270000,0.0033101949790070454
2017-02-13,5763.9599609375,5763.9599609375,5770.990234375,5751.919921875,5753.18994140625,1843480000,0.005188713161223966
2017-02-14,5782.56982421875,5782.56982421875,5783.08984375,5748.740234375,5756.509765625,1952370000,0.0032234584315146407
2017-02-15,5819.43994140625,5819.43994140625,5821.9501953125,5776.7001953125,5777.89990234375,2094140000,0.0063558369715910265
2017-02-16,5814.89990234375,5814.89990234375,5835.14990234375,5796.7099609375,5823.009765625,1945600000,-0.0007804549899558788
2017-02-17,5838.580078125,5838.580078125,5838.580078125,5800.7998046875,5807.31005859375,1879030000,0.004064057846044583
2017-02-21,5865.9501953125,5865.9501953125,5867.89013671875,5847.5,5850.2001953125,1940110000,0.0046768501489224444
2017-02-22,5860.6298828125,5860.6298828125,5864.419921875,5848.27978515625,5857.56005859375,1874710000,-0.000907393772029207
2017-02-23,5835.509765625,5835.509765625,5866.9599609375,5809.5498046875,5866.81982421875,1881490000,-0.0042954609925653815
2017-02-24,5845.31005859375,5845.31005859375,5845.31005859375,5800.5498046875,5802.330078125,1684650000,0.0016780149708354542
2017-02-27,5861.89990234375,5861.89990234375,5861.89990234375,5827.0,5835.0400390625,1882610000,0.002834126134213486
2017-02-28,5825.43994140625,5825.43994140625,5855.06982421875,5817.22021484375,5852.7900390625,2303390000,-0.0062392434380208715
2017-03-01,5904.02978515625,5904.02978515625,5911.7900390625,5865.7900390625,5874.85986328125,2220350000,0.013400609175273366
2017-03-02,5861.22021484375,5861.22021484375,5897.009765625,5856.2998046875,5897.009765625,2043610000,-0.0072773224951747754
2017-03-03,5870.75,5870.75,5870.75,5841.47021484375,5854.27001953125,1853600000,0.0016245842902275678
2017-03-06,5849.18017578125,5849.18017578125,5857.740234375,5827.4599609375,5846.419921875,1774040000,-0.003680883460768836
2017-03-07,5833.93017578125,5833.93017578125,5859.77001953125,5826.31982421875,5836.1201171875,1825510000,-0.002610607655355163
2017-03-08,5837.5498046875,5837.5498046875,5860.6298828125,5832.6298828125,5838.43994140625,1813080000,0.000620251935204384
2017-03-09,5838.81005859375,5838.81005859375,5852.5400390625,5812.080078125,5834.669921875,1886780000,0.00021586417786015035
2017-03-10,5861.72998046875,5861.72998046875,5872.60009765625,5835.43994140625,5867.16015625,1999440000,0.003917759541808927
2017-03-13,5875.77978515625,5875.77978515625,5877.43017578125,5860.830078125,5863.47998046875,1812460000,0.00239400208021747
2017-03-14,5856.81982421875,5856.81982421875,5860.5,5831.8798828125,5860.06982421875,1664870000,-0.0032320164453379777
2017-03-15,5900.0498046875,5900.0498046875,5911.2001953125,5858.16015625,5869.97998046875,1955400000,0.0073540281830857665
2017-03-16,5900.759765625,5900.759765625,5911.47998046875,5887.240234375,5907.85986328125,1770640000,0.00012032410727860148
2017-03-17,5901.0,5901.0,5912.60986328125,5890.419921875,5898.580078125,3189970000,4.071161925076747e-05
2017-03-20,5901.52978515625,5901.52978515625,5915.1201171875,5888.1201171875,5898.81005859375,1736790000,8.97748476384802e-05
2017-03-21,5793.830078125,5793.830078125,5928.06005859375,5790.72998046875,5923.419921875,2199920000,-0.018418031219059428
2017-03-22,5821.64013671875,5821.64013671875,5825.669921875,5781.7998046875,5790.58984375,1860290000,0.004788460771409256
2017-03-23,5817.68994140625,5817.68994140625,5842.81982421875,5806.97998046875,5812.31005859375,1746990000,-0.0006787668083383763
2017-03-24,5828.740234375,5828.740234375,5858.9501953125,5807.830078125,5839.330078125,1855040000,0.0018976280487613742
2017-03-27,5840.3701171875,5840.3701171875,5849.2001953125,5769.39013671875,5776.330078125,1673060000,0.001993277347240475
2017-03-28,5875.14013671875,5875.14013671875,5888.7001953125,5828.85986328125,5836.5,1823600000,0.00593574174157009
2017-03-29,5897.5498046875,5897.5498046875,5900.8701171875,5870.93017578125,5875.35009765625,1722190000,0.0038070645106492635
2017-03-30,5914.33984375,5914.33984375,5916.77001953125,5894.0,5896.14990234375,1732100000,0.002842906744049648
2017-03-31,5911.740234375,5911.740234375,5927.81005859375,5901.77001953125,5905.6298828125,1905150000,-0.00043964008356083505
2017-04-03,5894.68017578125,5894.68017578125,5928.93017578125,5867.72998046875,5917.31982421875,1852990000,-0.0028899649300523867
2017-04-04,5898.60986328125,5898.60986328125,5901.39013671875,5878.759765625,5878.759765625,1795260000,0.0006664277114228801
2017-04-05,5864.47998046875,5864.47998046875,5936.39013671875,5856.259765625,5911.919921875,2208600000,-0.005802893463999844
2017-04-06,5878.9501953125,5878.9501953125,5889.580078125,5856.22021484375,5870.52001953125,1849790000,0.0024643944657695063
2017-04-07,5877.81005859375,5877.81005859375,5892.06982421875,5855.509765625,5873.93994140625,1703730000,-0.00019395423529970627
2017-04-10,5880.93017578125,5880.93017578125,5907.85009765625,5865.56005859375,5883.43017578125,1633190000,0.0005306890361614029
2017-04-11,5866.77001953125,5866.77001953125,5878.93994140625,5819.2900390625,5871.16015625,1830760000,-0.0024107123730201492
2017-04-12,5836.16015625,5836.16015625,5868.08984375,5830.43994140625,5863.58984375,1666570000,-0.005231157090523928
2017-04-13,5805.14990234375,5805.14990234375,5856.5400390625,5805.14990234375,5828.3701171875,1587150000,-0.0053276353089023
2017-04-17,5856.7900390625,5856.7900390625,5856.7900390625,5818.2001953125,5821.5498046875,1383550000,0.008856240814480575
2017-04-18,5849.47021484375,5849.47021484375,5860.0400390625,5828.56982421875,5838.58984375,1610230000,-0.0012505830237797791
2017-04-19,5863.02978515625,5863.02978515625,5894.68017578125,5856.33984375,5874.43017578125,1754240000,0.002315402581914787
2017-04-20,5916.77978515625,5916.77978515625,5926.22998046875,5880.2001953125,5887.8701171875,1751490000,0.009125847528951719
2017-04-21,5910.52001953125,5910.52001953125,5919.22998046875,5899.43017578125,5919.02001953125,1736420000,-0.0010585283729791608
2017-04-24,5983.81982421875,5983.81982421875,5989.919921875,5970.25,5979.9599609375,1842880000,0.01232531331422557
2017-04-25,6025.490234375,6025.490234375,6036.02001953125,6002.64990234375,6004.16015625,1898120000,0.006939712138112261
2017-04-26,6025.22998046875,6025.22998046875,6040.89013671875,6021.72021484375,6028.1201171875,1899570000,-4.319308749193075e-05
2017-04-27,6048.93994140625,6048.93994140625,6050.7001953125,6031.58984375,6038.47021484375,1883610000,0.003927390713712775
2017-04-28,6047.60986328125,6047.60986328125,6074.0400390625,6040.7099609375,6072.8701171875,2005870000,-0.00021991033010830918
2017-05-01,6091.60009765625,6091.60009765625,6100.72998046875,6061.35009765625,6067.56005859375,1763100000,0.007247658962710246
2017-05-02,6095.3701171875,6095.3701171875,6102.72021484375,6081.56005859375,6102.509765625,2162610000,0.000618696786001342
2017-05-03,6072.5498046875,6072.5498046875,6076.9599609375,6053.27978515625,6075.0400390625,2152850000,-0.0037509022744950924
2017-05-04,6075.33984375,6075.33984375,6080.81982421875,6054.330078125,6075.06005859375,2059820000,0.0004593454817753823
2017-05-05,6100.759765625,6100.759765625,6100.759765625,6067.16015625,6091.68994140625,1903040000,0.0041753861451672295
2017-05-08,6102.66015625,6102.66015625,6106.1201171875,6083.06005859375,6100.66015625,1912030000,0.0003114521425186321
2017-05-09,6120.58984375,6120.58984375,6133.0,6107.58984375,6111.81982421875,2005820000,0.002933704270059164
2017-05-10,6129.14013671875,6129.14013671875,6131.64013671875,6103.8701171875,6121.64013671875,2111850000,0.0013959971968291029
2017-05-11,6115.9599609375,6115.9599609375,6120.2001953125,6075.68017578125,6110.0498046875,1952650000,-0.002152727338468263
2017-05-12,6121.22998046875,6121.22998046875,6122.83984375,6105.419921875,6119.27001953125,1749010000,0.0008613120957155911
2017-05-15,6149.669921875,6149.669921875,6153.0400390625,6124.7900390625,6128.10986328125,1865450000,0.004635355606437805
2017-05-16,6169.8701171875,6169.8701171875,6170.16015625,6139.10009765625,6160.52001953125,2006980000,0.0032793778585442457
2017-05-17,6011.240234375,6011.240234375,6122.8701171875,6009.47998046875,6108.6201171875,2355460000,-0.02604669794648529
2017-05-18,6055.1298828125,6055.1298828125,6073.4501953125,5996.81005859375,5998.4599609375,2134610000,0.007274738230481625
2017-05-19,6083.7001953125,6083.7001953125,6106.5498046875,6070.22998046875,6070.22998046875,1908030000,0.004707268340042261
2017-05-22,6133.6201171875,6133.6201171875,6135.919921875,6097.240234375,6098.25,1728190000,0.008172037469970929
2017-05-23,6138.7099609375,6138.7099609375,6150.91015625,6121.7900390625,6149.5498046875,1709140000,0.0008294829114657503
2017-05-24,6163.02001953125,6163.02001953125,6166.08984375,6139.330078125,6154.18017578125,1672380000,0.003952304314493648
2017-05-25,6205.259765625,6205.259765625,6217.33984375,6174.52001953125,6183.02001953125,1775750000,0.006830361383776883
2017-05-26,6210.18994140625,6210.18994140625,6211.52001953125,6196.66015625,6207.0400390625,1573200000,0.0007942001549250416
2017-05-30,6203.18994140625,6203.18994140625,6217.1298828125,6200.41015625,6204.18017578125,1690930000,-0.0011278154391573935
2017-05-31,6198.52001953125,6198.52001953125,6221.990234375,6164.06982421875,6221.6298828125,2212130000,-0.0007531093874038955
2017-06-01,6246.830078125,6246.830078125,6247.06982421875,6200.4501953125,6215.91015625,1946000000,0.007763590556333566
2017-06-02,6305.7998046875,6305.7998046875,6308.759765625,6253.77001953125,6261.58984375,1825450000,0.009395666235020897
2017-06-05,6295.68017578125,6295.68017578125,6310.6201171875,6292.14990234375,6305.47021484375,1742160000,-0.001606101997112512
2017-06-06,6275.06005859375,6275.06005859375,6304.2099609375,6269.8701171875,6281.8798828125,1893110000,-0.003280655760450012
2017-06-07,6297.3798828125,6297.3798828125,6302.77978515625,6267.18017578125,6290.43994140625,1827220000,0.0035505992108365737
2017-06-08,6321.759765625,6321.759765625,6324.06005859375,6282.93017578125,6311.72998046875,2134350000,0.0038639580549371722
2017-06-09,6207.919921875,6207.919921875,6341.7001953125,6137.68017578125,6330.25,3154590000,-0.018171729713240405
2017-06-12,6175.4599609375,6175.4599609375,6183.81005859375,6110.669921875,6153.56005859375,2588860000,-0.005242516274024199
2017-06-13,6220.3701171875,6220.3701171875,6226.41015625,6180.0400390625,6206.1201171875,2063930000,0.007246042010562105
2017-06-14,6194.89013671875,6194.89013671875,6237.52978515625,6153.5498046875,6237.4599609375,1949040000,-0.00410462861373607
2017-06-15,6165.5,6165.5,6170.14990234375,6107.85009765625,6127.0498046875,1870010000,-0.004755544409569821
2017-06-16,6151.759765625,6151.759765625,6161.56005859375,6125.5,6154.27978515625,3133000000,-0.002231054688446312
2017-06-19,6239.009765625,6239.009765625,6243.31005859375,6194.0,6196.85009765625,1989290000,0.014083296742270997
2017-06-20,6188.02978515625,6188.02978515625,6234.009765625,6186.93994140625,6229.6201171875,2580440000,-0.008204732309370567
2017-06-21,6233.9501953125,6233.9501953125,6236.66015625,6200.85986328125,6202.75,2408800000,0.0073934460379712795
2017-06-22,6236.68994140625,6236.68994140625,6257.68017578125,6221.9599609375,6239.14990234375,2177430000,0.0004393914198136561
2017-06-23,6265.25,6265.25,6269.3701171875,6218.77978515625,6234.35009765625,4164310000,0.004568908251040179
2017-06-26,6247.14990234375,6247.14990234375,6303.4501953125,6233.43017578125,6292.72998046875,2155460000,-0.0028931476651626645
2017-06-27,6146.6201171875,6146.6201171875,6234.31982421875,6146.6201171875,6227.89990234375,2189250000,-0.016222987810580746
2017-06-28,6234.41015625,6234.41015625,6238.2900390625,6144.7998046875,6173.10009765625,2077390000,0.014181616306052386
2017-06-29,6144.35009765625,6144.35009765625,6216.60009765625,6087.81005859375,6215.490234375,2410510000,-0.014550996349674794
2017-06-30,6140.419921875,6140.419921875,6170.6298828125,6129.0400390625,6166.83984375,2011720000,-0.0006398452570274766
2017-07-03,6110.06005859375,6110.06005859375,6177.35986328125,6106.1201171875,6173.2900390625,1091030000,-0.004956528313061341
2017-07-05,6150.85986328125,6150.85986328125,6163.6201171875,6100.419921875,6122.06005859375,1874040000,0.006655284520607184
2017-07-06,6089.4599609375,6089.4599609375,6127.97998046875,6081.9599609375,6109.60009765625,1993290000,-0.010032485787998037
2017-07-07,6153.080078125,6153.080078125,6164.93994140625,6111.2099609375,6111.2099609375,1712490000,0.01039338073358788
2017-07-10,6176.39013671875,6176.39013671875,6191.27001953125,6141.830078125,6156.02978515625,1681270000,0.003781198374374358
2017-07-11,6193.2998046875,6193.2998046875,6200.580078125,6149.8701171875,6171.25,1812560000,0.002734050502835099
2017-07-12,6261.169921875,6261.169921875,6265.64013671875,6236.81982421875,6238.89990234375,1827740000,0.01089902509328648
2017-07-13,6274.43994140625,6274.43994140625,6281.4501953125,6251.259765625,6269.10009765625,1806160000,0.002117172540114899
2017-07-14,6312.47021484375,6312.47021484375,6321.759765625,6278.7001953125,6289.080078125,1615440000,0.00604284748067201
2017-07-17,6314.43017578125,6314.43017578125,6330.97021484375,6307.33984375,6320.35009765625,1563390000,0.0003104421342701968
2017-07-18,6344.31005859375,6344.31005859375,6344.5498046875,6291.06982421875,6304.81982421875,1773220000,0.004720839159660531
2017-07-19,6385.0400390625,6385.0400390625,6387.72998046875,6362.18994140625,6363.240234375,1867470000,0.006399402821862989
2017-07-20,6390.0,6390.0,6398.259765625,6365.68017578125,6396.4599609375,1850000000,0.0007765081238974098
2017-07-21,6387.75,6387.75,6388.77978515625,6365.1201171875,6383.0498046875,1807110000,-0.00035217468228059174
2017-07-24,6410.81005859375,6410.81005859375,6417.7001953125,6380.60986328125,6387.81982421875,1748140000,0.003603543436462615
2017-07-25,6412.169921875,6412.169921875,6425.4501953125,6396.8701171875,6407.58984375,1930840000,0.00021209785688189173
2017-07-26,6422.75,6422.75,6432.3798828125,6416.2998046875,6425.93017578125,1996680000,0.0016486398958153678
2017-07-27,6382.18994140625,6382.18994140625,6460.83984375,6318.6201171875,6459.759765625,2501400000,-0.006335085432658464
2017-07-28,6374.68017578125,6374.68017578125,6379.7001953125,6337.22021484375,6350.27001953125,1877100000,-0.0011773681825579503
2017-07-31,6348.1201171875,6348.1201171875,6396.58984375,6338.7900390625,6394.68994140625,1898830000,-0.004175196743742291
2017-08-01,6362.93994140625,6362.93994140625,6375.75,6345.75,6372.16015625,1821780000,0.0023318009458559046
2017-08-02,6362.64990234375,6362.64990234375,6394.2099609375,6313.43017578125,6393.10009765625,2115870000,-4.5583594334117125e-05
2017-08-03,6340.33984375,6340.33984375,6368.52978515625,6331.14013671875,6366.240234375,2124100000,-0.0035125717612049323
2017-08-04,6351.56005859375,6351.56005859375,6361.490234375,6329.72998046875,6350.7900390625,1908930000,0.0017680911215949477
2017-08-07,6383.77001953125,6383.77001953125,6386.02978515625,6356.22998046875,6361.06005859375,1704010000,0.00505837373981778
2017-08-08,6370.4599609375,6370.4599609375,6423.35009765625,6355.8798828125,6373.330078125,1931490000,-0.002087160643323675
2017-08-09,6352.330078125,6352.330078125,6355.0400390625,6309.43994140625,6322.919921875,2037810000,-0.002849987310706156
2017-08-10,6216.8701171875,6216.8701171875,6318.27978515625,6214.41015625,6312.64990234375,2214990000,-0.0215551035235179
2017-08-11,6256.56005859375,6256.56005859375,6266.89013671875,6216.18994140625,6222.18017578125,1799780000,0.006363939156985675
2017-08-14,6340.22998046875,6340.22998046875,6346.830078125,6305.5498046875,6306.10986328125,1702570000,0.013284519644583355
2017-08-15,6333.009765625,6333.009765625,6350.740234375,6324.75,6350.509765625,1582560000,-0.001139442758062017
2017-08-16,6345.10986328125,6345.10986328125,6374.56005859375,6330.27001953125,6348.10986328125,1809070000,0.0019088163993396484
2017-08-17,6221.91015625,6221.91015625,6334.22998046875,6221.91015625,6322.72021484375,2052940000,-0.019607457273010817
2017-08-18,6216.52978515625,6216.52978515625,6254.22021484375,6193.3798828125,6222.4599609375,1968470000,-0.0008651199756024069
2017-08-21,6213.1298828125,6213.1298828125,6226.93017578125,6177.18994140625,6216.31982421875,1582990000,-0.0005470628350838573
2017-08-22,6297.47998046875,6297.47998046875,6302.83984375,6241.2099609375,6241.2099609375,1599760000,0.013484774404012837
2017-08-23,6278.41015625,6278.41015625,6291.2998046875,6263.2900390625,6263.47021484375,1535320000,-0.003032761677763341
2017-08-24,6271.330078125,6271.330078125,6302.85009765625,6244.56982421875,6294.81982421875,1618660000,-0.001128322777032706
2017-08-25,6265.64013671875,6265.64013671875,6308.72021484375,6257.10009765625,6293.81005859375,1445590000,-0.0009077060405215444
2017-08-28,6283.02001953125,6283.02001953125,6292.259765625,6267.85009765625,6286.009765625,1565110000,0.002769999937671949
2017-08-29,6301.89013671875,6301.89013671875,6311.259765625,6228.72998046875,6228.89990234375,1639810000,0.0029988503843025685
2017-08-30,6368.31005859375,6368.31005859375,6374.47021484375,6303.56982421875,6308.68017578125,1717060000,0.010484527361194361
2017-08-31,6428.66015625,6428.66015625,6435.27001953125,6383.580078125,6385.7998046875,1889500000,0.009432005240532318
2017-09-01,6435.330078125,6435.330078125,6449.64990234375,6417.8701171875,6442.169921875,1489120000,0.0010369912214152
2017-09-05,6375.56982421875,6375.56982421875,6426.509765625,6334.58984375,6414.81982421875,1889620000,-0.00932966268336957
2017-09-06,6393.31005859375,6393.31005859375,6407.39990234375,6356.2001953125,6394.35009765625,1902720000,0.002778669069202086
2017-09-07,6397.8701171875,6397.8701171875,6413.06982421875,6379.81005859375,6402.93994140625,2000910000,0.0007130004775582265
2017-09-08,6360.18994140625,6360.18994140625,6391.41015625,6354.9599609375,6389.64990234375,1786070000,-0.005906898880834623
2017-09-11,6432.259765625,6432.259765625,6439.10986328125,6410.7099609375,6411.18017578125,1819310000,0.011267675600764254
2017-09-12,6454.27978515625,6454.27978515625,6455.02978515625,6429.5400390625,6448.81005859375,1747620000,0.00341752584180453
2017-09-13,6460.18994140625,6460.18994140625,6460.419921875,6433.2001953125,6440.72021484375,1944630000,0.0009152767070934495
2017-09-14,6429.080078125,6429.080078125,6455.31982421875,6424.0400390625,6439.4599609375,1817840000,-0.004827259207910684
2017-09-15,6448.47021484375,6448.47021484375,6464.27001953125,6419.64990234375,6426.16015625,2827910000,0.0030114658349750635
2017-09-18,6454.64013671875,6454.64013671875,6477.77001953125,6438.41015625,6460.10009765625,1881900000,0.0009563465206670136
2017-09-19,6461.31982421875,6461.31982421875,6467.7900390625,6446.75,6465.56982421875,1816080000,0.001034330876793996
2017-09-20,6456.0400390625,6456.0400390625,6466.0498046875,6414.22998046875,6459.740234375,2083580000,-0.0008174712953968885
2017-09-21,6422.68994140625,6422.68994140625,6448.56982421875,6405.2998046875,6448.56982421875,1779600000,-0.0051791088489420555
2017-09-22,6426.919921875,6426.919921875,6429.5400390625,6400.81005859375,6401.43994140625,1648690000,0.0006583827317022118
2017-09-25,6370.58984375,6370.58984375,6408.0498046875,6343.9599609375,6403.10986328125,2061150000,-0.008803344236384632
2017-09-26,6380.16015625,6380.16015625,6405.0,6364.56982421875,6391.85009765625,1935990000,0.001501137469898743
2017-09-27,6453.259765625,6453.259765625,6472.64990234375,6405.35986328125,6414.3701171875,2068400000,0.011392193258409117
2017-09-28,6453.4501953125,6453.4501953125,6456.22998046875,6427.66015625,6437.9599609375,1882790000,2.9508633585247316e-05
2017-09-29,6495.9599609375,6495.9599609375,6497.97998046875,6454.85986328125,6461.27978515625,1970720000,0.006565537397474744
2017-10-02,6516.72021484375,6516.72021484375,6527.22021484375,6484.14013671875,6506.080078125,1984400000,0.0031907756494799983
2017-10-03,6531.7099609375,6531.7099609375,6532.18017578125,6509.7099609375,6523.740234375,1972760000,0.0022975564854565696
2017-10-04,6534.6298828125,6534.6298828125,6546.4599609375,6513.1201171875,6521.9599609375,1941470000,0.000446938003836164
2017-10-05,6585.35986328125,6585.35986328125,6587.2099609375,6547.64990234375,6552.8701171875,1888970000,0.007733273313398515
2017-10-06,6590.18017578125,6590.18017578125,6590.18017578125,6566.83984375,6566.9501953125,1752170000,0.0007317062831234564
2017-10-09,6579.72998046875,6579.72998046875,6599.33984375,6572.43994140625,6597.3701171875,1494160000,-0.001586980834608403
2017-10-10,6587.25,6587.25,6608.2998046875,6561.77978515625,6602.490234375,1802480000,0.0011422543909153438
2017-10-11,6603.5498046875,6603.5498046875,6604.2099609375,6577.990234375,6586.72998046875,1837860000,0.0024713911552202298
2017-10-12,6591.509765625,6591.509765625,6613.5,6586.31982421875,6594.759765625,2020330000,-0.0018249318754235667
2017-10-13,6605.7998046875,6605.7998046875,6616.580078125,6602.2001953125,6613.2099609375,1761700000,0.0021655996733542077
2017-10-16,6624.0,6624.0,6632.5,6607.02978515625,6622.5498046875,1632240000,0.0027513956466083127
2017-10-17,6623.66015625,6623.66015625,6628.60009765625,6613.2099609375,6621.419921875,1653160000,-5.1306230091338106e-05
2017-10-18,6624.22021484375,6624.22021484375,6635.52001953125,6613.5498046875,6634.259765625,1738060000,8.455067201628171e-05
2017-10-19,6605.06982421875,6605.06982421875,6605.2900390625,6558.52978515625,6583.7001953125,1847020000,-0.0028951521880388334
2017-10-20,6629.0498046875,6629.0498046875,6640.02978515625,6622.919921875,6633.3701171875,1812220000,0.0036239670466225705
2017-10-23,6586.830078125,6586.830078125,6641.56982421875,6581.14990234375,6641.56982421875,1813080000,-0.0063892636076707445
2017-10-24,6598.43017578125,6598.43017578125,6611.89990234375,6582.06005859375,6598.60986328125,1852610000,0.001759555810917559
2017-10-25,6563.89013671875,6563.89013671875,6600.64013671875,6517.93017578125,6587.22021484375,2205790000,-0.005248332744711128
2017-10-26,6556.77001953125,6556.77001953125,6582.759765625,6550.02978515625,6567.58984375,2125640000,-0.0010853292138704844
2017-10-27,6701.259765625,6701.259765625,6708.1298828125,6625.77978515625,6635.02978515625,2414520000,0.02179742681450516
2017-10-30,6698.9599609375,6698.9599609375,6727.39013671875,6677.14990234375,6693.77001953125,2015920000,-0.00034324880591641405
2017-10-31,6727.669921875,6727.669921875,6737.75,6705.7900390625,6713.7099609375,2054220000,0.004276576467020277
2017-11-01,6716.52978515625,6716.52978515625,6759.66015625,6691.47998046875,6758.64013671875,2074230000,-0.0016572409680248742
2017-11-02,6714.93994140625,6714.93994140625,6719.97021484375,6677.5498046875,6709.39013671875,2282300000,-0.00023673414597078816
2017-11-03,6764.43994140625,6764.43994140625,6765.14013671875,6712.93017578125,6737.08984375,2203880000,0.0073445845350007845
2017-11-06,6786.43994140625,6786.43994140625,6790.669921875,6763.169921875,6763.2998046875,2173120000,0.0032470244765495943
2017-11-07,6767.77978515625,6767.77978515625,6795.52001953125,6750.35009765625,6785.43994140625,2209280000,-0.002753410880953316
2017-11-08,6789.1201171875,6789.1201171875,6791.64990234375,6753.33984375,6764.85009765625,2121340000,0.003148263955817796
2017-11-09,6750.0498046875,6750.0498046875,6758.93017578125,6687.27978515625,6737.4501953125,2243500000,-0.0057714647467207066
2017-11-10,6750.93994140625,6750.93994140625,6757.33984375,6727.35009765625,6736.39013671875,1979120000,0.0001318624392403196
2017-11-13,6757.60009765625,6757.60009765625,6766.2998046875,6723.43017578125,6727.39013671875,1976460000,0.000986066113790979
2017-11-14,6737.8701171875,6737.8701171875,6743.6298828125,6709.27001953125,6733.8701171875,1988230000,-0.0029239432507870717
2017-11-15,6706.2099609375,6706.2099609375,6725.31982421875,6667.31005859375,6700.68017578125,1923730000,-0.004709911662700839
2017-11-16,6793.2900390625,6793.2900390625,6806.669921875,6742.33984375,6742.33984375,2020380000,0.012901409084552541
2017-11-17,6782.7900390625,6782.7900390625,6797.75,6777.43017578125,6794.4501953125,2009220000,-0.0015468385621177207
2017-11-20,6790.7099609375,6790.7099609375,6795.830078125,6779.490234375,6789.27978515625,1811750000,0.001166968397803051
2017-11-21,6862.47998046875,6862.47998046875,6862.66015625,6820.02001953125,6820.5498046875,1891960000,0.010513393706289337
2017-11-22,6867.35986328125,6867.35986328125,6874.52001953125,6859.27978515625,6869.52978515625,1589150000,0.0007108433999985528
2017-11-24,6889.16015625,6889.16015625,6890.02001953125,6873.740234375,6878.10986328125,872110000,0.003169451458250258
2017-11-27,6878.52001953125,6878.52001953125,6897.43017578125,6867.89013671875,6889.91015625,1781550000,-0.0015456690889468945
2017-11-28,6912.35986328125,6912.35986328125,6914.18994140625,6866.2099609375,6893.72021484375,2003840000,0.004907578335103917
2017-11-29,6824.39013671875,6824.39013671875,6908.330078125,6793.9501953125,6907.27978515625,2456990000,-0.01280811387881643
2017-11-30,6873.97021484375,6873.97021484375,6888.64990234375,6838.47998046875,6852.7998046875,2468530000,0.007238865580534145
2017-12-01,6847.58984375,6847.58984375,6872.169921875,6737.16015625,6844.0400390625,2302140000,-0.00384510266813696
2017-12-04,6775.3701171875,6775.3701171875,6899.22998046875,6770.68994140625,6897.1298828125,2427170000,-0.010602747616714649
2017-12-05,6762.2099609375,6762.2099609375,6836.4501953125,6752.31982421875,6759.14013671875,2085760000,-0.0019442411892794916
2017-12-06,6776.3798828125,6776.3798828125,6787.419921875,6734.1298828125,6742.06982421875,1901770000,0.0020932648396374625
2017-12-07,6812.83984375,6812.83984375,6829.2900390625,6778.2001953125,6785.740234375,1953740000,0.005366025299091653
2017-12-08,6840.080078125,6840.080078125,6870.47998046875,6831.60986328125,6859.9501953125,1825640000,0.003990394827913195
2017-12-11,6875.080078125,6875.080078125,6879.7998046875,6844.8798828125,6847.64013671875,1836780000,0.005103852317928165
2017-12-12,6862.31982421875,6862.31982421875,6884.7998046875,6856.2998046875,6872.7099609375,1872810000,-0.0018577398440470724
2017-12-13,6875.7998046875,6875.7998046875,6897.6201171875,6871.8701171875,6880.41015625,1931090000,0.0019624206454635705
2017-12-14,6856.52978515625,6856.52978515625,6901.1298828125,6851.6298828125,6887.3798828125,1990090000,-0.002806520489276862
2017-12-15,6936.580078125,6936.580078125,6945.81982421875,6871.4501953125,6871.5498046875,3529590000,0.011607417404651989
2017-12-18,6994.759765625,6994.759765625,7003.89013671875,6975.5400390625,6980.39990234375,2150580000,0.008352394871157524
2017-12-19,6963.85009765625,6963.85009765625,6995.8798828125,6951.490234375,6991.25,2084190000,-0.004428767447945699
2017-12-20,6960.9599609375,6960.9599609375,6991.25,6935.419921875,6991.25,1888140000,-0.0004151060945305013
2017-12-21,6965.35986328125,6965.35986328125,6992.6298828125,6961.2099609375,6972.8798828125,1827410000,0.0006318830165735217
2017-12-22,6959.9599609375,6959.9599609375,6962.259765625,6944.4501953125,6958.02001953125,1541880000,-0.0007755516832037142
2017-12-26,6936.25,6936.25,6942.14013671875,6915.56005859375,6928.919921875,1301000000,-0.003412438932942377
2017-12-27,6939.33984375,6939.33984375,6955.3798828125,6931.33984375,6941.4501953125,1411010000,0.0004453639572611747
2017-12-28,6950.16015625,6950.16015625,6954.7998046875,6936.75,6953.3798828125,1319870000,0.001558056760703433
2017-12-29,6903.39013671875,6903.39013671875,6954.97998046875,6903.39013671875,6952.60986328125,1575290000,-0.006752088270782765
2018-01-02,7006.89990234375,7006.89990234375,7006.91015625,6924.080078125,6937.64990234375,1929700000,0.014882748801405181
2018-01-03,7065.52978515625,7065.52978515625,7069.14990234375,7016.7001953125,7017.06982421875,2173130000,0.008332636701786437
2018-01-04,7077.91015625,7077.91015625,7098.0498046875,7072.3798828125,7089.5,2103220000,0.001750687853463847
2018-01-05,7136.56005859375,7136.56005859375,7137.0400390625,7097.080078125,7105.740234375,2024000000,0.008252187283554726
2018-01-08,7157.39013671875,7157.39013671875,7161.35009765625,7124.08984375,7135.3798828125,2055010000,0.0029145327338445013
2018-01-09,7163.580078125,7163.580078125,7181.14013671875,7148.2998046875,7174.18994140625,2155810000,0.0008644584408543671
2018-01-10,7153.56982421875,7153.56982421875,7154.240234375,7111.52001953125,7129.830078125,2132430000,-0.0013983586964871834
2018-01-11,7211.77978515625,7211.77978515625,7211.77978515625,7163.22998046875,7168.72998046875,2015170000,0.008104262147180293
2018-01-12,7261.06005859375,7261.06005859375,7265.259765625,7205.18017578125,7208.169921875,1986600000,0.006810061387407545
2018-01-16,7223.68994140625,7223.68994140625,7330.330078125,7205.93017578125,7307.18994140625,2399790000,-0.005159937189424774
2018-01-17,7298.27978515625,7298.27978515625,7309.35986328125,7229.31982421875,7257.77001953125,2245910000,0.010272779947747283
2018-01-18,7296.0498046875,7296.0498046875,7313.89013671875,7276.10986328125,7293.64990234375,2037410000,-0.00030559546738707113
2018-01-19,7336.3798828125,7336.3798828125,7336.3798828125,7297.27978515625,7312.0,2005470000,0.005512437935737619
2018-01-22,7408.02978515625,7408.02978515625,7408.02978515625,7332.81005859375,7338.0400390625,2118310000,0.009719001025396256
2018-01-23,7460.2900390625,7460.2900390625,7465.39013671875,7423.18017578125,7424.9501953125,2135840000,0.007029774680554691
2018-01-24,7415.06005859375,7415.06005859375,7486.31982421875,7376.75,7474.16015625,2287320000,-0.006081217525638149
2018-01-25,7411.16015625,7411.16015625,7458.52978515625,7388.580078125,7457.9501953125,2081380000,-0.0005260818168330194
2018-01-26,7505.77001953125,7505.77001953125,7505.77001953125,7431.22021484375,7448.330078125,2080700000,0.012685067344250367
2018-01-29,7466.509765625,7466.509765625,7500.60986328125,7455.5498046875,7484.47021484375,2114420000,-0.005244404252838061
2018-01-30,7402.47998046875,7402.47998046875,7433.64990234375,7373.990234375,7388.89013671875,2183420000,-0.008612579878181297
2018-01-31,7411.47998046875,7411.47998046875,7453.990234375,7381.1201171875,7443.25,2428990000,0.0012150702622428843
2018-02-01,7385.85986328125,7385.85986328125,7441.08984375,7362.27978515625,7377.169921875,2311180000,-0.0034628038632553097
2018-02-02,7240.9501953125,7240.9501953125,7364.43017578125,7238.18017578125,7347.58984375,2607160000,-0.019814902727970922
2018-02-05,6967.52978515625,6967.52978515625,7277.35986328125,6967.52978515625,7165.9599609375,3143210000,-0.03849168499780571
2018-02-06,7115.8798828125,7115.8798828125,7126.5498046875,6824.81982421875,6837.56005859375,3148270000,0.02106813455178275
2018-02-07,7051.97998046875,7051.97998046875,7170.33984375,7051.52978515625,7086.2001953125,2380020000,-0.009020464099426138
2018-02-08,6777.16015625,6777.16015625,7073.990234375,6776.77001953125,7067.2998046875,2730740000,-0.03975026748981897
2018-02-09,6874.490234375,6874.490234375,6917.009765625,6630.669921875,6863.33984375,3165330000,0.014259334878984965
2018-02-12,6981.9599609375,6981.9599609375,7023.6201171875,6879.68994140625,6936.68017578125,2250650000,0.015512180977900487
2018-02-13,7013.509765625,7013.509765625,7025.68017578125,6938.16015625,6942.16015625,1830320000,0.004508581526370728
2018-02-14,7143.6201171875,7143.6201171875,7152.0498046875,6977.06982421875,6979.240234375,2217630000,0.018381411494061847
2018-02-15,7256.43017578125,7256.43017578125,7256.93017578125,7130.39013671875,7200.75,2124060000,0.015668329507534506
2018-02-16,7239.47021484375,7239.47021484375,7303.259765625,7226.3798828125,7236.509765625,2037710000,-0.0023399676072669603
2018-02-20,7234.31005859375,7234.31005859375,7295.9501953125,7206.0,7209.02978515625,1921870000,-0.0007130350704711438
2018-02-21,7218.22998046875,7218.22998046875,7338.64013671875,7218.10986328125,7258.47998046875,1956120000,-0.0022252261148222254
2018-02-22,7210.08984375,7210.08984375,7280.93017578125,7194.83984375,7252.4599609375,1927580000,-0.0011283555786926532
2018-02-23,7337.39013671875,7337.39013671875,7337.830078125,7232.5,7261.35009765625,1887540000,0.017501799981988878
2018-02-26,7421.4599609375,7421.4599609375,7421.85009765625,7360.25,7373.2998046875,1876560000,0.011392585865810146
2018-02-27,7330.35009765625,7330.35009765625,7438.08984375,7330.35009765625,7416.169921875,2162250000,-0.012352521001094765
2018-02-28,7273.009765625,7273.009765625,7386.7998046875,7273.009765625,7371.41015625,2384940000,-0.007853073163015006
2018-03-01,7180.56005859375,7180.56005859375,7307.85009765625,7117.66015625,7274.75,2499010000,-0.012792821286839794
2018-03-02,7257.8701171875,7257.8701171875,7267.18994140625,7084.830078125,7099.5400390625,2291480000,0.010709030898665704
2018-03-05,7330.7099609375,7330.7099609375,7350.06982421875,7205.31005859375,7222.89013671875,2076870000,0.009985954582790477
2018-03-06,7372.009765625,7372.009765625,7378.02978515625,7319.68017578125,7366.60986328125,2132920000,0.005617996408895345
2018-03-07,7396.64990234375,7396.64990234375,7403.7900390625,7311.740234375,7311.740234375,2198610000,0.003336817305749764
2018-03-08,7427.9501953125,7427.9501953125,7435.009765625,7391.5,7422.77001953125,2277740000,0.0042227566711994504
2018-03-09,7560.81005859375,7560.81005859375,7560.81005859375,7469.02978515625,7475.97998046875,2310050000,0.01772839658381549
2018-03-12,7588.31982421875,7588.31982421875,7609.10009765625,7563.43994140625,7581.0400390625,2314480000,0.003631864810273344
2018-03-13,7511.009765625,7511.009765625,7637.27001953125,7492.97998046875,7627.52001953125,2459220000,-0.01024028698970021
2018-03-14,7496.81005859375,7496.81005859375,7544.89013671875,7473.89990234375,7539.77978515625,2112950000,-0.0018923083345609277
2018-03-15,7481.740234375,7481.740234375,7525.43994140625,7463.18994140625,7509.240234375,2008290000,-0.002012187963278203
2018-03-16,7481.990234375,7481.990234375,7514.2099609375,7473.68017578125,7504.3701171875,3089970000,3.3414127652933785e-05
2018-03-19,7344.240234375,7344.240234375,7421.22998046875,7285.27001953125,7419.2001953125,2352810000,-0.018582466273706987
2018-03-20,7364.2998046875,7364.2998046875,7380.740234375,7331.240234375,7353.25,1976000000,0.00272761031290941
2018-03-21,7345.2900390625,7345.2900390625,7415.66015625,7325.35009765625,7347.5,1999230000,-0.0025846779427457257
2018-03-22,7166.68017578125,7166.68017578125,7303.18994140625,7164.3798828125,7257.5498046875,2370970000,-0.024616765349244556
2018-03-23,6992.669921875,6992.669921875,7194.31005859375,6992.669921875,7170.68017578125,2455760000,-0.02458008506782245
2018-03-26,7220.5400390625,7220.5400390625,7225.830078125,7022.33984375,7125.2001953125,2341370000,0.03206730137297476
2018-03-27,7008.81005859375,7008.81005859375,7255.5400390625,6963.68017578125,7255.47021484375,2347480000,-0.029761810254837467
2018-03-28,6949.22998046875,6949.22998046875,7036.08984375,6901.06982421875,6978.2998046875,2551950000,-0.008537078245363964
2018-03-29,7063.4501953125,7063.4501953125,7120.4599609375,6935.77978515625,6984.66015625,2593390000,0.016302769090529544
2018-04-02,6870.1201171875,6870.1201171875,7044.7099609375,6805.9599609375,7016.169921875,2402670000,-0.027752037963765908
2018-04-03,6941.27978515625,6941.27978515625,6963.7099609375,6835.22998046875,6924.35009765625,2330900000,0.010304574212672335
2018-04-04,7042.10986328125,7042.10986328125,7059.2900390625,6811.77001953125,6811.77001953125,2261580000,0.014421657157892691
2018-04-05,7076.5498046875,7076.5498046875,7112.3798828125,7036.6201171875,7099.25,2153030000,0.004878651447884911
2018-04-06,6915.10986328125,6915.10986328125,7066.64013671875,6877.759765625,6999.56982421875,2359780000,-0.02307762053986691
2018-04-09,6950.33984375,6950.33984375,7074.9501953125,6944.9599609375,6971.4501953125,2089220000,0.005081704095747849
2018-04-10,7094.2998046875,7094.2998046875,7117.97998046875,7014.8798828125,7060.990234375,2252020000,0.020501060422378717
2018-04-11,7069.02978515625,7069.02978515625,7128.5400390625,7055.0,7055.0,1882090000,-0.0035683765155923013
2018-04-12,7140.25,7140.25,7166.0,7105.08984375,7112.02001953125,2027080000,0.01002454907482414
2018-04-13,7106.64990234375,7106.64990234375,7183.6201171875,7078.14013671875,7179.6201171875,1768160000,-0.00471683807462594
2018-04-16,7156.27978515625,7156.27978515625,7178.509765625,7115.85009765625,7153.8701171875,1800450000,0.006959311194262101
2018-04-17,7281.10009765625,7281.10009765625,7298.58984375,7206.5498046875,7215.1201171875,1935380000,0.01729170024394236
2018-04-18,7295.240234375,7295.240234375,7319.580078125,7259.89990234375,7292.3798828125,1908700000,0.001940149699054451
2018-04-19,7238.06005859375,7238.06005859375,7277.4501953125,7215.169921875,7258.60986328125,1982090000,-0.007868890021573644
2018-04-20,7146.1298828125,7146.1298828125,7222.990234375,7123.490234375,7220.64013671875,1935160000,-0.012782287752647089
2018-04-23,7128.60009765625,7128.60009765625,7195.72021484375,7094.43017578125,7173.990234375,1744480000,-0.0024560596231532647
2018-04-24,7007.35009765625,7007.35009765625,7171.669921875,6961.52001953125,7160.77001953125,2154270000,-0.017155263282233792
2018-04-25,7003.740234375,7003.740234375,7030.740234375,6926.97021484375,7009.990234375,2055840000,-0.0005152865730758118
2018-04-26,7118.68017578125,7118.68017578125,7143.93994140625,7055.66015625,7080.490234375,2141220000,0.016278014116889845
2018-04-27,7119.7998046875,7119.7998046875,7197.14990234375,7083.9501953125,7195.52001953125,2050350000,0.0001572680384554393
2018-04-30,7066.27001953125,7066.27001953125,7169.7998046875,7065.41015625,7133.9501953125,1998570000,-0.007546845586481015
2018-05-01,7130.7001953125,7130.7001953125,7133.27001953125,7036.18017578125,7053.64990234375,1932660000,0.009076671592713827
2018-05-02,7100.89990234375,7100.89990234375,7169.4599609375,7094.72021484375,7138.4501953125,2157860000,-0.0041879108910961044
2018-05-03,7088.14990234375,7088.14990234375,7112.58984375,6991.14013671875,7065.02978515625,2355780000,-0.0017971609948732692
2018-05-04,7209.6201171875,7209.6201171875,7228.259765625,7057.89013671875,7065.669921875,2040520000,0.01699189975559301
2018-05-07,7265.2099609375,7265.2099609375,7291.740234375,7235.759765625,7241.81982421875,1950650000,0.00768093535488219
2018-05-08,7266.89990234375,7266.89990234375,7278.81005859375,7224.7001953125,7255.33984375,2070970000,0.00023258032450448925
2018-05-09,7339.91015625,7339.91015625,7344.7998046875,7259.0498046875,7281.52978515625,2250260000,0.00999682499393901
2018-05-10,7404.97021484375,7404.97021484375,7414.14990234375,7353.6298828125,7355.89990234375,2250450000,0.008824823149734514
2018-05-11,7402.8798828125,7402.8798828125,7417.669921875,7372.259765625,7393.97021484375,2085350000,-0.00028232755347324404
2018-05-14,7411.31982421875,7411.31982421875,7458.419921875,7401.89013671875,7429.4501953125,2085850000,0.0011394395223916028
2018-05-15,7351.6298828125,7351.6298828125,7363.52001953125,7320.97021484375,7361.2998046875,2120380000,-0.008086495972407811
2018-05-16,7398.2998046875,7398.2998046875,7413.31982421875,7356.16015625,7356.22021484375,2103060000,0.0063281762839907
2018-05-17,7382.47021484375,7382.47021484375,7425.39013671875,7350.4599609375,7379.580078125,1958970000,-0.002141917623339441
2018-05-18,7354.33984375,7354.33984375,7381.16015625,7343.97021484375,7364.33984375,1982190000,-0.0038177061586997206
2018-05-21,7394.0400390625,7394.0400390625,7431.830078125,7368.2099609375,7406.33984375,1997220000,0.005383681667708879
2018-05-22,7378.4599609375,7378.4599609375,7432.52978515625,7370.330078125,7420.85009765625,1927420000,-0.0021093361180167503
2018-05-23,7425.9599609375,7425.9599609375,7426.77978515625,7334.6201171875,7335.02978515625,1997090000,0.006417024543698568
2018-05-24,7424.43017578125,7424.43017578125,7435.3798828125,7357.5,7421.990234375,2035460000,-0.00020602625891678175
2018-05-25,7433.85009765625,7433.85009765625,7452.85009765625,7415.580078125,7422.2001953125,1771950000,0.0012679695043726937
2018-05-29,7396.58984375,7396.58984375,7435.1298828125,7354.2900390625,7398.509765625,2095380000,-0.005024845176855618
2018-05-30,7462.4501953125,7462.4501953125,7473.81005859375,7423.669921875,7428.41015625,2058300000,0.00886474263269079
2018-05-31,7442.1201171875,7442.1201171875,7492.419921875,7431.41015625,7455.580078125,2533360000,-0.002728034462862242
2018-06-01,7554.330078125,7554.330078125,7557.3798828125,7487.22998046875,7487.66015625,2212330000,0.01496514890387624
2018-06-04,7606.4599609375,7606.4599609375,7607.169921875,7561.2001953125,7570.080078125,2152170000,0.006876961968937246
2018-06-05,7637.85986328125,7637.85986328125,7644.47998046875,7602.3798828125,7621.35986328125,2063270000,0.004119560218171129
2018-06-06,7689.240234375,7689.240234375,7691.64990234375,7622.31005859375,7652.7998046875,2198100000,0.006704538135994898
2018-06-07,7635.06982421875,7635.06982421875,7697.41015625,7597.66015625,7697.41015625,2339720000,-0.007069895556034445
2018-06-08,7645.509765625,7645.509765625,7653.580078125,7595.14013671875,7607.740234375,1949810000,0.0013664328593386542
2018-06-11,7659.93017578125,7659.93017578125,7677.2900390625,7642.8701171875,7647.240234375,1959360000,0.0018843515088009125
2018-06-12,7703.7900390625,7703.7900390625,7708.25,7669.52978515625,7673.8701171875,2019890000,0.005709552350183889
2018-06-13,7695.7001953125,7695.7001953125,7748.9599609375,7686.64990234375,7713.89990234375,2197830000,-0.0010506639338146815
2018-06-14,7761.0400390625,7761.0400390625,7768.60009765625,7723.52978515625,7723.52978515625,2193630000,0.00845459417280978
2018-06-15,7746.3798828125,7746.3798828125,7755.72021484375,7704.33984375,7725.02978515625,3049870000,-0.0018907285275285711
2018-06-18,7747.02978515625,7747.02978515625,7749.35986328125,7676.830078125,7692.9599609375,2102660000,8.38940372789239e-05
2018-06-19,7725.58984375,7725.58984375,7727.41015625,7635.72998046875,7658.47021484375,2283340000,-0.0027713413297319658
2018-06-20,7781.509765625,7781.509765625,7806.60009765625,7755.47998046875,7764.14990234375,2316420000,0.007212201595005314
2018-06-21,7712.9501953125,7712.9501953125,7803.4501953125,7699.2001953125,7800.2998046875,2349640000,-0.008849616950286781
2018-06-22,7692.81982421875,7692.81982421875,7739.7099609375,7679.1201171875,7739.68994140625,3956300000,-0.0026133562327808717
2018-06-25,7532.009765625,7532.009765625,7639.72998046875,7477.72998046875,7631.1201171875,2423190000,-0.021125496113385964
2018-06-26,7561.6298828125,7561.6298828125,7597.490234375,7527.0,7553.740234375,2068870000,0.003924852573788241
2018-06-27,7445.080078125,7445.080078125,7610.669921875,7444.169921875,7586.330078125,2319650000,-0.015533337880731118
2018-06-28,7503.68017578125,7503.68017578125,7526.06982421875,7419.56005859375,7438.10986328125,2208870000,0.007840168258906632
2018-06-29,7510.2998046875,7510.2998046875,7573.58984375,7502.9501953125,7544.1298828125,2208820000,0.0008817954125147008
2018-07-02,7567.68994140625,7567.68994140625,7568.10009765625,7443.10009765625,7451.89990234375,1777880000,0.007612475513037093
2018-07-03,7502.669921875,7502.669921875,7594.330078125,7498.5,7593.6298828125,1171420000,-0.008628914446621389
2018-07-05,7586.43017578125,7586.43017578125,7589.18994140625,7511.43017578125,7550.66015625,1754690000,0.01110220141850054
2018-07-06,7688.39013671875,7688.39013671875,7695.81005859375,7588.64990234375,7595.93017578125,1718600000,0.01335026837691078
2018-07-09,7756.2001953125,7756.2001953125,7757.27978515625,7702.06005859375,7731.740234375,1844440000,0.008781132145535843
2018-07-10,7759.2001953125,7759.2001953125,7777.47998046875,7731.97998046875,7770.6298828125,1735230000,0.00038671255163987716
2018-07-11,7716.60986328125,7716.60986328125,7748.16015625,7696.580078125,7698.509765625,1768480000,-0.005504130561746751
2018-07-12,7823.919921875,7823.919921875,7825.669921875,7746.759765625,7752.7099609375,1930830000,0.013810567038781462
2018-07-13,7825.97998046875,7825.97998046875,7843.52001953125,7803.33984375,7827.6201171875,1727500000,0.00026326795934844717
2018-07-16,7805.72021484375,7805.72021484375,7838.81982421875,7791.97998046875,7831.740234375,1739360000,-0.0025921399100494796
2018-07-17,7855.1201171875,7855.1201171875,7867.14990234375,7749.60986328125,7751.97021484375,1752210000,0.006308737607944706
2018-07-18,7854.43994140625,7854.43994140625,7863.77001953125,7822.830078125,7859.43017578125,1881110000,-8.659386757343794e-05
2018-07-19,7825.2998046875,7825.2998046875,7849.85009765625,7811.14990234375,7829.7998046875,1886300000,-0.0037169201452832553
2018-07-20,7820.2001953125,7820.2001953125,7860.25,7815.85986328125,7843.080078125,1796530000,-0.0006518947372211367
2018-07-23,7841.8701171875,7841.8701171875,7846.759765625,7776.5498046875,7806.93017578125,1668270000,0.002767186619702538
2018-07-24,7840.77001953125,7840.77001953125,7928.7900390625,7814.330078125,7914.35009765625,2021890000,-0.0001402949565205447
2018-07-25,7932.240234375,7932.240234375,7933.31005859375,7838.759765625,7839.08984375,1943820000,0.011598450616720955
2018-07-26,7852.18017578125,7852.18017578125,7881.2998046875,7834.080078125,7848.0400390625,2289370000,-0.010144274299498457
2018-07-27,7737.419921875,7737.419921875,7889.75,7698.9599609375,7889.75,2193410000,-0.014722934030169109
2018-07-30,7630.0,7630.0,7740.259765625,7604.240234375,7735.27001953125,2154140000,-0.013980443306997423
2018-07-31,7671.7900390625,7671.7900390625,7709.490234375,7614.83984375,7654.58984375,2208610000,0.0054621247390766224
2018-08-01,7707.2900390625,7707.2900390625,7732.68017578125,7670.7099609375,7701.81982421875,2228950000,0.004616669251018413
2018-08-02,7802.68994140625,7802.68994140625,7808.85009765625,7659.52001953125,7659.52001953125,2115490000,0.01230189923991944
2018-08-03,7812.009765625,7812.009765625,7824.06005859375,7783.2998046875,7819.22998046875,2035870000,0.001193724567276273
2018-08-06,7859.68017578125,7859.68017578125,7859.68017578125,7801.8798828125,7809.5400390625,2245300000,0.0060836524154275875
2018-08-07,7883.66015625,7883.66015625,7898.2001953125,7868.64990234375,7878.6201171875,2206400000,0.0030463673538434527
2018-08-08,7888.330078125,7888.330078125,7901.68994140625,7864.4599609375,7880.0,2098100000,0.000592179165986378
2018-08-09,7891.77978515625,7891.77978515625,7923.35009765625,7881.06005859375,7886.52001953125,2048170000,0.0004372221887036803
2018-08-10,7839.10986328125,7839.10986328125,7866.18994140625,7818.3701171875,7834.7099609375,2107530000,-0.006696394147989415
2018-08-13,7819.7099609375,7819.7099609375,7888.66015625,7814.27001953125,7848.0,1934100000,-0.002477825594418422
2018-08-14,7870.89013671875,7870.89013671875,7878.22998046875,7815.5,7847.8798828125,1938840000,0.006523696605063858
2018-08-15,7774.1201171875,7774.1201171875,7832.66015625,7732.68994140625,7810.02001953125,2294100000,-0.01237087762637584
2018-08-16,7806.52001953125,7806.52001953125,7849.669921875,7795.740234375,7826.9501953125,1991410000,0.004159001011764668
2018-08-17,7816.330078125,7816.330078125,7830.77978515625,7752.68017578125,7786.64013671875,1850770000,0.0012558604635883955
2018-08-20,7821.009765625,7821.009765625,7837.14013671875,7787.89990234375,7834.3701171875,1709500000,0.000598527330922324
2018-08-21,7859.169921875,7859.169921875,7897.68017578125,7836.7900390625,7840.08984375,1788860000,0.004867320700090972
2018-08-22,7889.10009765625,7889.10009765625,7897.6298828125,7840.83984375,7844.0400390625,1669240000,0.0038010793287848598
2018-08-23,7878.4599609375,7878.4599609375,7926.31982421875,7866.52978515625,7886.47021484375,1888600000,-0.0013496239486998085
2018-08-24,7945.97998046875,7945.97998046875,7949.7099609375,7907.10009765625,7907.81005859375,1892990000,0.008533689601206361
2018-08-27,8017.89990234375,8017.89990234375,8024.93994140625,7976.60009765625,7989.64013671875,2333790000,0.009010392083066462
2018-08-28,8030.0400390625,8030.0400390625,8046.31005859375,8009.58984375,8039.009765625,1980270000,0.0015129841062377677
2018-08-29,8109.68994140625,8109.68994140625,8113.56005859375,8042.10009765625,8044.33984375,1909880000,0.00987012162643435
2018-08-30,8088.35986328125,8088.35986328125,8133.2998046875,8069.56982421875,8094.2001953125,2022720000,-0.002633661547073223
2018-08-31,8109.5400390625,8109.5400390625,8119.81982421875,8079.31005859375,8079.31005859375,1906900000,0.002615177026669387
2018-09-04,8091.25,8091.25,8104.06982421875,8042.14013671875,8087.9501953125,2238710000,-0.0022579203593070863
2018-09-05,7995.169921875,7995.169921875,8077.83984375,7962.35009765625,8073.52978515625,2602810000,-0.01194563129969452
2018-09-06,7922.72998046875,7922.72998046875,8001.97021484375,7885.490234375,7998.27001953125,2375380000,-0.009101758641426221
2018-09-07,7902.5400390625,7902.5400390625,7962.52978515625,7873.93017578125,7878.7900390625,2158930000,-0.002551609209266961
2018-09-10,7924.16015625,7924.16015625,7945.02978515625,7890.39013671875,7939.56982421875,2055430000,0.002732108445747185
2018-09-11,7972.47021484375,7972.47021484375,7986.31982421875,7880.919921875,7894.8701171875,2345080000,0.006078043735167767
2018-09-12,7954.22998046875,7954.22998046875,7965.39013671875,7884.0498046875,7958.8701171875,2372320000,-0.002290523727588993
2018-09-13,8013.7099609375,8013.7099609375,8037.509765625,7989.85009765625,7999.93017578125,2332930000,0.007449959830897455
2018-09-14,8010.0400390625,8010.0400390625,8040.830078125,7979.77978515625,8026.16015625,2069380000,-0.00045806030912466157
2018-09-17,7895.7900390625,7895.7900390625,8002.77978515625,7890.06982421875,7992.2099609375,2303600000,-0.014366048722210843
2018-09-18,7956.10986328125,7956.10986328125,7986.10009765625,7901.009765625,7903.56982421875,2328260000,0.007610458775181269
2018-09-19,7950.0400390625,7950.0400390625,7976.1201171875,7917.72998046875,7962.5498046875,2167720000,-0.0007632047416434572
2018-09-20,8028.22998046875,8028.22998046875,8039.06005859375,7986.41015625,7993.52978515625,2306580000,0.00978711280321286
2018-09-21,7986.9599609375,7986.9599609375,8057.259765625,7979.669921875,8041.68994140625,3729890000,-0.005153870923131796
2018-09-24,7993.25,7993.25,7997.89990234375,7912.47021484375,7939.3798828125,2433260000,0.0007872286287500391
2018-09-25,8007.47021484375,8007.47021484375,8014.1201171875,7979.2900390625,8001.58984375,2328660000,0.0017774473144537082
2018-09-26,7990.3701171875,7990.3701171875,8067.02978515625,7982.759765625,8011.68017578125,2342370000,-0.0021378015799517077
2018-09-27,8041.97021484375,8041.97021484375,8071.56005859375,8017.91015625,8021.22021484375,2073930000,0.006437023511163868
2018-09-28,8046.35009765625,8046.35009765625,8065.06005859375,8015.8701171875,8024.5,2342120000,0.0005444798258151167
2018-10-01,8037.2998046875,8037.2998046875,8107.3798828125,8019.77001953125,8091.5,2299520000,-0.001125402999805149
2018-10-02,7999.5498046875,7999.5498046875,8054.14990234375,7983.990234375,8024.47021484375,2416800000,-0.004707915911818703
2018-10-03,8025.08984375,8025.08984375,8053.93017578125,8012.02978515625,8034.64990234375,3095630000,0.0031875987539673662
2018-10-04,7879.509765625,7879.509765625,7997.169921875,7833.16015625,7993.330078125,3302690000,-0.01830717498590276
2018-10-05,7788.4501953125,7788.4501953125,7902.669921875,7715.97021484375,7874.759765625,2699370000,-0.011623797330643629
2018-10-08,7735.9501953125,7735.9501953125,7797.31982421875,7654.83984375,7747.10009765625,2259300000,-0.006763572030761691
2018-10-09,7738.02001953125,7738.02001953125,7799.75,7718.9501953125,7728.509765625,2466440000,0.00026752335727117465
2018-10-10,7422.0498046875,7422.0498046875,7701.2001953125,7420.56005859375,7694.080078125,3111680000,-0.04169057041705027
2018-10-11,7329.06005859375,7329.06005859375,7493.2099609375,7274.0400390625,7388.06982421875,3154520000,-0.012607997468520165
2018-10-12,7496.89013671875,7496.89013671875,7516.68994140625,7368.330078125,7507.83984375,2674210000,0.022641010553660704
2018-10-15,7430.740234375,7430.740234375,7500.93017578125,7400.06982421875,7473.330078125,2167000000,-0.008862804571271032
2018-10-16,7645.490234375,7645.490234375,7658.14013671875,7493.43994140625,7501.77978515625,2639760000,0.028490480618551608
2018-10-17,7642.7001953125,7642.7001953125,7670.490234375,7563.08984375,7669.259765625,2385070000,-0.0003649927185700407
2018-10-18,7485.14013671875,7485.14013671875,7616.85986328125,7452.4599609375,7616.47021484375,2567980000,-0.020831229406195338
2018-10-19,7449.02978515625,7449.02978515625,7582.89013671875,7428.2998046875,7530.16015625,2547790000,-0.004835946306432387
2018-10-22,7468.6298828125,7468.6298828125,7520.5400390625,7424.740234375,7486.740234375,2301010000,0.0026277726360612085
2018-10-23,7437.5400390625,7437.5400390625,7472.580078125,7260.1298828125,7328.5498046875,2752010000,-0.004171412105854851
2018-10-24,7108.39990234375,7108.39990234375,7435.68994140625,7099.0,7423.2099609375,2959560000,-0.04526298466957276
2018-10-25,7318.33984375,7318.33984375,7364.81982421875,7178.5400390625,7197.490234375,2788090000,0.02910633535786402
2018-10-26,7167.2099609375,7167.2099609375,7283.31982421875,7057.0,7125.18017578125,2971530000,-0.02086705285381519
2018-10-29,7050.2900390625,7050.2900390625,7295.60986328125,6922.830078125,7272.419921875,2711900000,-0.016447695824603176
2018-10-30,7161.64990234375,7161.64990234375,7166.83984375,7001.47998046875,7017.8701171875,2699220000,0.01567163144462349
2018-10-31,7305.89990234375,7305.89990234375,7368.490234375,7270.6298828125,7276.6201171875,2918880000,0.01994183981730184
2018-11-01,7434.06005859375,7434.06005859375,7435.8798828125,7286.5,7327.81982421875,2728760000,0.017389923216889792
2018-11-02,7356.990234375,7356.990234375,7466.52978515625,7298.68017578125,7424.02001953125,2899670000,-0.010421237192339805
2018-11-05,7328.85009765625,7328.85009765625,7349.22998046875,7255.8798828125,7344.080078125,2186310000,-0.003832286137168563
2018-11-06,7375.9599609375,7375.9599609375,7400.64013671875,7320.89013671875,7326.06982421875,2300920000,0.006407430530376597
2018-11-07,7570.75,7570.75,7572.93017578125,7435.8701171875,7446.08984375,2687410000,0.026066079888775167
2018-11-08,7530.8798828125,7530.8798828125,7566.93017578125,7499.7099609375,7544.169921875,2475160000,-0.005280252546508446
2018-11-09,7406.89990234375,7406.89990234375,7474.33984375,7349.47998046875,7468.509765625,2426750000,-0.01659990027946333
2018-11-12,7200.8701171875,7200.8701171875,7371.08984375,7193.77001953125,7364.0498046875,2305340000,-0.02821011668331967
2018-11-13,7200.8701171875,7200.8701171875,7319.1201171875,7182.85986328125,7230.68994140625,2361240000,0.0
2018-11-14,7136.39013671875,7136.39013671875,7285.56982421875,7101.169921875,7265.39013671875,2566210000,-0.008994802921004108
2018-11-15,7259.02978515625,7259.02978515625,7274.259765625,7072.35986328125,7112.830078125,2523500000,0.017039116089412196
2018-11-16,7247.8701171875,7247.8701171875,7274.85986328125,7171.7001953125,7193.60009765625,2466980000,-0.0015385327320372028
2018-11-19,7028.47998046875,7028.47998046875,7224.1201171875,7011.39990234375,7217.240234375,2381430000,-0.030737185316640953
2018-11-20,6908.81982421875,6908.81982421875,6994.75,6830.759765625,6867.43017578125,2672250000,-0.017171632699517898
2018-11-21,6972.25,6972.25,7029.93017578125,6951.6201171875,6985.509765625,1867840000,0.009139153981611482
2018-11-23,6938.97998046875,6938.97998046875,6987.89013671875,6919.16015625,6919.52001953125,958950000,-0.0047831978926308446
2018-11-26,7081.85009765625,7081.85009765625,7083.93017578125,7003.1201171875,7026.5,2036910000,0.020380399958705674
2018-11-27,7082.7001953125,7082.7001953125,7105.14013671875,7014.35986328125,7041.22998046875,2076790000,0.00012003171857734702
2018-11-28,7291.58984375,7291.58984375,7292.7099609375,7090.97998046875,7135.080078125,2413120000,0.029066389289646947
2018-11-29,7273.080078125,7273.080078125,7319.9599609375,7217.68994140625,7267.3701171875,2018190000,-0.0025417363646910753
2018-11-30,7330.5400390625,7330.5400390625,7332.7900390625,7255.68017578125,7279.2998046875,2547970000,0.007869316922645475
2018-12-03,7441.509765625,7441.509765625,7486.509765625,7392.22021484375,7486.1298828125,2643150000,0.015024565381903974
2018-12-04,7158.43017578125,7158.43017578125,7421.10986328125,7150.10986328125,7407.9501953125,2655720000,-0.03878304600426648
2018-12-06,7188.259765625,7188.259765625,7189.52001953125,6984.33984375,7017.0498046875,2857650000,0.004158399317293842
2018-12-07,6969.25,6969.25,7205.3701171875,6945.27001953125,7163.490234375,2504680000,-0.03094149209317898
2018-12-10,7020.52001953125,7020.52001953125,7047.6201171875,6878.990234375,6959.6298828125,2380270000,0.007329677184979998
2018-12-11,7031.830078125,7031.830078125,7129.830078125,6983.009765625,7121.66015625,2286810000,0.001609703851287379
2018-12-12,7098.31005859375,7098.31005859375,7197.2900390625,7096.56005859375,7127.0,2427080000,0.009409739797904772
2018-12-13,7070.330078125,7070.330078125,7154.64013671875,7034.81982421875,7135.27978515625,2162210000,-0.003949569834596789
2018-12-14,6910.66015625,6910.66015625,7027.169921875,6898.990234375,6986.3701171875,2218330000,-0.02284199638844531
2018-12-17,6753.72998046875,6753.72998046875,6931.81005859375,6710.009765625,6886.4599609375,2697400000,-0.022970227614571542
2018-12-18,6783.91015625,6783.91015625,6847.27001953125,6733.7099609375,6809.81982421875,2623270000,0.004458712962559901
2018-12-19,6636.830078125,6636.830078125,6868.85986328125,6586.5,6777.58984375,2919140000,-0.02191920329965038
2018-12-20,6528.41015625,6528.41015625,6666.2001953125,6447.91015625,6607.759765625,3282440000,-0.016471005628987238
2018-12-21,6332.990234375,6332.990234375,6586.68017578125,6304.6298828125,6573.490234375,4571670000,-0.03039093048481333
2018-12-24,6192.919921875,6192.919921875,6355.18017578125,6190.169921875,6278.490234375,1647440000,-0.02236582406431099
2018-12-26,6554.35986328125,6554.35986328125,6555.52978515625,6214.33984375,6257.85986328125,2572890000,0.056723764750136206
2018-12-27,6579.490234375,6579.490234375,6583.009765625,6336.97021484375,6457.18994140625,2449110000,0.0038268141596525447
2018-12-28,6584.52001953125,6584.52001953125,6684.18017578125,6529.22021484375,6616.7900390625,2216250000,0.000764172209532057
2018-12-31,6635.27978515625,6635.27978515625,6659.9599609375,6570.06005859375,6649.52001953125,2109320000,0.007679392400735193
2019-01-02,6665.93994140625,6665.93994140625,6693.7099609375,6506.8798828125,6506.91015625,2261800000,0.004610135188027707
2019-01-03,6463.5,6463.5,6600.2099609375,6457.1298828125,6584.77001953125,2631550000,-0.030840003413063557
2019-01-04,6738.85986328125,6738.85986328125,6760.68994140625,6554.240234375,6567.14013671875,2596150000,0.04171978412266962
2019-01-07,6823.47021484375,6823.47021484375,6855.60009765625,6741.39990234375,6757.52978515625,2523450000,0.01247742073715234
2019-01-08,6897.0,6897.0,6909.580078125,6795.85986328125,6893.43994140625,2407340000,0.010718362847466868
2019-01-09,6957.080078125,6957.080078125,6985.22021484375,6899.56005859375,6923.06005859375,2434500000,0.008673322865231559
2019-01-10,6986.06982421875,6986.06982421875,6991.3701171875,6877.080078125,6908.64990234375,2190110000,0.004158283898455209
2019-01-11,6971.47998046875,6971.47998046875,6975.64990234375,6933.60009765625,6947.4599609375,2074310000,-0.002090603188675801
2019-01-14,6905.919921875,6905.919921875,6936.22021484375,6887.47998046875,6908.02978515625,1960780000,-0.009448534565961127
2019-01-15,7023.830078125,7023.830078125,7025.85009765625,6928.1201171875,6931.39013671875,2066090000,0.01692966097108439
2019-01-16,7034.68994140625,7034.68994140625,7079.6298828125,7028.1201171875,7033.75,2163730000,0.0015449514495489678
2019-01-17,7084.4599609375,7084.4599609375,7113.9501953125,7003.6201171875,7010.1298828125,2149280000,0.0070500314846657745
2019-01-18,7157.22998046875,7157.22998046875,7185.3798828125,7096.6201171875,7134.10009765625,2459920000,0.010219384517698674
2019-01-22,7020.35986328125,7020.35986328125,7110.16015625,6979.81005859375,7109.56982421875,2397660000,-0.019308552581686445
2019-01-23,7025.77001953125,7025.77001953125,7084.85009765625,6953.22998046875,7061.64990234375,2288090000,0.0007703412345865474
2019-01-24,7073.4599609375,7073.4599609375,7078.9599609375,7029.9501953125,7042.25,2419110000,0.006764925935189553
2019-01-25,7164.85986328125,7164.85986328125,7174.56005859375,7111.08984375,7128.18017578125,2446550000,0.012838756110327301
2019-01-28,7085.68017578125,7085.68017578125,7086.2998046875,7034.25,7075.009765625,2448790000,-0.011112631817476794
2019-01-29,7028.2900390625,7028.2900390625,7092.2900390625,7011.47021484375,7087.490234375,2106370000,-0.008132432213352268
2019-01-30,7183.080078125,7183.080078125,7201.31005859375,7065.56982421875,7094.7900390625,2569410000,0.021784832765876307
2019-01-31,7281.740234375,7281.740234375,7303.1201171875,7205.9501953125,7208.169921875,2947490000,0.01364160551103814
2019-02-01,7263.8701171875,7263.8701171875,7299.93994140625,7243.41015625,7256.3701171875,2398800000,-0.0024571160296978757
2019-02-04,7347.5400390625,7347.5400390625,7348.22998046875,7261.06982421875,7266.27978515625,2106030000,0.011452807845096613
2019-02-05,7402.080078125,7402.080078125,7408.68017578125,7355.35986328125,7356.33984375,2284960000,0.00739548370868154
2019-02-06,7375.27978515625,7375.27978515625,7410.77001953125,7346.72021484375,7400.43994140625,2179400000,-0.0036272138731508357
2019-02-07,7288.35009765625,7288.35009765625,7336.740234375,7235.0498046875,7316.5,2310700000,-0.011856642123861078
2019-02-08,7298.2001953125,7298.2001953125,7299.43994140625,7225.14013671875,7232.2998046875,2102520000,0.00135057281614435
2019-02-11,7307.89990234375,7307.89990234375,7343.56005859375,7290.02978515625,7327.3701171875,1908490000,0.0013281722557409628
2019-02-12,7414.6201171875,7414.6201171875,7419.43017578125,7349.7998046875,7358.85009765625,2140130000,0.014497801185621979
2019-02-13,7420.3798828125,7420.3798828125,7461.66015625,7413.83984375,7437.4599609375,2103840000,0.0007765104030215458
2019-02-14,7426.9501953125,7426.9501953125,7454.419921875,7375.7099609375,7390.25,2117500000,0.0008850497556546418
2019-02-15,7472.41015625,7472.41015625,7477.27978515625,7440.259765625,7468.56982421875,2263640000,0.006102289082795742
2019-02-19,7486.77001953125,7486.77001953125,7507.7900390625,7450.27001953125,7450.75,2124140000,0.0019198736191796573
2019-02-20,7489.06982421875,7489.06982421875,7513.7001953125,7455.25,7490.31005859375,2202670000,0.00030713532323710325
2019-02-21,7459.7099609375,7459.7099609375,7485.75,7430.89013671875,7475.41015625,2144680000,-0.0039280665652146555
2019-02-22,7527.5400390625,7527.5400390625,7527.5400390625,7479.009765625,7481.6298828125,2428560000,0.009051766169176747
2019-02-25,7554.4599609375,7554.4599609375,7602.68994140625,7551.60986328125,7585.2998046875,2399410000,0.0035698117574532147
2019-02-26,7549.2998046875,7549.2998046875,7573.22021484375,7524.31005859375,7535.2900390625,2305760000,-0.0006832942963663161
2019-02-27,7554.509765625,7554.509765625,7562.2900390625,7485.39013671875,7526.419921875,2430790000,0.0006898870274924959
2019-02-28,7532.52978515625,7532.52978515625,7561.89990234375,7516.47998046875,7533.31005859375,2676790000,-0.0029137586529924936
2019-03-01,7595.35009765625,7595.35009765625,7603.0400390625,7540.75,7587.4501953125,2490920000,0.008305284558913564
2019-03-04,7577.56982421875,7577.56982421875,7643.66015625,7501.56005859375,7636.6201171875,2582090000,-0.002343686207766131
2019-03-05,7576.35986328125,7576.35986328125,7598.66015625,7543.5400390625,7582.2900390625,2166670000,-0.0001596893960870817
2019-03-06,7505.919921875,7505.919921875,7579.02001953125,7499.8701171875,7575.3798828125,2256550000,-0.009340823081353283
2019-03-07,7421.4599609375,7421.4599609375,7489.080078125,7397.18994140625,7483.7900390625,2462690000,-0.011316234048727796
2019-03-08,7408.14013671875,7408.14013671875,7411.52001953125,7332.919921875,7334.35009765625,2260950000,-0.001796383950066561
2019-03-11,7558.06005859375,7558.06005859375,7558.22998046875,7442.39990234375,7442.56005859375,2248460000,0.020035137147738583
2019-03-12,7591.02978515625,7591.02978515625,7611.1298828125,7560.4599609375,7571.85009765625,2171620000,0.004352707516611882
2019-03-13,7643.41015625,7643.41015625,7677.06982421875,7619.4599609375,7621.3798828125,2379260000,0.006876600348556077
2019-03-14,7630.91015625,7630.91015625,7653.10009765625,7627.02001953125,7644.7900390625,2198900000,-0.001636734405823722
2019-03-15,7688.52978515625,7688.52978515625,7714.9599609375,7652.0400390625,7658.41015625,3451860000,0.007522455238329687
2019-03-18,7714.47998046875,7714.47998046875,7737.669921875,7677.740234375,7696.3798828125,2302140000,0.003369499891196651
2019-03-19,7723.9501953125,7723.9501953125,7767.89013671875,7699.14990234375,7747.39990234375,2457920000,0.001226836656803406
2019-03-20,7728.97021484375,7728.97021484375,7779.240234375,7674.0400390625,7721.9501953125,2464230000,0.0006497179270455389
2019-03-21,7838.9599609375,7838.9599609375,7850.10986328125,7705.43017578125,7705.43017578125,2502810000,0.014130533089684925
2019-03-22,7642.669921875,7642.669921875,7817.830078125,7642.56982421875,7800.25,2504740000,-0.025359159175434083
2019-03-25,7637.5400390625,7637.5400390625,7662.3798828125,7579.2900390625,7618.97998046875,2162490000,-0.0006714414289255697
2019-03-26,7691.52001953125,7691.52001953125,7738.169921875,7649.2099609375,7700.0,2080350000,0.0070428589082249925
2019-03-27,7643.3798828125,7643.3798828125,7712.83984375,7582.08984375,7702.0498046875,2244070000,-0.0062785274328739996
2019-03-28,7669.169921875,7669.169921875,7689.16015625,7619.81982421875,7660.06982421875,1922150000,0.00336848712689225
2019-03-29,7729.31982421875,7729.31982421875,7733.6201171875,7688.509765625,7726.7099609375,2311790000,0.007812481518906644
2019-04-01,7828.91015625,7828.91015625,7831.4501953125,7777.08984375,7800.240234375,2230050000,0.012802445061177807
2019-04-02,7848.68994140625,7848.68994140625,7854.919921875,7811.27978515625,7824.60986328125,2123250000,0.002523319325419172
2019-04-03,7895.5498046875,7895.5498046875,7938.259765625,7870.89990234375,7891.18017578125,2509630000,0.00595265346648279
2019-04-04,7891.77978515625,7891.77978515625,7917.64990234375,7844.9599609375,7894.259765625,2152640000,-0.0004776006710264243
2019-04-05,7938.68994140625,7938.68994140625,7940.4501953125,7909.14013671875,7914.509765625,2157050000,0.005926582643182982
2019-04-08,7953.8798828125,7953.8798828125,7955.89990234375,7891.85009765625,7924.89013671875,2075550000,0.0019115783287113528
2019-04-09,7909.27978515625,7909.27978515625,7945.5498046875,7897.60986328125,7924.77001953125,2078800000,-0.00562311873661748
2019-04-10,7964.240234375,7964.240234375,7965.330078125,7916.89990234375,7922.72998046875,2012290000,0.006924824333652936
2019-04-11,7947.35986328125,7947.35986328125,7975.2001953125,7933.41015625,7975.2001953125,1969480000,-0.002121769944313565
2019-04-12,7984.16015625,7984.16015625,7992.08984375,7952.60986328125,7984.14990234375,1968900000,0.0046198176162883
2019-04-15,7976.009765625,7976.009765625,7993.330078125,7933.56982421875,7987.16015625,1827710000,-0.0010213414234804842
2019-04-16,8000.22998046875,8000.22998046875,8017.56005859375,7978.81005859375,8000.56982421875,2102740000,0.003032031790185138
2019-04-17,7996.080078125,7996.080078125,8052.39990234375,7973.3798828125,8044.97021484375,2317330000,-0.0005188574642089053
2019-04-18,7998.06005859375,7998.06005859375,8002.31005859375,7950.97021484375,7998.4501953125,2124630000,0.00024758823693415245
2019-04-22,8015.27001953125,8015.27001953125,8017.14990234375,7965.89990234375,7969.3701171875,1790990000,0.0021494551701109537
2019-04-23,8120.81982421875,8120.81982421875,8128.8701171875,8023.81005859375,8026.75,2099410000,0.013082637882782815
2019-04-24,8102.009765625,8102.009765625,8139.5498046875,8101.7001953125,8122.8798828125,2043310000,-0.002318962535970844
2019-04-25,8118.68017578125,8118.68017578125,8151.83984375,8075.41015625,8150.85009765625,2073370000,0.002055450919248558
2019-04-26,8146.39990234375,8146.39990234375,8146.419921875,8060.89013671875,8100.27978515625,1982560000,0.0034084988535381315
2019-04-29,8161.85009765625,8161.85009765625,8176.080078125,8136.41015625,8147.64990234375,1781860000,0.0018947710434763067
2019-04-30,8095.39013671875,8095.39013671875,8124.60986328125,8050.5498046875,8104.91015625,2131850000,-0.008176090186001683
2019-05-01,8049.64013671875,8049.64013671875,8146.0,8048.22998046875,8132.93017578125,2273540000,-0.005667393827094567
2019-05-02,8036.77001953125,8036.77001953125,8094.06005859375,7976.77001953125,8046.47998046875,2211530000,-0.0016001233101155714
2019-05-03,8164.0,8164.0,8164.7099609375,8084.7998046875,8092.8798828125,2081080000,0.015706981339672476
2019-05-06,8123.2900390625,8123.2900390625,8135.5400390625,7981.85009765625,7981.85009765625,1979650000,-0.004998995611691835
2019-05-07,7963.759765625,7963.759765625,8070.97021484375,7899.02001953125,8043.52001953125,2397600000,-0.01983402862848363
2019-05-08,7943.31982421875,7943.31982421875,8004.490234375,7923.35009765625,7946.240234375,2214680000,-0.002569918952175665
2019-05-09,7910.58984375,7910.58984375,7929.77978515625,7796.16015625,7853.2099609375,2549500000,-0.004128953381632481
2019-05-10,7916.93994140625,7916.93994140625,7949.33984375,7759.33984375,7881.31005859375,2421470000,0.0008024117576354412
2019-05-13,7647.02001953125,7647.02001953125,7760.830078125,7627.22021484375,7720.06982421875,2484820000,-0.03468872811374895
2019-05-14,7734.490234375,7734.490234375,7776.2001953125,7665.2998046875,7689.66015625,2103140000,0.011373546070427369
2019-05-15,7822.14990234375,7822.14990234375,7838.72021484375,7682.240234375,7682.7998046875,2014080000,0.011269862258100203
2019-05-16,7898.0498046875,7898.0498046875,7946.22998046875,7826.669921875,7832.580078125,2168720000,0.009656428485821406
2019-05-17,7816.27978515625,7816.27978515625,7918.7099609375,7810.35009765625,7829.02978515625,2176380000,-0.010407158268862267
2019-05-20,7702.3798828125,7702.3798828125,7747.27001953125,7678.35009765625,7714.06005859375,2130700000,-0.014679353767466347
2019-05-21,7785.72021484375,7785.72021484375,7804.43994140625,7752.919921875,7765.56982421875,2000130000,0.010761957357637741
2019-05-22,7750.83984375,7750.83984375,7786.330078125,7738.35009765625,7749.7998046875,1884660000,-0.004490109723692007
2019-05-23,7628.27978515625,7628.27978515625,7665.14990234375,7585.31982421875,7660.72021484375,2270530000,-0.015938838659661676
2019-05-24,7637.009765625,7637.009765625,7694.14990234375,7631.25,7675.56982421875,1685230000,0.0011437688609085457
2019-05-28,7607.35009765625,7607.35009765625,7693.740234375,7603.759765625,7655.66015625,2378470000,-0.003891236583184043
2019-05-29,7547.31005859375,7547.31005859375,7581.10986328125,7503.93994140625,7553.02001953125,2282120000,-0.007923681900655634
2019-05-30,7567.72021484375,7567.72021484375,7595.89990234375,7527.66015625,7565.4599609375,1875180000,0.002700645421923486
2019-05-31,7453.14990234375,7453.14990234375,7506.85986328125,7448.22998046875,7470.9501953125,2239420000,-0.015255112850742032
2019-06-03,7333.02001953125,7333.02001953125,7457.66015625,7292.22021484375,7441.2099609375,2580670000,-0.016249309549947098
2019-06-04,7527.1201171875,7527.1201171875,7529.5,7385.02001953125,7413.93994140625,2374130000,0.026125074932523477
2019-06-05,7575.47998046875,7575.47998046875,7589.47021484375,7498.169921875,7585.68017578125,2139290000,0.006404199045652896
2019-06-06,7615.5498046875,7615.5498046875,7634.1201171875,7546.22021484375,7582.240234375,2093470000,0.005275470816131185
2019-06-07,7742.10009765625,7742.10009765625,7767.02001953125,7647.91015625,7652.97021484375,2074120000,0.016480797282314514
2019-06-10,7823.169921875,7823.169921875,7895.43994140625,7795.759765625,7798.8701171875,2042340000,0.010416852029554056
2019-06-11,7822.56982421875,7822.56982421875,7909.990234375,7798.6298828125,7901.0400390625,2121150000,-7.671067859787108e-05
2019-06-12,7792.72021484375,7792.72021484375,7819.16015625,7773.97021484375,7803.1298828125,1978930000,-0.003823130490430538
2019-06-13,7837.1298828125,7837.1298828125,7848.35986328125,7813.60009765625,7822.56005859375,1848360000,0.0056826888551269935
2019-06-14,7796.66015625,7796.66015625,7819.2099609375,7778.1201171875,7807.18994140625,1808370000,-0.005177224058406514
2019-06-17,7845.02001953125,7845.02001953125,7865.97998046875,7812.60986328125,7819.43017578125,1950550000,0.006183481163924349
2019-06-18,7953.8798828125,7953.8798828125,8005.2099609375,7911.669921875,7920.97998046875,2250550000,0.013780907123609843
2019-06-19,7987.31982421875,7987.31982421875,7998.58984375,7930.3798828125,7970.259765625,2027520000,0.004195417041413874
2019-06-20,8051.33984375,8051.33984375,8088.8798828125,7996.8701171875,8087.4501953125,2108250000,0.00798325556730158
2019-06-21,8031.7099609375,8031.7099609375,8073.02001953125,8011.2001953125,8028.68994140625,2909540000,-0.0024410659418996517
2019-06-24,8005.7001953125,8005.7001953125,8047.56005859375,8004.6298828125,8040.580078125,2073470000,-0.0032436394874329377
2019-06-25,7884.72021484375,7884.72021484375,8007.31005859375,7879.14990234375,8005.27001953125,2132550000,-0.015227075799194738
2019-06-26,7909.97021484375,7909.97021484375,7974.27978515625,7903.06982421875,7933.919921875,2122730000,0.0031972796962940323
2019-06-27,7967.759765625,7967.759765625,7976.580078125,7935.47021484375,7939.35986328125,2083920000,0.007279353665325068
2019-06-28,8006.240234375,8006.240234375,8010.14990234375,7961.4599609375,7988.759765625,4101490000,0.004817896980649358
2019-07-01,8091.16015625,8091.16015625,8150.4501953125,8059.2900390625,8145.85009765625,2219030000,0.010550860088116325
2019-07-02,8109.08984375,8109.08984375,8109.3701171875,8063.10986328125,8086.64990234375,1956590000,0.0022135084113789004
2019-07-03,8170.22998046875,8170.22998046875,8170.22998046875,8122.33984375,8129.56982421875,1548240000,0.007511422448441609
2019-07-05,8161.7900390625,8161.7900390625,8171.97021484375,8093.66015625,8123.27978515625,1690700000,-0.0010335454092590523
2019-07-08,8098.3798828125,8098.3798828125,8161.7900390625,8078.39013671875,8112.91015625,1957160000,-0.007799485245406705
2019-07-09,8141.72998046875,8141.72998046875,8146.97998046875,8061.31982421875,8061.41015625,1871430000,0.005338658541381367
2019-07-10,8202.5302734375,8202.5302734375,8228.599609375,8160.56005859375,8183.18994140625,2066640000,0.007439990857079314
2019-07-11,8196.0400390625,8196.0400390625,8226.1796875,8171.6298828125,8219.2802734375,1970690000,-0.0007915610434568207
2019-07-12,8244.1396484375,8244.1396484375,8245.66015625,8201.51953125,8209.2001953125,1835960000,0.00585148672739864
2019-07-15,8258.1904296875,8258.1904296875,8264.7802734375,8236.26953125,8263.1796875,1790770000,0.0017028849355057013
2019-07-16,8222.7998046875,8222.7998046875,8259.75,8204.23046875,8251.66015625,1947010000,-0.004294727306320685
2019-07-17,8185.2099609375,8185.2099609375,8230.669921875,8184.66015625,8224.0,1887120000,-0.004581897506117472
2019-07-18,8207.240234375,8207.240234375,8215.580078125,8135.1201171875,8151.759765625,2063790000,0.0026878576952559814
2019-07-19,8146.490234375,8146.490234375,8245.7802734375,8144.6298828125,8241.33984375,1893050000,-0.0074295316968085315
2019-07-22,8204.1396484375,8204.1396484375,8218.419921875,8171.5400390625,8171.990234375,1860440000,0.007051673649949459
2019-07-23,8251.400390625,8251.400390625,8251.830078125,8193.8896484375,8242.5,1845050000,0.005744068200728522
2019-07-24,8321.5,8321.5,8321.8095703125,8226.5,8227.3603515625,1953670000,0.008459596784809413
2019-07-25,8238.5400390625,8238.5400390625,8295.9501953125,8233.400390625,8294.6796875,2058090000,-0.010019378546870392
2019-07-26,8330.2099609375,8330.2099609375,8339.6396484375,8291.1201171875,8294.2998046875,1975110000,0.011065512757984943
2019-07-29,8293.330078125,8293.330078125,8325.2802734375,8247.3701171875,8325.099609375,1882980000,-0.004437074562010005
2019-07-30,8273.6103515625,8273.6103515625,8295.4599609375,8228.01953125,8231.76953125,1893610000,-0.002380612878926606
2019-07-31,8175.419921875,8175.419921875,8299.830078125,8110.02001953125,8290.7998046875,2679230000,-0.011938891760508968
2019-08-01,8111.1201171875,8111.1201171875,8311.0400390625,8080.52001953125,8190.56005859375,2815420000,-0.0078961079045728
2019-08-02,8004.06982421875,8004.06982421875,8068.7998046875,7953.669921875,8056.419921875,2262550000,-0.013285833800793255
2019-08-05,7726.0400390625,7726.0400390625,7836.4501953125,7662.89990234375,7823.330078125,2661780000,-0.035353693738982304
2019-08-06,7833.27001953125,7833.27001953125,7845.009765625,7739.56982421875,7804.509765625,2217620000,0.01378360322634235
2019-08-07,7862.830078125,7862.830078125,7881.3798828125,7702.419921875,7747.27001953125,2470170000,0.0037665526286156134
2019-08-08,8039.16015625,8039.16015625,8041.1201171875,7896.14990234375,7921.58984375,2442950000,0.022178017091956055
2019-08-09,7959.14013671875,7959.14013671875,8020.56005859375,7910.35009765625,7997.18994140625,2221180000,-0.010003648560777147
2019-08-12,7863.41015625,7863.41015625,7924.990234375,7833.7900390625,7907.490234375,2068920000,-0.012100596527620881
2019-08-13,8016.35986328125,8016.35986328125,8065.240234375,7851.580078125,7852.3701171875,2353570000,0.01926406199027027
2019-08-14,7773.93994140625,7773.93994140625,7900.27978515625,7762.8701171875,7877.330078125,2543670000,-0.030707329630179227
2019-08-15,7766.6201171875,7766.6201171875,7805.93017578125,7716.5498046875,7790.2001953125,2190810000,-0.000942028438159659
2019-08-16,7895.990234375,7895.990234375,7907.52001953125,7828.35009765625,7828.35009765625,2018710000,0.016519986958721585
2019-08-19,8002.81005859375,8002.81005859375,8026.75,7895.990234375,8006.18017578125,1946440000,0.013437671978509216
2019-08-20,7948.56005859375,7948.56005859375,8010.580078125,7948.08984375,7989.35986328125,1750730000,-0.006801949771651697
2019-08-21,8020.2099609375,8020.2099609375,8036.93994140625,7998.5,8017.06982421875,1721410000,0.008973813647767484
2019-08-22,7991.39013671875,7991.39013671875,8048.580078125,7937.1201171875,8038.7900390625,1780760000,-0.0035998719885788465
2019-08-23,7751.77001953125,7751.77001953125,8005.33984375,7730.77001953125,7943.64990234375,2214370000,-0.030443522309927168
2019-08-26,7853.740234375,7853.740234375,7856.0400390625,7789.0498046875,7829.580078125,1691990000,0.013068674394328765
2019-08-27,7826.9501953125,7826.9501953125,7916.830078125,7795.18017578125,7908.77978515625,1914930000,-0.0034169496870453155
2019-08-28,7856.8798828125,7856.8798828125,7866.8701171875,7766.669921875,7798.35009765625,1663450000,0.003816634544279108
2019-08-29,7973.39013671875,7973.39013671875,7992.2900390625,7925.830078125,7945.77978515625,1703760000,0.014720198402540755
2019-08-30,7962.8798828125,7962.8798828125,8017.91015625,7914.740234375,8015.16015625,1668110000,-0.0013190358116709343
2019-09-03,7874.16015625,7874.16015625,7940.3701171875,7847.31982421875,7906.43994140625,1938780000,-0.01120419654856244
2019-09-04,7976.8798828125,7976.8798828125,7981.41015625,7928.93994140625,7949.81005859375,1893740000,0.012960810676482627
2019-09-05,8116.830078125,8116.830078125,8134.419921875,8061.2900390625,8061.2900390625,2108700000,0.01739235061076306
2019-09-06,8103.06982421875,8103.06982421875,8134.39013671875,8098.52001953125,8125.580078125,1878730000,-0.0016967129624993586
2019-09-09,8087.43994140625,8087.43994140625,8131.66015625,8052.33984375,8130.91015625,2186660000,-0.0019307468256603043
2019-09-10,8084.16015625,8084.16015625,8086.52978515625,8001.68017578125,8049.97998046875,2366080000,-0.00040562284268875267
2019-09-11,8169.68017578125,8169.68017578125,8169.68017578125,8081.56005859375,8091.68017578125,2322610000,0.010523151078954478
2019-09-12,8194.4697265625,8194.4697265625,8243.7998046875,8176.72998046875,8206.580078125,2228100000,0.0030297412198996153
2019-09-13,8176.7099609375,8176.7099609375,8210.2001953125,8165.47021484375,8190.56982421875,1984570000,-0.002169638710314777
2019-09-16,8153.5400390625,8153.5400390625,8165.330078125,8121.25,8121.64013671875,1876540000,-0.0028376708773890907
2019-09-17,8186.02001953125,8186.02001953125,8188.22998046875,8139.81982421875,8148.64990234375,1857350000,0.003975630082183823
2019-09-18,8177.39013671875,8177.39013671875,8179.8701171875,8086.22021484375,8174.6201171875,2045590000,-0.0010547781336773165
2019-09-19,8182.8798828125,8182.8798828125,8237.4296875,8174.31982421875,8193.58984375,1818430000,0.0006711070530299582
2019-09-20,8117.669921875,8117.669921875,8202.8203125,8086.16015625,8184.8798828125,3363230000,-0.008000995008322107
2019-09-23,8112.4599609375,8112.4599609375,8135.81005859375,8085.33984375,8106.490234375,1781750000,-0.0006420110195137675
2019-09-24,7993.6298828125,7993.6298828125,8158.830078125,7969.64990234375,8147.22998046875,2310940000,-0.014756186696055464
2019-09-25,8077.3798828125,8077.3798828125,8095.0,7935.56982421875,7990.66015625,2022080000,0.010422588172031753
2019-09-26,8030.66015625,8030.66015625,8072.10986328125,7991.02001953125,8070.1201171875,1886310000,-0.005800812197732245
2019-09-27,7939.6298828125,7939.6298828125,8051.830078125,7890.27978515625,8047.10986328125,2041250000,-0.011400075901401402
2019-09-30,7999.33984375,7999.33984375,8012.16015625,7949.6298828125,7964.08984375,1809050000,0.007492358826448481
2019-10-01,7908.68017578125,7908.68017578125,8062.5,7906.2900390625,8026.830078125,2250500000,-0.011398106033724459
2019-10-02,7785.25,7785.25,7852.7001953125,7744.9599609375,7851.1298828125,2503630000,-0.015729994901695184
2019-10-03,7872.259765625,7872.259765625,7872.259765625,7700.0,7787.02001953125,2157220000,0.011114240079303
2019-10-04,7982.47021484375,7982.47021484375,7986.6201171875,7899.39013671875,7908.43994140625,1748000000,0.01390275640552845
2019-10-07,7956.2900390625,7956.2900390625,8013.31005859375,7942.080078125,7956.41015625,1759580000,-0.00328509857838617
2019-10-08,7823.77978515625,7823.77978515625,7921.8798828125,7823.72998046875,7898.27001953125,1943700000,-0.01679502944726602
2019-10-09,7903.740234375,7903.740234375,7930.919921875,7873.52001953125,7895.9599609375,1563500000,0.01016830855394172
2019-10-10,7950.77978515625,7950.77978515625,7982.83984375,7899.81005859375,7904.56005859375,1793470000,0.00593391521791813
2019-10-11,8057.0400390625,8057.0400390625,8115.7998046875,8046.7998046875,8047.33984375,2184790000,0.013276238218730554
2019-10-14,8048.64990234375,8048.64990234375,8069.85009765625,8036.41015625,8044.35009765625,1423700000,-0.001041884887669971
2019-10-15,8148.7099609375,8148.7099609375,8166.18017578125,8071.81005859375,8074.85009765625,1841660000,0.012355264352186026
2019-10-16,8124.18017578125,8124.18017578125,8146.14990234375,8103.3798828125,8119.81005859375,1900010000,-0.003014806039927553
2019-10-17,8156.85009765625,8156.85009765625,8183.64013671875,8131.25,8176.91015625,1864020000,0.004013255325415509
2019-10-18,8089.5400390625,8089.5400390625,8157.35986328125,8045.3701171875,8149.85009765625,2020020000,-0.008286203046843028
2019-10-21,8162.990234375,8162.990234375,8164.14013671875,8117.259765625,8137.419921875,1756640000,0.009038678179387092
2019-10-22,8104.2998046875,8104.2998046875,8194.6201171875,8101.97998046875,8188.1201171875,1850870000,-0.007215791223046239
2019-10-23,8119.7900390625,8119.7900390625,8122.8798828125,8078.35009765625,8090.240234375,1822180000,0.001909535663455155
2019-10-24,8185.7998046875,8185.7998046875,8187.83984375,8137.66015625,8180.0400390625,1893620000,0.00809662537386103
2019-10-25,8243.1201171875,8243.1201171875,8249.9697265625,8150.58984375,8150.58984375,1911580000,0.006978005293321289
2019-10-28,8325.990234375,8325.990234375,8335.5595703125,8285.26953125,8285.76953125,1959920000,0.010003048616786143
2019-10-29,8276.849609375,8276.849609375,8319.2900390625,8275.1396484375,8313.349609375,1842720000,-0.005919561828936592
2019-10-30,8303.98046875,8303.98046875,8315.5,8241.7001953125,8284.2802734375,1936060000,0.0032725603556233293
2019-10-31,8292.3603515625,8292.3603515625,8321.7998046875,8248.8095703125,8314.3798828125,2276140000,-0.001400323024471336
2019-11-01,8386.400390625,8386.400390625,8386.75,8326.5595703125,8335.0498046875,2071350000,0.011276741367460671
2019-11-04,8433.2001953125,8433.2001953125,8451.3701171875,8421.2998046875,8445.5,2166830000,0.005564927089038472
2019-11-05,8434.6796875,8434.6796875,8457.3896484375,8421.0498046875,8446.6201171875,2327420000,0.0001754212386587244
2019-11-06,8410.6298828125,8410.6298828125,8426.5703125,8379.330078125,8426.5703125,2342570000,-0.0028553729959383727
2019-11-07,8434.51953125,8434.51953125,8483.16015625,8415.8701171875,8455.1103515625,2403680000,0.00283638498732845
2019-11-08,8475.3095703125,8475.3095703125,8475.5703125,8405.8896484375,8422.669921875,1982140000,0.00482442701620296
2019-11-11,8464.2802734375,8464.2802734375,8467.2900390625,8425.48046875,8431.259765625,1719300000,-0.0013021919108158375
2019-11-12,8486.08984375,8486.08984375,8514.83984375,8462.990234375,8471.0703125,2001440000,0.0025733458558323285
2019-11-13,8482.099609375,8482.099609375,8496.900390625,8451.33984375,8455.01953125,2180010000,-0.00047031941263694395
2019-11-14,8479.01953125,8479.01953125,8485.3603515625,8441.580078125,8461.0595703125,2113840000,-0.00036319279798935583
2019-11-15,8540.830078125,8540.830078125,8540.830078125,8506.7998046875,8524.48046875,2199480000,0.007263380116360165
2019-11-18,8549.9404296875,8549.9404296875,8559.7802734375,8503.6201171875,8529.16015625,2053260000,0.0010661137157317857
2019-11-19,8570.66015625,8570.66015625,8589.759765625,8536.73046875,8578.01953125,2094030000,0.0024204450742405866
2019-11-20,8526.73046875,8526.73046875,8578.26953125,8468.6298828125,8543.5703125,2608780000,-0.005138770603571181
2019-11-21,8506.2099609375,8506.2099609375,8530.73046875,8487.2900390625,8527.8701171875,2073720000,-0.0024095097173930805
2019-11-22,8519.8798828125,8519.8798828125,8535.4599609375,8477.490234375,8530.5400390625,1885730000,0.001605762090737615
2019-11-25,8632.490234375,8632.490234375,8633.150390625,8559.650390625,8559.650390625,2262750000,0.013130776538301078
2019-11-26,8647.9296875,8647.9296875,8659.73046875,8625.6201171875,8635.400390625,2439370000,0.001786930792554682
2019-11-27,8705.1796875,8705.1796875,8705.91015625,8662.580078125,8669.58984375,1748520000,0.006598265068343938
2019-11-29,8665.4697265625,8665.4697265625,8697.3203125,8664.0400390625,8682.009765625,1099090000,-0.004572083537637643
2019-12-02,8567.990234375,8567.990234375,8672.83984375,8540.16015625,8672.83984375,2240300000,-0.011312937975991403
2019-12-03,8520.6396484375,8520.6396484375,8523.98046875,8435.400390625,8460.7197265625,2318760000,-0.005541779235127626
2019-12-04,8566.669921875,8566.669921875,8584.8798828125,8552.3798828125,8557.4501953125,2158870000,0.0053876690875585805
2019-12-05,8570.7001953125,8570.7001953125,8588.8896484375,8541.919921875,8587.9296875,2133380000,0.0004703491240769736
2019-12-06,8656.5302734375,8656.5302734375,8665.4404296875,8630.580078125,8634.25,2057020000,0.009964548679817702
2019-12-09,8621.830078125,8621.830078125,8678.849609375,8619.76953125,8650.8603515625,2123870000,-0.0040166128334494155
2019-12-10,8616.1796875,8616.1796875,8650.759765625,8600.8203125,8623.5595703125,2058760000,-0.000655573457051218
2019-12-11,8654.0498046875,8654.0498046875,8658.48046875,8622.3603515625,8631.1201171875,1982080000,0.004385602160358097
2019-12-12,8717.3203125,8717.3203125,8745.8203125,8633.599609375,8645.3603515625,2396400000,0.007284490188919363
2019-12-13,8734.8798828125,8734.8798828125,8768.8701171875,8697.580078125,8713.91015625,2219630000,0.002012305158251767
2019-12-16,8814.23046875,8814.23046875,8833.4501953125,8789.76953125,8791.3095703125,2368050000,0.009043321870158121
2019-12-17,8823.3603515625,8823.3603515625,8831.990234375,8804.599609375,8829.4697265625,2382450000,0.001035275590749401
2019-12-18,8827.740234375,8827.740234375,8848.759765625,8820.419921875,8834.650390625,2742330000,0.0004962730659278205
2019-12-19,8887.2197265625,8887.2197265625,8888.1298828125,8838.9697265625,8838.9697265625,2446890000,0.0067151961767694555
2019-12-20,8924.9599609375,8924.9599609375,8931.91015625,8901.8701171875,8911.83984375,3830200000,0.004237582543243408
2019-12-23,8945.650390625,8945.650390625,8956.6396484375,8934.5498046875,8950.2001953125,2028670000,0.002315582794935925
2019-12-24,8952.8798828125,8952.8798828125,8957.1201171875,8934.3603515625,8955.009765625,1014530000,0.0008078308632286349
2019-12-26,9022.3896484375,9022.3896484375,9022.4599609375,8968.4599609375,8970.2099609375,1639960000,0.007733971607721815
2019-12-27,9006.6201171875,9006.6201171875,9052.0,8987.3203125,9049.4697265625,1833740000,-0.0017493512374261691
2019-12-30,8945.990234375,8945.990234375,9006.3603515625,8909.1904296875,9004.4501953125,2051320000,-0.006754462123731196
2019-12-31,8972.599609375,8972.599609375,8975.3603515625,8912.76953125,8918.740234375,2186830000,0.002970032217081912
2020-01-02,9092.1904296875,9092.1904296875,9093.4296875,9010.8896484375,9039.4599609375,2862700000,0.01324040491523017
2020-01-03,9020.76953125,9020.76953125,9065.759765625,8976.4296875,8976.4296875,2586520000,-0.007886206201894253
2020-01-06,9071.4697265625,9071.4697265625,9072.41015625,8943.5,8943.5,2810450000,0.00560464929813982
2020-01-07,9068.580078125,9068.580078125,9091.9296875,9042.5498046875,9076.6396484375,2381740000,-0.0003185932225164833
2020-01-08,9129.240234375,9129.240234375,9168.8896484375,9059.3798828125,9068.0302734375,2472620000,0.006666774358978516
2020-01-09,9203.4296875,9203.4296875,9215.9501953125,9158.5,9202.26953125,2540960000,0.008093731948921294
2020-01-10,9178.8603515625,9178.8603515625,9235.2001953125,9164.66015625,9232.9501953125,2382900000,-0.0026731544890028105
2020-01-13,9273.9296875,9273.9296875,9274.490234375,9193.0595703125,9213.7197265625,2536820000,0.010304152044722969
2020-01-14,9251.330078125,9251.330078125,9298.330078125,9226.490234375,9270.6103515625,2553160000,-0.002439870843610679
2020-01-15,9258.7001953125,9258.7001953125,9298.8203125,9231.1396484375,9253.759765625,2443220000,0.0007963377118361008
2020-01-16,9357.1298828125,9357.1298828125,9357.919921875,9301.3203125,9313.4501953125,2312110000,0.010574935886487256
2020-01-17,9388.9404296875,9388.9404296875,9393.48046875,9346.8095703125,9392.3701171875,2542540000,0.0033938395490808416
2020-01-21,9370.8095703125,9370.8095703125,9397.580078125,9350.2001953125,9361.0703125,2686610000,-0.0019329537995132332
2020-01-22,9383.76953125,9383.76953125,9439.2900390625,9375.1298828125,9413.6103515625,2454580000,0.0013820585287682805
2020-01-23,9402.48046875,9402.48046875,9409.2001953125,9334.1298828125,9377.7197265625,2465850000,0.0019919828264902454
2020-01-24,9314.91015625,9314.91015625,9451.4296875,9273.23046875,9446.2099609375,2622970000,-0.009357175174791791
2020-01-27,9139.3095703125,9139.3095703125,9185.4501953125,9088.0400390625,9092.4599609375,2593910000,-0.01903151568560962
2020-01-28,9269.6796875,9269.6796875,9288.8701171875,9182.330078125,9201.8203125,2169020000,0.01416398205332688
2020-01-29,9275.16015625,9275.16015625,9329.1201171875,9249.0400390625,9318.259765625,2234620000,0.0005910505516059476
2020-01-30,9298.9296875,9298.9296875,9303.0,9185.1796875,9211.150390625,2345370000,0.0025594303059273717
2020-01-31,9150.9404296875,9150.9404296875,9324.7998046875,9123.2197265625,9324.330078125,2696090000,-0.0160426529637304
2020-02-03,9273.400390625,9273.400390625,9299.849609375,9188.5498046875,9190.7197265625,2427320000,0.013293475790294685
2020-02-04,9467.9697265625,9467.9697265625,9485.3798828125,9374.0498046875,9398.3896484375,2447340000,0.02076436520151893
2020-02-05,9508.6796875,9508.6796875,9574.9404296875,9454.9296875,9574.099609375,2470240000,0.004290538598330176
2020-02-06,9572.150390625,9572.150390625,9575.66015625,9505.6796875,9540.98046875,2313860000,0.006652848641086346
2020-02-07,9520.509765625,9520.509765625,9570.08984375,9496.5302734375,9526.6396484375,2243720000,-0.005409487259016194
2020-02-10,9628.3896484375,9628.3896484375,9628.66015625,9493.6298828125,9493.6298828125,2187520000,0.01126759526329323
2020-02-11,9638.9404296875,9638.9404296875,9714.740234375,9617.2099609375,9680.8896484375,2450070000,0.0010951992063065923
2020-02-12,9725.9599609375,9725.9599609375,9728.76953125,9666.6904296875,9688.599609375,2366510000,0.00898740662053927
2020-02-13,9711.9697265625,9711.9697265625,9748.3203125,9650.01953125,9657.0400390625,2254870000,-0.0014394780736095318
2020-02-14,9731.1796875,9731.1796875,9746.3603515625,9693.0498046875,9728.900390625,2226720000,0.001976013944968778
2020-02-18,9732.740234375,9732.740234375,9747.6796875,9675.7998046875,9679.0400390625,2279420000,0.00016035278449633917
2020-02-19,9817.1796875,9817.1796875,9838.3701171875,9777.099609375,9782.8095703125,2470860000,0.00863839632568898
2020-02-20,9750.9697265625,9750.9697265625,9820.8603515625,9636.9404296875,9799.2001953125,2745730000,-0.006767141052087833
2020-02-21,9576.58984375,9576.58984375,9715.9501953125,9542.330078125,9708.009765625,2750160000,-0.01804517679251584
2020-02-24,9221.2802734375,9221.2802734375,9322.8798828125,9166.009765625,9188.4404296875,3188590000,-0.03780767618713989
2020-02-25,8965.6103515625,8965.6103515625,9315.259765625,8940.490234375,9301.2001953125,3595520000,-0.028117699877271
2020-02-26,8980.7802734375,8980.7802734375,9148.3203125,8927.7998046875,9011.5498046875,3587950000,0.0016905823354723237
2020-02-27,8566.48046875,8566.48046875,8904.1103515625,8562.0498046875,8744.0302734375,4559900000,-0.047229800845702434
2020-02-28,8567.3701171875,8567.3701171875,8591.8203125,8264.16015625,8269.740234375,5320020000,0.00010384687713207947
2020-03-02,8952.169921875,8952.169921875,8952.8095703125,8543.349609375,8667.1396484375,4249020000,0.04393513756355843
2020-03-03,8684.08984375,8684.08984375,9070.3203125,8602.8896484375,8965.099609375,4336700000,-0.03040335441489717
2020-03-04,9018.08984375,9018.08984375,9019.9599609375,8757.66015625,8834.099609375,3634760000,0.037739944805450905
2020-03-05,8738.58984375,8738.58984375,8921.080078125,8677.3896484375,8790.08984375,3763860000,-0.03148371112150072
2020-03-06,8575.6201171875,8575.6201171875,8612.3603515625,8375.1298828125,8469.01953125,4292730000,-0.018825524230783725
2020-03-09,7950.68017578125,7950.68017578125,8243.3095703125,7943.16015625,7957.93017578125,4554110000,-0.07566582560192374
2020-03-10,8344.25,8344.25,8347.400390625,7930.43017578125,8219.759765625,4447260000,0.04831519719020057
2020-03-11,7952.0498046875,7952.0498046875,8181.35986328125,7850.9501953125,8136.25,4302610000,-0.04814294639913276
2020-03-12,7201.7998046875,7201.7998046875,7712.330078125,7194.669921875,7398.580078125,5099350000,-0.09909876484232598
2020-03-13,7874.8798828125,7874.8798828125,7875.93017578125,7219.08984375,7610.39013671875,4701070000,0.08934696396191795
2020-03-16,6904.58984375,6904.58984375,7422.2001953125,6882.85986328125,7392.72998046875,4618120000,-0.13149154641354951
2020-03-17,7334.77978515625,7334.77978515625,7406.22998046875,6828.91015625,7072.0,4920210000,0.06044100346504696
2020-03-18,6989.83984375,6989.83984375,7182.830078125,6686.35986328125,6902.31982421875,4935000000,-0.048169744883439794
2020-03-19,7150.580078125,7150.580078125,7341.3798828125,6858.3798828125,6996.4501953125,4778490000,0.022735839435527472
2020-03-20,6879.52001953125,6879.52001953125,7354.43994140625,6854.669921875,7248.06982421875,5260300000,-0.03864459831419054
2020-03-23,6860.669921875,6860.669921875,6984.93994140625,6631.419921875,6847.27978515625,4348410000,-0.0027437916888404575
2020-03-24,7417.85986328125,7417.85986328125,7418.3701171875,7169.85986328125,7196.14990234375,4441080000,0.07808549422695203
2020-03-25,7384.2998046875,7384.2998046875,7671.2099609375,7276.39990234375,7421.35986328125,4683630000,-0.004534489135443038
2020-03-26,7797.5400390625,7797.5400390625,7809.830078125,7462.2099609375,7462.2099609375,4014670000,0.054452206034325344
2020-03-27,7502.3798828125,7502.3798828125,7716.240234375,7491.14013671875,7554.25,3989120000,-0.038588016429585224
2020-03-30,7774.14990234375,7774.14990234375,7784.35009765625,7539.97021484375,7583.4599609375,3870770000,0.03558382685242369
2020-03-31,7700.10009765625,7700.10009765625,7880.31005859375,7642.85986328125,7740.06005859375,4078960000,-0.009570786297645892
2020-04-01,7360.580078125,7360.580078125,7566.3701171875,7301.97998046875,7459.5,3700040000,-0.04509458387307495
2020-04-02,7487.31005859375,7487.31005859375,7501.7001953125,7307.9501953125,7317.4501953125,3622170000,0.017070850721613982
2020-04-03,7373.080078125,7373.080078125,7518.72021484375,7288.10986328125,7477.27001953125,3294260000,-0.01537405537456306
2020-04-06,7913.240234375,7913.240234375,7938.330078125,7617.7900390625,7660.169921875,3849130000,0.07070179567744019
2020-04-07,7887.259765625,7887.259765625,8146.43017578125,7881.22021484375,8129.990234375,4085960000,-0.0032885658256597
2020-04-08,8090.89990234375,8090.89990234375,8114.43017578125,7901.93994140625,7975.72021484375,3487440000,0.02549119147122901
2020-04-09,8153.580078125,8153.580078125,8227.91015625,8072.31982421875,8169.009765625,4145460000,0.007717142922286236
2020-04-13,8192.419921875,8192.419921875,8200.4404296875,8035.9501953125,8127.68994140625,3184660000,0.0047522227878787
2020-04-14,8515.740234375,8515.740234375,8531.1103515625,8338.080078125,8353.2099609375,3767410000,0.03870691634419553
2020-04-15,8393.1796875,8393.1796875,8464.66015625,8308.7900390625,8355.9599609375,3347920000,-0.01449680924053312
2020-04-16,8532.3603515625,8532.3603515625,8560.16015625,8393.26953125,8479.1103515625,4057800000,0.01644660093364213
2020-04-17,8650.1396484375,8650.1396484375,8670.2998046875,8531.6904296875,8667.48046875,4348310000,0.013709430126289494
2020-04-20,8560.73046875,8560.73046875,8684.91015625,8553.3798828125,8553.3798828125,3827370000,-0.010389943494343324
2020-04-21,8263.23046875,8263.23046875,8480.2900390625,8215.6904296875,8460.6904296875,3788180000,-0.03536991266150571
2020-04-22,8495.3798828125,8495.3798828125,8537.3095703125,8404.5400390625,8434.5498046875,3041520000,0.027706863538931873
2020-04-23,8494.75,8494.75,8635.23046875,8475.2001953125,8528.83984375,3759890000,-7.414690966266654e-05
2020-04-24,8634.51953125,8634.51953125,8642.9296875,8464.419921875,8530.080078125,3696020000,0.01631974242637881
2020-04-27,8730.16015625,8730.16015625,8754.5703125,8697.3701171875,8717.98046875,3694980000,0.011015647145940062
2020-04-28,8607.73046875,8607.73046875,8830.5703125,8600.7001953125,8825.6904296875,3730350000,-0.014123023973882471
2020-04-29,8914.7099609375,8914.7099609375,8957.26953125,8765.009765625,8802.7001953125,4407140000,0.03504202574609027
2020-04-30,8889.5498046875,8889.5498046875,8926.1103515625,8825.830078125,8911.01953125,4335660000,-0.00282630935849451
2020-05-01,8604.9501953125,8604.9501953125,8754.4599609375,8566.83984375,8681.2900390625,3741300000,-0.03253876583189108
2020-05-04,8710.7099609375,8710.7099609375,8715.8203125,8537.830078125,8555.3203125,3443140000,0.012215656788142112
2020-05-05,8809.1201171875,8809.1201171875,8909.9599609375,8781.3095703125,8809.66015625,3933550000,0.01123426321224527
2020-05-06,8854.3896484375,8854.3896484375,8933.25,8819.3701171875,8874.7001953125,3656750000,0.005125779753495446
2020-05-07,8979.66015625,8979.66015625,9015.990234375,8932.8603515625,8973.7802734375,3787220000,0.01404869555944823
2020-05-08,9121.3203125,9121.3203125,9125.98046875,9018.2099609375,9056.8896484375,3813630000,0.015652527632974287
2020-05-11,9192.33984375,9192.33984375,9241.919921875,9053.169921875,9054.91015625,3925450000,0.007755946834984667
2020-05-12,9002.5498046875,9002.5498046875,9250.9599609375,9000.0703125,9225.150390625,4336510000,-0.020862662707353558
2020-05-13,8863.169921875,8863.169921875,9074.16015625,8752.6796875,9006.0498046875,4273210000,-0.01560336922099055
2020-05-14,8943.7197265625,8943.7197265625,8945.7099609375,8705.25,8788.0400390625,3965970000,0.00904709982416418
2020-05-15,9014.5595703125,9014.5595703125,9018.400390625,8821.3798828125,8839.990234375,4240690000,0.007889420809050467
2020-05-18,9234.830078125,9234.830078125,9267.2197265625,9154.349609375,9177.150390625,4341820000,0.024141213456802212
2020-05-19,9185.099609375,9185.099609375,9317.25,9183.25,9227.4599609375,4193550000,-0.0053996503160462965
2020-05-20,9375.7802734375,9375.7802734375,9392.8203125,9304.2001953125,9305.6201171875,4315500000,0.020547234163804128
2020-05-21,9284.8798828125,9284.8798828125,9405.25,9254.849609375,9375.1904296875,3745270000,-0.009742539531042435
2020-05-22,9324.58984375,9324.58984375,9328.2802734375,9239.41015625,9278.5498046875,3668070000,0.004267721949334718
2020-05-26,9340.2197265625,9340.2197265625,9501.2099609375,9333.16015625,9501.2099609375,4448950000,0.001674797313847317
2020-05-27,9412.3603515625,9412.3603515625,9414.6201171875,9144.2802734375,9346.1201171875,4489110000,0.007693979236640572
2020-05-28,9368.990234375,9368.990234375,9523.6396484375,9345.2802734375,9392.990234375,4113660000,-0.0046184318938187014
2020-05-29,9489.8701171875,9489.8701171875,9505.5498046875,9324.73046875,9382.349609375,4742290000,0.012819601611818478
2020-06-01,9552.0498046875,9552.0498046875,9571.2802734375,9462.3203125,9471.419921875,3847770000,0.006530844448660929
2020-06-02,9608.3798828125,9608.3798828125,9611.2197265625,9472.080078125,9566.5302734375,3990080000,0.005879851478662662
2020-06-03,9682.91015625,9682.91015625,9707.7802734375,9627.169921875,9651.8603515625,4679030000,0.007726869908895607
2020-06-04,9615.8095703125,9615.8095703125,9716.1396484375,9560.41015625,9649.650390625,6141320000,-0.006953917906105185
2020-06-05,9814.080078125,9814.080078125,9845.6904296875,9685.349609375,9703.5400390625,6607730000,0.02040952303844324
2020-06-08,9924.75,9924.75,9927.1298828125,9780.6103515625,9823.4404296875,6197330000,0.011213540124008055
2020-06-09,9953.75,9953.75,10002.5,9863.26953125,9867.1904296875,5319450000,0.0029177272503861356
2020-06-10,10020.349609375,10020.349609375,10086.8896484375,9962.580078125,10012.3203125,5170860000,0.006668621613708711
2020-06-11,9492.73046875,9492.73046875,9868.080078125,9491.3095703125,9791.240234375,5300850000,-0.05409169433805573
2020-06-12,9588.8095703125,9588.8095703125,9768.6396484375,9413.6201171875,9715.8701171875,4388990000,0.01007045692808463
2020-06-15,9726.01953125,9726.01953125,9756.0703125,9403.0,9426.900390625,4476010000,0.014207971334584998
2020-06-16,9895.8701171875,9895.8701171875,9963.6298828125,9748.3798828125,9949.7802734375,4669320000,0.01731279009726497
2020-06-17,9910.5302734375,9910.5302734375,9991.2099609375,9891.8095703125,9943.3095703125,4279700000,0.0014803456093067826
2020-06-18,9943.0498046875,9943.0498046875,9959.2001953125,9885.66015625,9892.48046875,4335320000,0.003275939171144618
2020-06-19,9946.1201171875,9946.1201171875,10053.91015625,9872.9404296875,10042.1298828125,6093830000,0.00030874214825953055
2020-06-22,10056.48046875,10056.48046875,10059.6103515625,9916.599609375,9945.490234375,4506960000,0.011034712303594674
2020-06-23,10131.3701171875,10131.3701171875,10221.849609375,10112.4404296875,10130.830078125,5755170000,0.007419313081496757
2020-06-24,9909.169921875,9909.169921875,10137.5,9842.2197265625,10092.919921875,5589130000,-0.022175979372722567
2020-06-25,10017.0,10017.0,10023.2802734375,9810.4697265625,9899.3603515625,4779640000,0.010823066463442527
2020-06-26,9757.2197265625,9757.2197265625,10000.669921875,9749.0703125,9995.1201171875,7309380000,-0.026276153867816572
2020-06-29,9874.150390625,9874.150390625,9877.33984375,9663.6103515625,9771.7197265625,4336290000,0.011912774931627259
2020-06-30,10058.76953125,10058.76953125,10085.58984375,9863.669921875,9875.2900390625,4510190000,0.01852457350029294
2020-07-01,10154.6298828125,10154.6298828125,10197.1904296875,10048.0400390625,10063.669921875,4624430000,0.009484903380965458
2020-07-02,10207.6298828125,10207.6298828125,10310.3603515625,10194.0595703125,10268.669921875,4038920000,0.005205720808945402
2020-07-06,10433.650390625,10433.650390625,10462.0498046875,10354.98046875,10360.3798828125,4570260000,0.021900728910419467
2020-07-07,10343.8896484375,10343.8896484375,10518.98046875,10337.98046875,10412.4599609375,4337130000,-0.008640224052571775
2020-07-08,10492.5,10492.5,10494.6298828125,10350.9599609375,10409.349609375,4030210000,0.01426474298411986
2020-07-09,10547.75,10547.75,10578.099609375,10379.91015625,10563.7197265625,4013180000,0.005251850808975774
2020-07-10,10617.4404296875,10617.4404296875,10622.349609375,10447.009765625,10545.91015625,3537510000,0.0065854055769100335
2020-07-13,10390.83984375,10390.83984375,10824.7802734375,10368.0400390625,10729.919921875,4851880000,-0.021573338837342963
2020-07-14,10488.580078125,10488.580078125,10497.830078125,10182.4599609375,10310.25,4461770000,0.00936241990348403
2020-07-15,10550.490234375,10550.490234375,10604.669921875,10420.5400390625,10576.7197265625,4647070000,0.005885272878119101
2020-07-16,10473.830078125,10473.830078125,10499.7900390625,10364.3896484375,10443.8701171875,4277760000,-0.007292554037522689
2020-07-17,10503.1904296875,10503.1904296875,10532.6201171875,10421.2099609375,10500.51953125,4361480000,0.0027992889384761436
2020-07-20,10767.08984375,10767.08984375,10783.7998046875,10488.0400390625,10526.01953125,4314630000,0.024815183704461265
2020-07-21,10680.3603515625,10680.3603515625,10839.9296875,10650.4599609375,10837.8798828125,5350750000,-0.00808767141532253
2020-07-22,10706.1298828125,10706.1298828125,10745.3203125,10627.4501953125,10687.580078125,4128960000,0.002409889929494511
2020-07-23,10461.419921875,10461.419921875,10728.1201171875,10407.8701171875,10689.5,4501540000,-0.023122266462265197
2020-07-24,10363.1796875,10363.1796875,10418.75,10217.3095703125,10294.41015625,4233390000,-0.00943508782908084
2020-07-27,10536.26953125,10536.26953125,10546.4404296875,10399.8603515625,10421.7001953125,4244570000,0.016564436663143643
2020-07-28,10402.08984375,10402.08984375,10523.6396484375,10397.8701171875,10509.2001953125,3894660000,-0.012816813572435633
2020-07-29,10542.9404296875,10542.9404296875,10567.91015625,10464.0,10474.7001953125,4009640000,0.013449749880064083
2020-07-30,10587.8095703125,10587.8095703125,10609.58984375,10412.08984375,10450.1201171875,4185810000,0.004246816422629563
2020-07-31,10745.26953125,10745.26953125,10747.7998046875,10557.7001953125,10741.4697265625,4438730000,0.014762315344023724
2020-08-03,10902.7998046875,10902.7998046875,10927.5595703125,10831.150390625,10848.6396484375,4203890000,0.014554004945439012
2020-08-04,10941.169921875,10941.169921875,10941.91015625,10852.900390625,10897.8896484375,4016520000,0.0035131120516395916
2020-08-05,10998.400390625,10998.400390625,11002.1103515625,10943.7197265625,10967.8701171875,4160740000,0.005217112071407082
2020-08-06,11108.0703125,11108.0703125,11121.1904296875,10963.41015625,10989.98046875,4120000000,0.00992205613198398
2020-08-07,11010.98046875,11010.98046875,11126.0400390625,10920.3701171875,11072.5302734375,4263930000,-0.008778899986397169
2020-08-10,10968.3603515625,10968.3603515625,11040.240234375,10849.4599609375,11033.73046875,4048420000,-0.0038782028046023096
2020-08-11,10782.8203125,10782.8203125,10989.419921875,10762.7099609375,10942.66015625,4331770000,-0.017060640731592937
2020-08-12,11012.240234375,11012.240234375,11036.7197265625,10877.16015625,10878.1201171875,3745230000,0.021053246932805986
2020-08-13,11042.5,11042.5,11124.849609375,11007.5,11026.8603515625,3480470000,0.0027440617564400446
2020-08-14,11019.2998046875,11019.2998046875,11058.4404296875,10972.0595703125,11042.240234375,3514260000,-0.002103201377038824
2020-08-17,11129.73046875,11129.73046875,11144.5302734375,11080.2998046875,11083.25,3214870000,0.009971685238515328
2020-08-18,11210.83984375,11210.83984375,11230.6201171875,11103.830078125,11170.75,3228590000,0.007261205084750445
2020-08-19,11146.4599609375,11146.4599609375,11257.419921875,11132.099609375,11214.7998046875,3496480000,-0.005759198232592773
2020-08-20,11264.9501953125,11264.9501953125,11283.6201171875,11090.0302734375,11096.400390625,4215130000,0.010574197483840368
2020-08-21,11311.7998046875,11311.7998046875,11326.2099609375,11245.4404296875,11258.4404296875,3929290000,0.004150258706174642
2020-08-24,11379.7197265625,11379.7197265625,11462.0498046875,11297.5302734375,11449.25,3907310000,0.005986388405382567
2020-08-25,11466.4697265625,11466.4697265625,11468.259765625,11343.0400390625,11370.23046875,3475280000,0.007594300757090449
2020-08-26,11665.0595703125,11665.0595703125,11672.0498046875,11507.4599609375,11516.6201171875,3471520000,0.01717091166200958
2020-08-27,11625.33984375,11625.33984375,11730.009765625,11551.009765625,11688.1904296875,3547400000,-0.0034108272995897445
2020-08-28,11695.6298828125,11695.6298828125,11708.76953125,11634.76953125,11689.2802734375,3012980000,0.006028072823256856
2020-08-31,11775.4599609375,11775.4599609375,11829.83984375,11697.419921875,11718.8095703125,3612050000,0.006802443899218424
2020-09-01,11939.669921875,11939.669921875,11945.7197265625,11794.7802734375,11850.9599609375,3511060000,0.013848761208684371
2020-09-02,12056.4404296875,12056.4404296875,12074.0595703125,11836.1796875,12047.259765625,3982360000,0.009732529800003371
2020-09-03,11458.099609375,11458.099609375,11894.400390625,11361.3603515625,11861.900390625,4465010000,-0.05090212326493307
2020-09-04,11313.1298828125,11313.1298828125,11531.1796875,10875.8701171875,11396.240234375,4284440000,-0.012732881658740678
2020-09-08,10847.6904296875,10847.6904296875,11131.5,10837.2001953125,10900.7001953125,3905420000,-0.04201179402005574
2020-09-09,11141.5595703125,11141.5595703125,11217.6904296875,10970.4501953125,11064.759765625,3550660000,0.026730028330959367
2020-09-10,10919.58984375,10919.58984375,11299.5302734375,10875.01953125,11235.5302734375,3840010000,-0.020123812520272386
2020-09-11,10853.5498046875,10853.5498046875,11033.0400390625,10728.0302734375,11010.0703125,3630250000,-0.006066212098539381
2020-09-14,11056.650390625,11056.650390625,11118.2900390625,10982.259765625,11010.1396484375,3737610000,0.018539894816271767
2020-09-15,11190.3203125,11190.3203125,11244.4599609375,11127.98046875,11193.9599609375,3786110000,0.012017054569503307
2020-09-16,11050.4697265625,11050.4697265625,11245.419921875,11046.4296875,11222.080078125,3678020000,-0.012576210550994475
2020-09-17,10910.2802734375,10910.2802734375,10974.4501953125,10783.8095703125,10796.0498046875,3740110000,-0.012767447145469032
2020-09-18,10793.2802734375,10793.2802734375,10977.6796875,10639.9501953125,10973.4501953125,5759090000,-0.010781745524561539
2020-09-21,10778.7998046875,10778.7998046875,10782.740234375,10519.490234375,10610.1396484375,3900970000,-0.0013425196710261304
2020-09-22,10963.6396484375,10963.6396484375,10979.650390625,10737.51953125,10873.2998046875,3515440000,0.017003087193005365
2020-09-23,10632.990234375,10632.990234375,10962.0302734375,10612.91015625,10950.8203125,4097320000,-0.03062285686099566
2020-09-24,10672.26953125,10672.26953125,10799.5498046875,10520.2197265625,10551.01953125,4086360000,0.0036872905386653764
2020-09-25,10913.5595703125,10913.5595703125,10939.5498046875,10639.98046875,10680.4599609375,3785270000,0.022357268606905026
2020-09-28,11117.5302734375,11117.5302734375,11120.7900390625,11019.1396484375,11084.3798828125,3591740000,0.018517153054660295
2020-09-29,11085.25,11085.25,11153.23046875,11065.6298828125,11109.0,3389040000,-0.0029077706291231915
2020-09-30,11167.509765625,11167.509765625,11277.9599609375,11092.900390625,11092.900390625,4260630000,0.007393252898568956
2020-10-01,11326.509765625,11326.509765625,11344.1298828125,11240.5302734375,11291.990234375,4005900000,0.014137326409649195
2020-10-02,11075.01953125,11075.01953125,11244.8701171875,11033.6904296875,11082.5302734375,3731510000,-0.022453895648064447
2020-10-05,11332.490234375,11332.490234375,11335.2099609375,11162.51953125,11169.1103515625,3623920000,0.022981762622676614
2020-10-06,11154.599609375,11154.599609375,11392.41015625,11124.4501953125,11314.5302734375,4390960000,-0.015821908233435027
2020-10-07,11364.599609375,11364.599609375,11380.5595703125,11258.349609375,11271.6796875,3910770000,0.01865129267362409
2020-10-08,11420.98046875,11420.98046875,11448.23046875,11384.330078125,11443.349609375,3507570000,0.004948829413152083
2020-10-09,11579.9404296875,11579.9404296875,11581.23046875,11476.66015625,11487.599609375,3504230000,0.013822271940788958
2020-10-12,11876.259765625,11876.259765625,11965.5400390625,11704.1298828125,11732.330078125,3885030000,0.025267101929880187
2020-10-13,11863.900390625,11863.900390625,11946.98046875,11821.830078125,11901.759765625,3634130000,-0.0010412209551462835
2020-10-14,11768.73046875,11768.73046875,11939.919921875,11714.349609375,11889.0703125,3410410000,-0.008054155029021843
2020-10-15,11713.8701171875,11713.8701171875,11740.6796875,11559.099609375,11559.8798828125,3325270000,-0.004672434057660353
2020-10-16,11671.5595703125,11671.5595703125,11827.419921875,11648.5302734375,11761.830078125,3166980000,-0.003618543136280358
2020-10-19,11478.8798828125,11478.8798828125,11778.1103515625,11454.5703125,11732.33984375,3477410000,-0.016646261694777693
2020-10-20,11516.490234375,11516.490234375,11632.8896484375,11471.23046875,11531.830078125,3510040000,0.003271126744868158
2020-10-21,11484.6904296875,11484.6904296875,11613.7900390625,11476.080078125,11530.3896484375,3467310000,-0.002765060229954817
2020-10-22,11506.009765625,11506.009765625,11548.76953125,11369.2900390625,11526.9697265625,3434040000,0.001854605720326243
2020-10-23,11548.2802734375,11548.2802734375,11548.849609375,11434.8603515625,11536.009765625,3145570000,0.003667044624601894
2020-10-26,11358.9404296875,11358.9404296875,11545.6298828125,11221.0595703125,11440.6396484375,3205100000,-0.0165313948989565
2020-10-27,11431.349609375,11431.349609375,11465.0595703125,11361.8603515625,11409.33984375,3104770000,0.00635440998874726
2020-10-28,11004.8701171875,11004.8701171875,11249.9501953125,10999.0703125,11230.900390625,3930690000,-0.038021634152105084
2020-10-29,11185.58984375,11185.58984375,11287.6298828125,11030.1904296875,11064.4697265625,3244190000,0.016288416054748973
2020-10-30,10911.58984375,10911.58984375,11129.8095703125,10822.5703125,11103.4697265625,3671600000,-0.0248008160379465
2020-11-02,10957.6103515625,10957.6103515625,11071.080078125,10830.9501953125,11010.4501953125,3209000000,0.004208711368732377
2020-11-03,11160.5703125,11160.5703125,11213.919921875,11004.83984375,11038.66015625,3216580000,0.01835283478752179
2020-11-04,11590.7802734375,11590.7802734375,11663.3095703125,11394.2099609375,11443.76953125,3620760000,0.03782291915609089
2020-11-05,11890.9296875,11890.9296875,11924.2802734375,11784.150390625,11816.330078125,3848160000,0.02556592027829524
2020-11-06,11895.23046875,11895.23046875,11920.5400390625,11737.1298828125,11869.900390625,4183220000,0.0003616204775059454
2020-11-09,11713.7802734375,11713.7802734375,12108.0703125,11703.490234375,12046.66015625,5863900000,-0.01537156894135578
2020-11-10,11553.8603515625,11553.8603515625,11665.8701171875,11424.6103515625,11622.4404296875,4736560000,-0.013746339190530558
2020-11-11,11786.4296875,11786.4296875,11793.5703125,11638.900390625,11656.650390625,3854680000,0.01992923250262916
2020-11-12,11709.58984375,11709.58984375,11847.83984375,11666.3701171875,11802.5,3886670000,-0.006540692357346141
2020-11-13,11829.2900390625,11829.2900390625,11849.7900390625,11715.51953125,11794.9404296875,3654230000,0.010170511741887666
2020-11-16,11924.1298828125,11924.1298828125,11937.7197265625,11814.8896484375,11847.1103515625,4172570000,0.007985405725161664
2020-11-17,11899.33984375,11899.33984375,11950.1796875,11852.41015625,11913.349609375,4145030000,-0.0020811450468390816
2020-11-18,11801.599609375,11801.599609375,11942.490234375,11799.9599609375,11896.0595703125,4731420000,-0.008247840862843197
2020-11-19,11904.7099609375,11904.7099609375,11912.6298828125,11760.98046875,11779.0400390625,5385190000,0.008699034447352096
2020-11-20,11854.9697265625,11854.9697265625,11935.4697265625,11852.509765625,11892.7001953125,5350970000,-0.004186950976923717
2020-11-23,11880.6298828125,11880.6298828125,11949.330078125,11796.5302734375,11916.759765625,5473250000,0.0021621670965970737
2020-11-24,12036.7900390625,12036.7900390625,12049.8798828125,11863.4501953125,11939.330078125,6339580000,0.01305846331541535
2020-11-25,12094.400390625,12094.400390625,12114.76953125,12020.9501953125,12053.8896484375,4448640000,0.00477477157063726
2020-11-27,12205.849609375,12205.849609375,12236.23046875,12154.5703125,12159.1796875,3401830000,0.00917274515173675
2020-11-30,12198.740234375,12198.740234375,12244.650390625,12027.16015625,12224.25,7760390000,-0.0005826260753920736
2020-12-01,12355.1103515625,12355.1103515625,12405.7900390625,12263.9296875,12313.3603515625,6512420000,0.012737084203664711
2020-12-02,12349.3701171875,12349.3701171875,12360.0595703125,12217.349609375,12285.75,5194960000,-0.0004647120173658341
2020-12-03,12377.1796875,12377.1796875,12439.01953125,12356.990234375,12369.259765625,5209980000,0.002249370191778369
2020-12-04,12464.23046875,12464.23046875,12464.23046875,12376.4404296875,12399.3203125,5086900000,0.007008550402608025
2020-12-07,12519.9501953125,12519.9501953125,12536.23046875,12460.5498046875,12461.0,4771820000,0.004460407943046254
2020-12-08,12582.76953125,12582.76953125,12594.5400390625,12453.2099609375,12503.169921875,4809480000,0.005004992905696638
2020-12-09,12338.9501953125,12338.9501953125,12607.1396484375,12290.7802734375,12591.6904296875,5168450000,-0.019567439014662603
2020-12-10,12405.8095703125,12405.8095703125,12431.5595703125,12214.740234375,12247.5498046875,4518580000,0.00540393508268819
2020-12-11,12377.8701171875,12377.8701171875,12383.5,12246.76953125,12336.7900390625,4292680000,-0.002254666402502766
2020-12-14,12440.0400390625,12440.0400390625,12543.0,12432.7099609375,12447.4404296875,4491930000,0.005010095654933727
2020-12-15,12595.0595703125,12595.0595703125,12596.1298828125,12465.419921875,12543.259765625,4423650000,0.012384333592815155
2020-12-16,12658.1904296875,12658.1904296875,12687.3203125,12566.3798828125,12611.0400390625,4592700000,0.004999830983234035
2020-12-17,12764.75,12764.75,12765.25,12696.349609375,12730.7802734375,5029830000,0.008382995243409958
2020-12-18,12755.6396484375,12755.6396484375,12809.599609375,12654.599609375,12804.9296875,7125800000,-0.0007139665244144211
2020-12-21,12742.51953125,12742.51953125,12751.26953125,12525.2197265625,12596.1396484375,5192860000,-0.0010291031797981889
2020-12-22,12807.919921875,12807.919921875,12840.5703125,12695.3095703125,12785.2197265625,5811850000,0.005119327483719073
2020-12-23,12771.1103515625,12771.1103515625,12841.919921875,12758.669921875,12834.9404296875,7100250000,-0.002878107209565686
2020-12-24,12804.73046875,12804.73046875,12833.5498046875,12767.6396484375,12791.5400390625,3305960000,0.002629054253870497
2020-12-28,12899.419921875,12899.419921875,12930.8896484375,12827.4501953125,12914.6396484375,5109140000,0.007367672536775503
2020-12-29,12850.2197265625,12850.2197265625,12973.330078125,12821.9599609375,12965.3896484375,4726920000,-0.003821432521633665
2020-12-30,12870.0,12870.0,12924.9296875,12857.759765625,12906.509765625,5343010000,0.001538111069613442
2020-12-31,12888.2802734375,12888.2802734375,12902.0703125,12821.23046875,12877.08984375,4815840000,0.0014193708828709752
2021-01-04,12698.4501953125,12698.4501953125,12958.7197265625,12543.240234375,12958.51953125,6636170000,-0.014838438338012048
2021-01-05,12818.9599609375,12818.9599609375,12828.26953125,12665.650390625,12665.650390625,6971860000,0.00944536775678754
2021-01-06,12740.7900390625,12740.7900390625,12909.6298828125,12649.990234375,12666.150390625,7689880000,-0.00611666120307647
2021-01-07,13067.48046875,13067.48046875,13090.91015625,12867.33984375,12867.33984375,6841480000,0.025318076254018988
2021-01-08,13201.98046875,13201.98046875,13208.08984375,13036.5498046875,13160.2197265625,7289390000,0.010240116888862949
2021-01-11,13036.4296875,13036.4296875,13138.26953125,12999.509765625,13048.7802734375,6960470000,-0.012619131811072886
2021-01-12,13072.4296875,13072.4296875,13105.0400390625,12963.919921875,13062.0595703125,7264070000,0.0027576863697822587
2021-01-13,13128.9501953125,13128.9501953125,13171.150390625,13051.0595703125,13088.009765625,7104810000,0.00431432204983459
2021-01-14,13112.6396484375,13112.6396484375,13220.16015625,13098.41015625,13174.75,6734100000,-0.001243106768494415
2021-01-15,12998.5,12998.5,13139.830078125,12949.759765625,13099.900390625,6458360000,-0.008742657500701419
2021-01-19,13197.1796875,13197.1796875,13206.8603515625,13078.7001953125,13132.73046875,6297860000,0.015169180537053515
2021-01-20,13457.25,13457.25,13486.1298828125,13329.76953125,13342.5498046875,6820990000,0.019514847552860103
2021-01-21,13530.91015625,13530.91015625,13560.349609375,13454.0703125,13521.48046875,7258640000,0.00545871513517469
2021-01-22,13543.0595703125,13543.0595703125,13567.1396484375,13463.66015625,13474.8095703125,5972750000,0.0008974978550052238
2021-01-25,13635.990234375,13635.990234375,13728.98046875,13368.6796875,13681.2099609375,7193710000,0.00683843084154067
2021-01-26,13626.0595703125,13626.0595703125,13702.6904296875,13603.1904296875,13681.7197265625,6849600000,-0.0007285339563885573
2021-01-27,13270.599609375,13270.599609375,13538.419921875,13192.91015625,13486.580078125,11621190000,-0.026433071497332063
2021-01-28,13337.16015625,13337.16015625,13507.6396484375,13316.51953125,13323.2900390625,9959270000,0.005003103327843935
2021-01-29,13070.6904296875,13070.6904296875,13322.0,12985.0498046875,13284.7197265625,7872250000,-0.020181784212885377
2021-02-01,13403.3896484375,13403.3896484375,13431.4599609375,13132.4697265625,13226.1796875,7092520000,0.025135282035085423
2021-02-02,13612.7802734375,13612.7802734375,13652.7001953125,13535.8603515625,13543.099609375,7325270000,0.015501443657223484
2021-02-03,13610.5400390625,13610.5400390625,13723.830078125,13585.33984375,13718.3095703125,7546940000,-0.0001645820094199326
2021-02-04,13777.740234375,13777.740234375,13778.419921875,13631.6201171875,13674.0595703125,7295370000,0.012209767886113615
2021-02-05,13856.2998046875,13856.2998046875,13878.16015625,13761.66015625,13824.8798828125,6792910000,0.0056857254196181605
2021-02-08,13987.6396484375,13987.6396484375,13987.740234375,13894.150390625,13937.0595703125,8564530000,0.009434068630380231
2021-02-09,14007.7001953125,14007.7001953125,14044.9501953125,13966.5498046875,13966.8203125,8766770000,0.0014331349732101145
2021-02-10,13972.5302734375,13972.5302734375,14109.1201171875,13845.4697265625,14093.349609375,10785930000,-0.002513913560247768
2021-02-11,14025.76953125,14025.76953125,14058.91015625,13916.849609375,14045.2099609375,10916780000,0.0038030396381908606
2021-02-12,14095.4697265625,14095.4697265625,14102.0400390625,13937.7099609375,13979.2099609375,7416940000,0.00495713132717145
2021-02-16,14047.5,14047.5,14175.1201171875,13995.4501953125,14152.2099609375,7722100000,-0.0034090057648165353
2021-02-17,13965.490234375,13965.490234375,13976.4296875,13804.259765625,13911.650390625,7280500000,-0.005855140720897463
2021-02-18,13865.3603515625,13865.3603515625,13905.9599609375,13714.349609375,13814.669921875,6499420000,-0.00719563453798563
2021-02-19,13874.4599609375,13874.4599609375,13985.580078125,13842.599609375,13929.2001953125,6737820000,0.000656068395460443
2021-02-22,13533.0498046875,13533.0498046875,13757.0595703125,13530.9599609375,13714.2001953125,6483740000,-0.024914909813228102
2021-02-23,13465.2001953125,13465.2001953125,13526.08984375,13003.98046875,13262.6103515625,7516510000,-0.005026233345898543
2021-02-24,13597.9697265625,13597.9697265625,13607.3603515625,13286.58984375,13400.25,5886230000,0.009811902804671906
2021-02-25,13119.4296875,13119.4296875,13602.8603515625,13066.3798828125,13512.6396484375,6390380000,-0.035826183155746434
2021-02-26,13192.349609375,13192.349609375,13368.0595703125,13024.5302734375,13232.900390625,5906110000,0.0055427728958437235
2021-03-01,13588.830078125,13588.830078125,13596.58984375,13362.66015625,13406.16015625,5079530000,0.029611050964401076
2021-03-02,13358.7900390625,13358.7900390625,13601.330078125,13352.0,13599.4501953125,4948140000,-0.017073539422115515
2021-03-03,12997.75,12997.75,13372.51953125,12995.0703125,13336.25,5529980000,-0.027398332509801126
2021-03-04,12723.4697265625,12723.4697265625,13068.7099609375,12553.9599609375,12953.990234375,7864380000,-0.021327967598413773
2021-03-05,12920.150390625,12920.150390625,12941.2099609375,12397.0498046875,12860.0400390625,7725200000,0.015339840467456697
2021-03-08,12609.16015625,12609.16015625,13001.0,12599.23046875,12904.259765625,6010230000,-0.024364592076720797
2021-03-09,13073.8203125,13073.8203125,13151.5400390625,12882.490234375,12923.0703125,6345560000,0.03618823486386172
2021-03-10,13068.830078125,13068.830078125,13277.1103515625,13035.4404296875,13234.73046875,6023880000,-0.00038176958809036163
2021-03-11,13398.669921875,13398.669921875,13433.6201171875,13246.330078125,13273.3095703125,6008850000,0.024925430841727946
2021-03-12,13319.8603515625,13319.8603515625,13324.6904296875,13158.7197265625,13222.8095703125,5497210000,-0.005899261528387364
2021-03-15,13459.7099609375,13459.7099609375,13460.349609375,13272.5,13323.4697265625,5972370000,0.010444594822478183
2021-03-16,13471.5703125,13471.5703125,13620.7099609375,13397.080078125,13523.169921875,5493890000,0.0008807863724885604
2021-03-17,13525.2001953125,13525.2001953125,13595.0,13272.6904296875,13336.91015625,5536110000,0.003973064359211204
2021-03-18,13116.169921875,13116.169921875,13384.4599609375,13101.919921875,13349.2001953125,5739720000,-0.030708812283836172
2021-03-19,13215.240234375,13215.240234375,13252.3701171875,13039.4501953125,13119.900390625,7630590000,0.007524912596326073
2021-03-22,13377.5400390625,13377.5400390625,13455.6396484375,13278.7802734375,13278.7802734375,5321760000,0.012206457407145275
2021-03-23,13227.7001953125,13227.7001953125,13405.150390625,13202.4296875,13381.4296875,5675010000,-0.011264053751787925
2021-03-24,12961.8896484375,12961.8896484375,13292.919921875,12961.349609375,13289.240234375,6248650000,-0.020299643960345826
2021-03-25,12977.6796875,12977.6796875,13021.8603515625,12786.8095703125,12844.580078125,5634290000,0.001217448201110361
2021-03-26,13138.73046875,13138.73046875,13149.5498046875,12878.7197265625,12996.0302734375,5224360000,0.012333457913265084
2021-03-29,13059.650390625,13059.650390625,13143.41015625,12968.16015625,13103.9697265625,4965090000,-0.006037038603845355
2021-03-30,13045.3896484375,13045.3896484375,13075.75,12922.5703125,13008.7998046875,4721950000,-0.0010925663078661919
2021-03-31,13246.8701171875,13246.8701171875,13325.5400390625,13118.3798828125,13122.5703125,5004720000,0.015326519253013768
2021-04-01,13480.1103515625,13480.1103515625,13487.080078125,13404.1796875,13414.3203125,4576480000,0.01745398481063423
2021-04-05,13705.58984375,13705.58984375,13720.580078125,13582.759765625,13594.900390625,4459000000,0.016588475641079674
2021-04-06,13698.3798828125,13698.3798828125,13776.7099609375,13674.2802734375,13681.669921875,4073710000,-0.0005261982972395711
2021-04-07,13688.83984375,13688.83984375,13733.0302734375,13653.58984375,13675.2998046875,4098740000,-0.0006966781983430409
2021-04-08,13829.3095703125,13829.3095703125,13830.1396484375,13758.7099609375,13796.8896484375,4153600000,0.010209330907284998
2021-04-09,13900.1904296875,13900.1904296875,13905.41015625,13748.349609375,13787.01953125,3926110000,0.00511231819919195
2021-04-12,13850.0,13850.0,13877.0,13783.9501953125,13854.4404296875,4250900000,-0.0036173073869727344
2021-04-13,13996.099609375,13996.099609375,14011.509765625,13902.4501953125,13902.4501953125,4219360000,0.010493458835551027
2021-04-14,13857.83984375,13857.83984375,14033.6298828125,13839.0400390625,14004.080078125,4120770000,-0.009927565283153712
2021-04-15,14038.759765625,14038.759765625,14049.1298828125,13970.419921875,13983.23046875,4406880000,0.012970932728390193
2021-04-16,14052.33984375,14052.33984375,14062.5,13977.0498046875,14059.1103515625,4427780000,0.0009668599215943372
2021-04-19,13914.76953125,13914.76953125,14041.7900390625,13842.5703125,13984.580078125,4379610000,-0.009838086607325552
2021-04-20,13786.26953125,13786.26953125,13927.669921875,13698.669921875,13894.4599609375,4245120000,-0.00927769687163007
2021-04-21,13950.2197265625,13950.2197265625,13951.349609375,13706.8603515625,13745.76953125,3999620000,0.011822123794619763
2021-04-22,13818.41015625,13818.41015625,14015.8701171875,13771.0400390625,13952.5703125,4420820000,-0.009493486774554418
2021-04-23,14016.8095703125,14016.8095703125,14062.740234375,13856.830078125,13861.3701171875,4355100000,0.0142555205880894
2021-04-26,14138.7802734375,14138.7802734375,14154.0302734375,14019.5,14052.3798828125,4506210000,0.00866410306412288
2021-04-27,14090.2197265625,14090.2197265625,14171.240234375,14064.2802734375,14170.91015625,4691460000,-0.0034404757359743554
2021-04-28,14051.0302734375,14051.0302734375,14133.650390625,14034.7001953125,14082.7802734375,4559710000,-0.002785198131482067
2021-04-29,14082.5498046875,14082.5498046875,14211.5703125,13952.7998046875,14204.509765625,4928030000,0.002240706255666697
2021-04-30,13962.6796875,13962.6796875,14084.759765625,13941.6298828125,13970.73046875,4792460000,-0.008548394812002466
2021-05-03,13895.1201171875,13895.1201171875,14042.1201171875,13881.509765625,14031.76953125,4761430000,-0.00485032581429535
2021-05-04,13633.5,13633.5,13795.5703125,13485.58984375,13774.509765625,5879730000,-0.01900770854616578
2021-05-05,13582.419921875,13582.419921875,13753.0498046875,13553.9296875,13731.1298828125,4535690000,-0.0037536955024204876
2021-05-06,13632.83984375,13632.83984375,13635.73046875,13439.3896484375,13557.830078125,5021400000,0.0037052727031807427
2021-05-07,13752.240234375,13752.240234375,13828.6201171875,13690.75,13723.08984375,4391100000,0.008720160532364614
2021-05-10,13401.8603515625,13401.8603515625,13687.9296875,13401.740234375,13687.58984375,4818670000,-0.02580820745119892
2021-05-11,13389.4296875,13389.4296875,13423.3095703125,13107.669921875,13115.849609375,4738390000,-0.0009279631504415267
2021-05-12,13031.6796875,13031.6796875,13288.6103515625,13002.5400390625,13215.490234375,4752930000,-0.027082274299721897
2021-05-13,13124.990234375,13124.990234375,13247.8701171875,13007.240234375,13150.9404296875,4698110000,0.007134772353231408
2021-05-14,13429.98046875,13429.98046875,13460.8798828125,13242.9697265625,13255.650390625,4022610000,0.022971491804222758
2021-05-17,13379.0498046875,13379.0498046875,13399.169921875,13265.400390625,13368.7998046875,3997780000,-0.0037995201478089693
2021-05-18,13303.6396484375,13303.6396484375,13485.33984375,13299.9296875,13416.900390625,4301300000,-0.005652380518701184
2021-05-19,13299.740234375,13299.740234375,13304.6103515625,13072.23046875,13078.1904296875,4333520000,-0.000293151780533333
2021-05-20,13535.740234375,13535.740234375,13563.51953125,13355.7099609375,13356.6298828125,3990760000,0.017589108169865243
2021-05-21,13470.990234375,13470.990234375,13616.580078125,13463.259765625,13616.1904296875,3733940000,-0.004795110177569467
2021-05-24,13661.169921875,13661.169921875,13708.849609375,13551.009765625,13557.2099609375,3509470000,0.014018994514065597
2021-05-25,13657.169921875,13657.169921875,13751.1396484375,13631.7998046875,13721.5400390625,4128990000,-0.00029284356600462895
2021-05-26,13738.0,13738.0,13750.16015625,13679.58984375,13693.9404296875,4264500000,0.005901063064362278
2021-05-27,13736.2802734375,13736.2802734375,13776.51953125,13701.6298828125,13742.58984375,5087180000,-0.00012518810666779708
2021-05-28,13748.740234375,13748.740234375,13820.8701171875,13747.6103515625,13792.0498046875,4447940000,0.0009066729120702899
2021-06-01,13736.48046875,13736.48046875,13836.169921875,13678.76953125,13829.0595703125,4186280000,-0.0008920988170689088
2021-06-02,13756.330078125,13756.330078125,13775.8896484375,13689.740234375,13743.240234375,5097630000,0.001443985713296368
2021-06-03,13614.509765625,13614.509765625,13684.1298828125,13548.9296875,13655.75,5396250000,-0.010362968947555073
2021-06-04,13814.490234375,13814.490234375,13826.8203125,13692.009765625,13697.25,4360710000,0.014581939718846948
2021-06-07,13881.7197265625,13881.7197265625,13889.1103515625,13784.8896484375,13802.8203125,4639210000,0.004854788747373489
2021-06-08,13924.91015625,13924.91015625,13981.7197265625,13831.98046875,13946.3203125,5958410000,0.003106486805683189
2021-06-09,13911.75,13911.75,14003.5,13906.4501953125,13980.23046875,5640490000,-0.0009455270249078086
2021-06-10,14020.330078125,14020.330078125,14031.1904296875,13904.400390625,13933.8798828125,4919880000,0.007774617912077727
2021-06-11,14069.419921875,14069.419921875,14069.419921875,14006.58984375,14030.849609375,4157580000,0.0034952175598347546
2021-06-14,14174.1396484375,14174.1396484375,14175.4501953125,14056.669921875,14083.4697265625,4415160000,0.00741551051153642
2021-06-15,14072.8603515625,14072.8603515625,14171.01953125,14052.16015625,14166.6396484375,4554580000,-0.007171007957286222
2021-06-16,14039.6796875,14039.6796875,14129.6904296875,13903.73046875,14085.5498046875,4683030000,-0.00236056076213431
2021-06-17,14161.349609375,14161.349609375,14196.2099609375,13998.9296875,13999.1298828125,4558280000,0.00862881106348217
2021-06-18,14030.3798828125,14030.3798828125,14129.2197265625,14009.0400390625,14096.9296875,6126070000,-0.009291424906852563
2021-06-21,14141.48046875,14141.48046875,14150.7802734375,13960.0400390625,14047.419921875,4562010000,0.007887385534521042
2021-06-22,14253.26953125,14253.26953125,14269.76953125,14121.0,14138.2900390625,4433140000,0.007873965438681442
2021-06-23,14271.73046875,14271.73046875,14317.66015625,14246.2998046875,14263.3798828125,4417470000,0.0012943691552983075
2021-06-24,14369.7099609375,14369.7099609375,14414.4599609375,14333.7001953125,14357.26953125,4324620000,0.006841825894486804
2021-06-25,14360.3896484375,14360.3896484375,14409.080078125,14337.650390625,14400.8095703125,7468090000,-0.0006488186921510073
2021-06-28,14500.509765625,14500.509765625,14505.1904296875,14417.2001953125,14417.8095703125,4283000000,0.009710107514307377
2021-06-29,14528.330078125,14528.330078125,14535.9697265625,14471.3798828125,14509.1904296875,4901300000,0.0019167366775329048
2021-06-30,14503.9501953125,14503.9501953125,14526.8095703125,14478.0595703125,14509.849609375,5293810000,-0.0016795021482040031
2021-07-01,14522.3798828125,14522.3798828125,14533.5498046875,14439.400390625,14493.6904296875,4410470000,0.0012698601529681952
2021-07-02,14639.330078125,14639.330078125,14649.1103515625,14555.33984375,14582.98046875,3751420000,0.008020848054384128
2021-07-06,14663.6396484375,14663.6396484375,14687.0,14529.7998046875,14661.5498046875,4489540000,0.0016591885475208373
2021-07-07,14665.0595703125,14665.0595703125,14755.330078125,14580.7900390625,14753.41015625,4605630000,9.68281522149407e-05
2021-07-08,14559.7802734375,14559.7802734375,14610.0595703125,14371.58984375,14409.2001953125,4575010000,-0.007204812950373256
2021-07-09,14701.919921875,14701.919921875,14710.2001953125,14552.259765625,14578.4296875,3826500000,0.009715140642014022
2021-07-12,14733.240234375,14733.240234375,14761.080078125,14672.6298828125,14743.8603515625,3897090000,0.002128089275134582
2021-07-13,14677.650390625,14677.650390625,14803.6796875,14660.1904296875,14715.1298828125,4583460000,-0.0037802262201118934
2021-07-14,14644.9501953125,14644.9501953125,14790.5498046875,14632.9501953125,14780.900390625,4496220000,-0.0022303757657827017
2021-07-15,14543.1298828125,14543.1298828125,14650.3701171875,14451.7998046875,14635.7802734375,4512550000,-0.006976870369710398
2021-07-16,14427.240234375,14427.240234375,14623.01953125,14413.3203125,14597.509765625,4069530000,-0.008000606560420802
2021-07-19,14274.98046875,14274.98046875,14313.599609375,14178.66015625,14235.98046875,4537130000,-0.01060971521825127
2021-07-20,14498.8798828125,14498.8798828125,14555.75,14271.23046875,14330.4599609375,4652450000,0.015563009653950955
2021-07-21,14631.9501953125,14631.9501953125,14633.1396484375,14498.650390625,14508.75,4098520000,0.009136110281803774
2021-07-22,14684.599609375,14684.599609375,14694.1904296875,14617.8701171875,14652.7197265625,3597540000,0.0035917917364502736
2021-07-23,14836.990234375,14836.990234375,14846.0595703125,14698.76953125,14753.0595703125,3997250000,0.010324103774715527
2021-07-26,14840.7099609375,14840.7099609375,14863.650390625,14790.490234375,14821.0302734375,4437090000,0.00025067485401496296
2021-07-27,14660.580078125,14660.580078125,14811.080078125,14503.759765625,14807.9501953125,4329230000,-0.012211813185677227
2021-07-28,14762.580078125,14762.580078125,14798.8798828125,14645.6298828125,14715.66015625,4268210000,0.0069333414944833804
2021-07-29,14778.259765625,14778.259765625,14833.740234375,14761.3798828125,14771.169921875,3928640000,0.0010615601354192633
2021-07-30,14672.6796875,14672.6796875,14728.7802734375,14615.849609375,14615.849609375,3645050000,-0.007169926147606483
2021-08-02,14681.0703125,14681.0703125,14770.41015625,14665.669921875,14758.599609375,3746130000,0.0005716901744087198
2021-08-03,14761.2900390625,14761.2900390625,14762.599609375,14584.08984375,14713.990234375,4141370000,0.005449286274133681
2021-08-04,14780.5302734375,14780.5302734375,14812.3701171875,14734.1201171875,14747.2099609375,4337330000,0.0013025762726798043
2021-08-05,14895.1201171875,14895.1201171875,14896.4697265625,14776.0302734375,14794.080078125,4107300000,0.007722857748811717
2021-08-06,14835.759765625,14835.759765625,14890.1796875,14788.58984375,14864.2197265625,4173090000,-0.003993183563626058
2021-08-09,14860.1796875,14860.1796875,14883.8095703125,14802.6904296875,14855.759765625,4111640000,0.001644664410637183
2021-08-10,14788.08984375,14788.08984375,14894.6103515625,14754.48046875,14887.75,3991770000,-0.004863014736458184
2021-08-11,14765.1396484375,14765.1396484375,14842.5,14692.41015625,14834.3798828125,4002340000,-0.0015531432821608683
2021-08-12,14816.259765625,14816.259765625,14824.3095703125,14698.9404296875,14751.3603515625,4049000000,0.003456237303733469
2021-08-13,14822.900390625,14822.900390625,14850.6103515625,14797.2197265625,14825.0703125,4061070000,0.0004480980618955497
2021-08-16,14793.759765625,14793.759765625,14794.6796875,14610.01953125,14771.5302734375,3973920000,-0.0019678541908548695
2021-08-17,14656.1796875,14656.1796875,14716.9501953125,14550.8798828125,14670.5595703125,4168880000,-0.009343386204551867
2021-08-18,14525.91015625,14525.91015625,14697.25,14516.2998046875,14636.240234375,3841840000,-0.008928106059121912
2021-08-19,14541.7900390625,14541.7900390625,14610.759765625,14423.16015625,14423.16015625,4191490000,0.0010926137455380398
2021-08-20,14714.66015625,14714.66015625,14722.16015625,14571.5302734375,14571.5302734375,3886340000,0.011817710482579196
2021-08-23,14942.650390625,14942.650390625,14963.4697265625,14776.98046875,14776.98046875,3906780000,0.015375279925668669
2021-08-24,15019.7998046875,15019.7998046875,15034.8896484375,14965.5400390625,14978.1396484375,3809750000,0.005149751376094609
2021-08-25,15041.8603515625,15041.8603515625,15059.4296875,15011.580078125,15039.0302734375,3654150000,0.001467686795765664
2021-08-26,14945.8095703125,14945.8095703125,15059.6298828125,14939.5595703125,15025.169921875,3630900000,-0.006406040214026778
2021-08-27,15129.5,15129.5,15144.48046875,14966.51953125,14969.76953125,4048610000,0.01221551608138887
2021-08-30,15265.8896484375,15265.8896484375,15288.080078125,15165.1201171875,15165.9404296875,4061760000,0.008974424438640551
2021-08-31,15259.240234375,15259.240234375,15278.9599609375,15202.669921875,15262.8798828125,4188020000,-0.0004356681981830696
2021-09-01,15309.3798828125,15309.3798828125,15379.5,15302.1103515625,15308.98046875,4271690000,0.0032804682193685467
2021-09-02,15331.1796875,15331.1796875,15380.0703125,15285.349609375,15358.4697265625,4050510000,0.001422938005798582
2021-09-03,15363.51953125,15363.51953125,15375.5595703125,15283.669921875,15313.41015625,3706990000,0.0021071948277449955
2021-09-07,15374.330078125,15374.330078125,15403.4404296875,15343.2802734375,15375.98046875,4014250000,0.0007034029678793704
2021-09-08,15286.6396484375,15286.6396484375,15360.349609375,15206.6103515625,15360.349609375,4131560000,-0.00572001926631112
2021-09-09,15248.25,15248.25,15352.3798828125,15245.169921875,15296.0595703125,4031140000,-0.0025144789522003152
2021-09-10,15115.490234375,15115.490234375,15349.4697265625,15111.3095703125,15332.919921875,4587150000,-0.008744681031034734
2021-09-13,15105.580078125,15105.580078125,15215.4404296875,15030.849609375,15211.4296875,4723370000,-0.0006558441843883908
2021-09-14,15037.759765625,15037.759765625,15181.1904296875,15008.2998046875,15168.4501953125,4593140000,-0.0044998614812588895
2021-09-15,15161.5302734375,15161.5302734375,15174.3798828125,14984.6796875,15071.33984375,4465140000,0.008196960965974533
2021-09-16,15181.919921875,15181.919921875,15205.5,15047.1396484375,15120.08984375,3701500000,0.001343924397200967
2021-09-17,15043.9697265625,15043.9697265625,15166.5595703125,14998.73046875,15163.3603515625,6709540000,-0.009128012757075737
2021-09-20,14713.900390625,14713.900390625,14841.8203125,14530.0703125,14758.1396484375,4879490000,-0.022184576493189646
2021-09-21,14746.400390625,14746.400390625,14847.0302734375,14696.4697265625,14803.3603515625,4083010000,0.0022063599028096692
2021-09-22,14896.849609375,14896.849609375,14950.1201171875,14767.009765625,14800.58984375,4252490000,0.010150743293994458
2021-09-23,15052.240234375,15052.240234375,15085.4404296875,14932.509765625,14960.0,4196130000,0.0103770779164636
2021-09-24,15047.7001953125,15047.7001953125,15067.5595703125,14946.5703125,14961.6103515625,3992150000,-0.000301664324388619
2021-09-27,14969.9697265625,14969.9697265625,15003.16015625,14864.9599609375,14954.1796875,4650790000,-0.005178992419633922
2021-09-28,14546.6796875,14546.6796875,14817.740234375,14539.8798828125,14787.2099609375,4989510000,-0.02868340875171894
2021-09-29,14512.4404296875,14512.4404296875,14676.6201171875,14493.669921875,14614.8798828125,5294600000,-0.002356525147302429
2021-09-30,14448.580078125,14448.580078125,14632.3603515625,14444.2998046875,14582.599609375,5950950000,-0.004410097016206169
2021-10-01,14566.7001953125,14566.7001953125,14606.8203125,14324.009765625,14494.9296875,4710720000,0.008141969927935398
2021-10-04,14255.48046875,14255.48046875,14499.740234375,14181.6904296875,14493.1201171875,4557110000,-0.02159668809301126
2021-10-05,14433.830078125,14433.830078125,14508.650390625,14299.7802734375,14312.8603515625,4176390000,0.012433335170893687
2021-10-06,14501.91015625,14501.91015625,14509.5498046875,14259.0703125,14289.4501953125,4465910000,0.004705613417671806
2021-10-07,14654.01953125,14654.01953125,14755.7197265625,14615.1396484375,14631.7998046875,3984180000,0.01043429290005829
2021-10-08,14579.5400390625,14579.5400390625,14699.91015625,14569.6796875,14694.7197265625,3571380000,-0.005095489870618854
2021-10-11,14486.2001953125,14486.2001953125,14665.990234375,14482.6201171875,14540.080078125,3539540000,-0.00642269309919565
2021-10-12,14465.919921875,14465.919921875,14552.7099609375,14441.599609375,14539.08984375,4063830000,-0.001400952791876198
2021-10-13,14571.6396484375,14571.6396484375,14589.2802734375,14471.8798828125,14537.169921875,4053580000,0.0072816169987170295
2021-10-14,14823.4296875,14823.4296875,14827.5595703125,14699.51953125,14717.5,4262400000,0.0171318662008978
2021-10-15,14897.33984375,14897.33984375,14904.98046875,14847.9599609375,14891.240234375,4494440000,0.0049736470337934414
2021-10-18,15021.8095703125,15021.8095703125,15026.6796875,14833.2802734375,14839.740234375,4167740000,0.008320453427676443
2021-10-19,15129.08984375,15129.08984375,15137.849609375,15049.73046875,15073.1298828125,4483400000,0.007116253793701611
2021-10-20,15121.6796875,15121.6796875,15178.3896484375,15071.150390625,15160.0,4117050000,-0.0004899152327717522
2021-10-21,15215.7001953125,15215.7001953125,15222.25,15094.1396484375,15104.7998046875,4961860000,0.006198347332167434
2021-10-22,15090.2001953125,15090.2001953125,15193.009765625,15021.01953125,15158.0703125,5775770000,-0.008282262911190018
2021-10-25,15226.7099609375,15226.7099609375,15259.6298828125,15070.75,15142.919921875,5750200000,0.009005580549215842
2021-10-26,15235.7099609375,15235.7099609375,15384.0,15198.23046875,15317.5,7173230000,0.0005908920095611327
2021-10-27,15235.83984375,15235.83984375,15364.5400390625,15235.83984375,15276.0,6130110000,8.524857667788918e-06
2021-10-28,15448.1201171875,15448.1201171875,15452.2998046875,15290.3095703125,15304.740234375,5714890000,0.013836783815929735
2021-10-29,15498.3896484375,15498.3896484375,15504.1201171875,15323.2900390625,15323.2900390625,5338290000,0.0032488042009141153
2021-11-01,15595.919921875,15595.919921875,15598.9501953125,15470.8203125,15541.259765625,5273950000,0.006273211698793726
2021-11-02,15649.599609375,15649.599609375,15656.599609375,15569.26953125,15583.98046875,5129370000,0.0034359960159072674
2021-11-03,15811.580078125,15811.580078125,15821.5703125,15616.4404296875,15658.51953125,5325110000,0.010297255324539309
2021-11-04,15940.3095703125,15940.3095703125,15966.08984375,15827.66015625,15849.740234375,5297250000,0.008108506228736543
2021-11-05,15971.58984375,15971.58984375,16053.3896484375,15900.7802734375,16003.5595703125,5566400000,0.00196041501947168
2021-11-08,15982.3603515625,15982.3603515625,16038.23046875,15961.8095703125,15995.7197265625,5723650000,0.0006741268703589966
2021-11-09,15886.5400390625,15886.5400390625,16035.2099609375,15836.6796875,16024.1298828125,5574660000,-0.006013423750049305
2021-11-10,15622.7099609375,15622.7099609375,15867.240234375,15543.6796875,15753.83984375,5369110000,-0.016746589905313844
2021-11-11,15704.2802734375,15704.2802734375,15768.0302734375,15695.76953125,15752.080078125,4570460000,0.005207681697998991
2021-11-12,15860.9599609375,15860.9599609375,15874.5703125,15705.3798828125,15752.6201171875,5446540000,0.00992743746721808
2021-11-15,15853.849609375,15853.849609375,15918.4501953125,15778.3095703125,15894.8203125,5020180000,-0.00044839314994891624
2021-11-16,15973.8603515625,15973.8603515625,15989.6103515625,15825.0,15840.3203125,5533020000,0.0075413098271098315
2021-11-17,15921.5703125,15921.5703125,15998.5703125,15909.3896484375,15973.6201171875,5049320000,-0.0032788449518043354
2021-11-18,15993.7099609375,15993.7099609375,16010.8798828125,15848.830078125,15973.3896484375,5391360000,0.004520704231817726
2021-11-19,16057.4404296875,16057.4404296875,16121.1201171875,16017.23046875,16042.16015625,4875310000,0.003976802827012146
2021-11-22,15854.759765625,15854.759765625,16212.23046875,15851.0400390625,16120.919921875,5567830000,-0.012702564418120836
2021-11-23,15775.1396484375,15775.1396484375,15895.8603515625,15601.4599609375,15809.5,5434380000,-0.005034495008473966
2021-11-24,15845.23046875,15845.23046875,15848.5595703125,15591.3603515625,15677.8798828125,4197090000,0.004433277336696435
2021-11-26,15491.66015625,15491.66015625,15731.5400390625,15456.08984375,15664.3798828125,3502170000,-0.02256671355415229
2021-11-29,15782.830078125,15782.830078125,15833.1103515625,15644.6103515625,15719.419921875,4836230000,0.01862082053947445
2021-11-30,15537.6904296875,15537.6904296875,15828.2001953125,15451.3896484375,15716.5,6631470000,-0.015653932329884056
2021-12-01,15254.0498046875,15254.0498046875,15816.8203125,15243.9296875,15752.26953125,6320260000,-0.018423684134611772
2021-12-02,15381.3203125,15381.3203125,15444.5400390625,15150.1201171875,15181.8203125,5418340000,0.008308777697790867
2021-12-03,15085.4697265625,15085.4697265625,15470.3603515625,14931.0595703125,15428.7099609375,5900290000,-0.01942179568122206
2021-12-06,15225.150390625,15225.150390625,15281.990234375,14931.6103515625,15117.6298828125,5115230000,0.00921668064270508
2021-12-07,15686.919921875,15686.919921875,15720.08984375,15507.66015625,15510.91015625,5116490000,0.029878547695961613
2021-12-08,15786.990234375,15786.990234375,15792.6396484375,15618.8798828125,15690.650390625,4615390000,0.006358958846203535
2021-12-09,15517.3701171875,15517.3701171875,15796.0498046875,15511.1201171875,15720.5400390625,4515600000,-0.017226148778454936
2021-12-10,15630.599609375,15630.599609375,15677.599609375,15477.849609375,15629.58984375,4426210000,0.00727045723703465
2021-12-13,15413.2802734375,15413.2802734375,15637.0595703125,15408.25,15621.26953125,4573920000,-0.014001013198686334
2021-12-14,15237.6396484375,15237.6396484375,15317.5498046875,15097.349609375,15215.9599609375,4865990000,-0.011460833670692826
2021-12-15,15565.580078125,15565.580078125,15575.759765625,15055.23046875,15230.7099609375,5343920000,0.021293411756569507
2021-12-16,15180.4296875,15180.4296875,15633.1904296875,15119.490234375,15629.080078125,4906480000,-0.025054993582380974
2021-12-17,15169.6796875,15169.6796875,15288.7802734375,14960.3701171875,15036.76953125,7668770000,-0.0007083994536383065
2021-12-20,14980.9404296875,14980.9404296875,15007.2998046875,14860.0400390625,14933.0,4602640000,-0.012519923136243588
2021-12-21,15341.08984375,15341.08984375,15349.0595703125,15015.0302734375,15140.4296875,4581720000,0.02375608415585359
2021-12-22,15521.8896484375,15521.8896484375,15525.9697265625,15303.0595703125,15319.16015625,4107900000,0.01171642374947772
2021-12-23,15653.3701171875,15653.3701171875,15697.98046875,15528.91015625,15544.7900390625,3935010000,0.008434973712733093
2021-12-27,15871.259765625,15871.259765625,15871.400390625,15696.830078125,15696.830078125,3743920000,0.013823674950027278
2021-12-28,15781.7197265625,15781.7197265625,15901.4697265625,15757.0703125,15895.2001953125,3648500000,-0.005657620820348277
2021-12-29,15766.2197265625,15766.2197265625,15821.8095703125,15679.849609375,15794.919921875,3714380000,-0.0009826316086487233
2021-12-30,15741.5595703125,15741.5595703125,15868.08984375,15729.16015625,15758.98046875,3750920000,-0.0015653379473690395
2021-12-31,15644.9697265625,15644.9697265625,15777.4296875,15643.9404296875,15722.91015625,3392580000,-0.006154879232333314
