Date,Adj Close,Close,High,Low,Open,Volume,Log_returns
2022-01-03,4796.56005859375,4796.56005859375,4796.64013671875,4758.169921875,4778.14013671875,3831020000,0.006353824170388397
2022-01-04,4793.5400390625,4793.5400390625,4818.6201171875,4774.27001953125,4804.509765625,4683170000,-0.0006298202522032699
2022-01-05,4700.580078125,4700.580078125,4797.7001953125,4699.43994140625,4787.990234375,4887960000,-0.019583264304501073
2022-01-06,4696.0498046875,4696.0498046875,4725.009765625,4671.259765625,4693.39013671875,4295280000,-0.0009642337401809882
2022-01-07,4677.02978515625,4677.02978515625,4707.9501953125,4662.740234375,4697.66015625,4181510000,-0.004058441082336512
2022-01-10,4670.2900390625,4670.2900390625,4673.02001953125,4582.240234375,4655.33984375,4511810000,-0.0014420705375388979
2022-01-11,4713.06982421875,4713.06982421875,4714.1298828125,4638.27001953125,4669.14013671875,4101590000,0.009118286452399373
2022-01-12,4726.35009765625,4726.35009765625,4748.830078125,4706.7099609375,4728.58984375,4048220000,0.0028137920146670695
2022-01-13,4659.02978515625,4659.02978515625,4744.1298828125,4650.2900390625,4733.56005859375,4251730000,-0.014346029234400533
2022-01-14,4662.85009765625,4662.85009765625,4665.1298828125,4614.75,4637.990234375,4338490000,0.0008196442695905652
2022-01-18,4577.10986328125,4577.10986328125,4632.240234375,4568.7001953125,4632.240234375,4748700000,-0.0185591053980085
2022-01-19,4532.759765625,4532.759765625,4611.5498046875,4530.2001953125,4588.02978515625,4465740000,-0.009736790941460195
2022-01-20,4482.72998046875,4482.72998046875,4602.10986328125,4477.9501953125,4547.35009765625,4640870000,-0.011098742304330734
2022-01-21,4397.93994140625,4397.93994140625,4494.52001953125,4395.33984375,4471.3798828125,5589100000,-0.019095995324635427
2022-01-24,4410.1298828125,4410.1298828125,4417.35009765625,4222.6201171875,4356.31982421875,6928110000,0.0027679047582695165
2022-01-25,4356.4501953125,4356.4501953125,4411.009765625,4287.10986328125,4366.64013671875,5145050000,-0.012246590556866267
2022-01-26,4349.93017578125,4349.93017578125,4453.22998046875,4304.7998046875,4408.43017578125,5570640000,-0.0014977569258856588
2022-01-27,4326.509765625,4326.509765625,4428.740234375,4309.5,4380.580078125,5214200000,-0.005398635199970923
2022-01-28,4431.85009765625,4431.85009765625,4432.72021484375,4292.4599609375,4336.18994140625,5031090000,0.024055967914736694
2022-01-31,4515.5498046875,4515.5498046875,4516.89013671875,4414.02001953125,4431.7900390625,5098610000,0.018709826222984446
2022-02-01,4546.5400390625,4546.5400390625,4550.490234375,4483.52978515625,4519.56982421875,4816830000,0.006839560348317067
2022-02-02,4589.3798828125,4589.3798828125,4595.31005859375,4544.31982421875,4566.39013671875,4481580000,0.009378400448324454
2022-02-03,4477.43994140625,4477.43994140625,4542.8798828125,4470.39013671875,4535.41015625,4401970000,-0.024693471720120656
2022-02-04,4500.52978515625,4500.52978515625,4539.66015625,4451.5,4482.7900390625,4706290000,0.005143678439863626
2022-02-07,4483.8701171875,4483.8701171875,4521.85986328125,4471.47021484375,4505.75,4228480000,-0.003708580927828488
2022-02-08,4521.5400390625,4521.5400390625,4531.31982421875,4465.39990234375,4480.02001953125,4459620000,0.00836611346663433
2022-02-09,4587.18017578125,4587.18017578125,4590.02978515625,4547.0,4547.0,4524350000,0.014412842079264784
2022-02-10,4504.080078125,4504.080078125,4588.919921875,4484.31005859375,4553.240234375,5314860000,-0.01828182448505601
2022-02-11,4418.64013671875,4418.64013671875,4526.330078125,4401.41015625,4506.27001953125,5251500000,-0.019151682638086528
2022-02-14,4401.669921875,4401.669921875,4426.22021484375,4364.83984375,4412.60986328125,4600390000,-0.0038479907556283146
2022-02-15,4471.06982421875,4471.06982421875,4472.77001953125,4429.27978515625,4429.27978515625,4430830000,0.015643717646064172
2022-02-16,4475.009765625,4475.009765625,4489.5498046875,4429.68017578125,4455.75,4283640000,0.0008808197202838003
2022-02-17,4380.259765625,4380.259765625,4456.06005859375,4373.81005859375,4456.06005859375,4539420000,-0.021400504136936647
2022-02-18,4348.8701171875,4348.8701171875,4394.60009765625,4327.22021484375,4384.56982421875,4708060000,-0.007191961663866342
2022-02-22,4304.759765625,4304.759765625,4362.1201171875,4267.10986328125,4332.740234375,5121900000,-0.010194735435016016
2022-02-23,4225.5,4225.5,4341.509765625,4221.509765625,4324.93017578125,4797430000,-0.018583735748788438
2022-02-24,4288.7001953125,4288.7001953125,4294.72998046875,4114.64990234375,4155.77001953125,6752130000,0.014846105252724002
2022-02-25,4384.64990234375,4384.64990234375,4385.33984375,4286.830078125,4298.3798828125,5177060000,0.022126080551265786
2022-02-28,4373.93994140625,4373.93994140625,4388.83984375,4315.1201171875,4354.169921875,6071370000,-0.0024455914631261143
2022-03-01,4306.259765625,4306.259765625,4378.4501953125,4279.5400390625,4363.14013671875,5846230000,-0.015594467786613053
2022-03-02,4386.5400390625,4386.5400390625,4401.47998046875,4322.56005859375,4322.56005859375,5337870000,0.018471046780652183
2022-03-03,4363.490234375,4363.490234375,4416.77978515625,4345.56005859375,4401.31005859375,5039890000,-0.005268520744245652
2022-03-04,4328.8701171875,4328.8701171875,4342.1201171875,4284.97998046875,4342.1201171875,5797380000,-0.007965684543001903
2022-03-07,4201.08984375,4201.08984375,4327.009765625,4199.85009765625,4327.009765625,6940470000,-0.029962586814416495
2022-03-08,4170.7001953125,4170.7001953125,4276.93994140625,4157.8701171875,4202.66015625,7243120000,-0.007260043975698096
2022-03-09,4277.8798828125,4277.8798828125,4299.39990234375,4223.10009765625,4223.10009765625,5662670000,0.025373598122141117
2022-03-10,4259.52001953125,4259.52001953125,4268.27978515625,4209.7998046875,4252.5498046875,4980830000,-0.004301049920247209
2022-03-11,4204.31005859375,4204.31005859375,4291.009765625,4200.490234375,4279.5,4938640000,-0.013046278933238144
2022-03-14,4173.10986328125,4173.10986328125,4247.56982421875,4161.72021484375,4202.75,5574920000,-0.007448675095533314
2022-03-15,4262.4501953125,4262.4501953125,4271.0498046875,4187.89990234375,4188.81982421875,5392470000,0.021182629724144964
2022-03-16,4357.85986328125,4357.85986328125,4358.89990234375,4251.990234375,4288.14013671875,6309750000,0.022136921648393443
2022-03-17,4411.669921875,4411.669921875,4412.669921875,4335.64990234375,4345.10986328125,4985090000,0.012272205068700267
2022-03-18,4463.1201171875,4463.1201171875,4465.39990234375,4390.56982421875,4407.33984375,8278430000,0.011594814411888112
2022-03-21,4461.18017578125,4461.18017578125,4481.75,4424.2998046875,4462.39990234375,4869820000,-0.0004347548543014596
2022-03-22,4511.60986328125,4511.60986328125,4522.0,4469.10009765625,4469.10009765625,4754840000,0.011240699554074212
2022-03-23,4456.240234375,4456.240234375,4501.06982421875,4455.81005859375,4493.10009765625,4550670000,-0.012348630252495208
2022-03-24,4520.16015625,4520.16015625,4520.580078125,4465.169921875,4469.97998046875,4131390000,0.014242012281618024
2022-03-25,4543.06005859375,4543.06005859375,4546.02978515625,4501.06982421875,4522.91015625,4305020000,0.005053380704237665
2022-03-28,4575.52001953125,4575.52001953125,4575.64990234375,4517.68994140625,4541.08984375,4312260000,0.007119551020042568
2022-03-29,4631.60009765625,4631.60009765625,4637.2998046875,4589.66015625,4602.85986328125,5085910000,0.01218204410139109
2022-03-30,4602.4501953125,4602.4501953125,4627.77001953125,4581.31982421875,4624.2001953125,4385570000,-0.006313588999088777
2022-03-31,4530.41015625,4530.41015625,4603.06982421875,4530.41015625,4599.02001953125,4823020000,-0.015776335226881762
2022-04-01,4545.85986328125,4545.85986328125,4548.7001953125,4507.56982421875,4540.31982421875,4562940000,0.0034044209614630277
2022-04-04,4582.64013671875,4582.64013671875,4583.5,4539.2099609375,4547.97021484375,4547350000,0.008058382532133647
2022-04-05,4525.1201171875,4525.1201171875,4593.4501953125,4514.169921875,4572.4501953125,4800620000,-0.01263115907400537
2022-04-06,4481.14990234375,4481.14990234375,4503.93994140625,4450.0400390625,4494.169921875,4986830000,-0.009764433912479721
2022-04-07,4500.2099609375,4500.2099609375,4521.16015625,4450.2998046875,4474.64990234375,4821490000,0.004244365552037262
2022-04-08,4488.27978515625,4488.27978515625,4520.41015625,4474.60009765625,4494.14990234375,4083200000,-0.0026545466755523947
2022-04-11,4412.52978515625,4412.52978515625,4464.35009765625,4408.3798828125,4462.64013671875,4266290000,-0.017021334584696127
2022-04-12,4397.4501953125,4397.4501953125,4471.0,4381.33984375,4437.58984375,4152090000,-0.0034233005304522353
2022-04-13,4446.58984375,4446.58984375,4453.919921875,4392.7001953125,4394.2998046875,3828150000,0.011112603268901934
2022-04-14,4392.58984375,4392.58984375,4460.4599609375,4390.77001953125,4449.1201171875,4083090000,-0.012218480383508163
2022-04-18,4391.68994140625,4391.68994140625,4410.31005859375,4370.2998046875,4385.6298828125,3910490000,-0.0002048892724065068
2022-04-19,4462.2099609375,4462.2099609375,4471.02978515625,4390.6298828125,4390.6298828125,4108120000,0.01593004474938665
2022-04-20,4459.4501953125,4459.4501953125,4488.2900390625,4448.759765625,4472.259765625,4290450000,-0.0006186664061825758
2022-04-21,4393.66015625,4393.66015625,4512.93994140625,4384.47021484375,4489.169921875,4636890000,-0.014862855551311067
2022-04-22,4271.77978515625,4271.77978515625,4385.830078125,4267.6201171875,4385.830078125,4651940000,-0.028132076377366966
2022-04-25,4296.1201171875,4296.1201171875,4299.02001953125,4200.81982421875,4255.33984375,5240040000,0.0056817651441118085
2022-04-26,4175.2001953125,4175.2001953125,4278.14013671875,4175.0400390625,4278.14013671875,4689970000,-0.028550008928597752
2022-04-27,4183.9599609375,4183.9599609375,4240.7099609375,4162.89990234375,4186.52001953125,4769680000,0.0020958490249645954
2022-04-28,4287.5,4287.5,4308.4501953125,4188.6298828125,4222.580078125,4854180000,0.024445655340832175
2022-04-29,4131.93017578125,4131.93017578125,4269.68017578125,4124.27978515625,4253.75,5084030000,-0.03695915978469415
2022-05-02,4155.3798828125,4155.3798828125,4169.81005859375,4062.510009765625,4130.60986328125,5163790000,0.005659199293818601
2022-05-03,4175.47998046875,4175.47998046875,4200.10009765625,4147.080078125,4159.77978515625,4582050000,0.004825465075359521
2022-05-04,4300.169921875,4300.169921875,4307.66015625,4148.91015625,4181.18017578125,5136360000,0.029425221557325833
2022-05-05,4146.8701171875,4146.8701171875,4270.43017578125,4106.009765625,4270.43017578125,5077030000,-0.03630067756409906
2022-05-06,4123.33984375,4123.33984375,4157.68994140625,4067.909912109375,4128.169921875,5116940000,-0.00569038441395277
2022-05-09,3991.239990234375,3991.239990234375,4081.27001953125,3975.47998046875,4081.27001953125,5954520000,-0.03256151953960419
2022-05-10,4001.050048828125,4001.050048828125,4068.820068359375,3958.169921875,4035.179931640625,5885820000,0.002454881760409255
2022-05-11,3935.179931640625,3935.179931640625,4049.090087890625,3928.820068359375,3990.080078125,5816140000,-0.016600232095697796
2022-05-12,3930.080078125,3930.080078125,3964.800048828125,3858.8701171875,3903.949951171875,6286450000,-0.0012968049941124407
2022-05-13,4023.889892578125,4023.889892578125,4038.8798828125,3963.89990234375,3963.89990234375,5183340000,0.023589267956869442
2022-05-16,4008.010009765625,4008.010009765625,4046.4599609375,3983.989990234375,4013.02001953125,4415030000,-0.003954208517722458
2022-05-17,4088.85009765625,4088.85009765625,4090.719970703125,4033.929931640625,4052.0,4841410000,0.01996891958146264
2022-05-18,3923.679931640625,3923.679931640625,4051.97998046875,3911.909912109375,4051.97998046875,5103220000,-0.041233809291248875
2022-05-19,3900.7900390625,3900.7900390625,3945.9599609375,3876.580078125,3899.0,5113550000,-0.005850864777347809
2022-05-20,3901.360107421875,3901.360107421875,3943.419921875,3810.320068359375,3927.760009765625,5130730000,0.0001461310919903067
2022-05-23,3973.75,3973.75,3981.8798828125,3909.0400390625,3919.419921875,4420030000,0.018384995412060758
2022-05-24,3941.47998046875,3941.47998046875,3955.679931640625,3875.1298828125,3942.93994140625,4923190000,-0.008153950903558081
2022-05-25,3978.72998046875,3978.72998046875,3999.330078125,3925.030029296875,3929.590087890625,4802560000,0.009406385648931585
2022-05-26,4057.840087890625,4057.840087890625,4075.139892578125,3984.60009765625,3984.60009765625,4709970000,0.019688166007720866
2022-05-27,4158.240234375,4158.240234375,4158.490234375,4077.429931640625,4077.429931640625,4375620000,0.024441130195822013
2022-05-31,4132.14990234375,4132.14990234375,4168.33984375,4104.8798828125,4151.08984375,6822640000,-0.006294135193666945
2022-06-01,4101.22998046875,4101.22998046875,4166.5400390625,4073.85009765625,4149.77978515625,4531800000,-0.007510905041155451
2022-06-02,4176.81982421875,4176.81982421875,4177.509765625,4074.3701171875,4095.409912109375,4405790000,0.018263225415545106
2022-06-03,4108.5400390625,4108.5400390625,4142.669921875,4098.669921875,4137.56982421875,3711110000,-0.016482405609817057
2022-06-06,4121.43017578125,4121.43017578125,4168.77978515625,4109.18017578125,4134.72021484375,4332700000,0.003132489407036025
2022-06-07,4160.68017578125,4160.68017578125,4164.85986328125,4080.18994140625,4096.47021484375,4248210000,0.00947833153171984
2022-06-08,4115.77001953125,4115.77001953125,4160.14013671875,4107.2001953125,4147.1201171875,4159470000,-0.010852623040155319
2022-06-09,4017.820068359375,4017.820068359375,4119.10009765625,4017.169921875,4101.64990234375,4134170000,-0.02408645766515553
2022-06-10,3900.860107421875,3900.860107421875,3974.389892578125,3900.159912109375,3974.389892578125,4889640000,-0.029542414811409477
2022-06-13,3749.6298828125,3749.6298828125,3838.14990234375,3734.300048828125,3838.14990234375,5636890000,-0.03953993199003993
2022-06-14,3735.47998046875,3735.47998046875,3778.179931640625,3705.679931640625,3763.52001953125,5153890000,-0.003780818039489633
2022-06-15,3789.989990234375,3789.989990234375,3837.56005859375,3722.300048828125,3764.050048828125,5530480000,0.014487058836534478
2022-06-16,3666.77001953125,3666.77001953125,3728.179931640625,3639.77001953125,3728.179931640625,5644930000,-0.033052207113840666
2022-06-17,3674.840087890625,3674.840087890625,3707.7099609375,3636.8701171875,3665.89990234375,8520740000,0.0021984473410133873
2022-06-21,3764.7900390625,3764.7900390625,3779.64990234375,3715.31005859375,3715.31005859375,5292260000,0.024182474960671992
2022-06-22,3759.889892578125,3759.889892578125,3801.7900390625,3717.68994140625,3733.889892578125,5058990000,-0.0013024200953574458
2022-06-23,3795.72998046875,3795.72998046875,3802.580078125,3743.52001953125,3774.7099609375,5098640000,0.00948707248555652
2022-06-24,3911.739990234375,3911.739990234375,3913.64990234375,3821.75,3821.75,8120260000,0.030105539729901033
2022-06-27,3900.110107421875,3900.110107421875,3927.719970703125,3889.659912109375,3920.760009765625,4325310000,-0.0029774998903406716
2022-06-28,3821.550048828125,3821.550048828125,3945.860107421875,3820.139892578125,3913.0,4270120000,-0.0203486731494949
2022-06-29,3818.830078125,3818.830078125,3836.5,3799.02001953125,3825.090087890625,4211240000,-0.0007119988201726959
2022-06-30,3785.3798828125,3785.3798828125,3818.989990234375,3738.669921875,3785.989990234375,4840070000,-0.008797866246367652
2022-07-01,3825.330078125,3825.330078125,3829.820068359375,3752.10009765625,3781.0,4046950000,0.010498511296639174
2022-07-05,3831.389892578125,3831.389892578125,3832.18994140625,3742.06005859375,3792.610107421875,5076590000,0.0015828751061934918
2022-07-06,3845.080078125,3845.080078125,3870.909912109375,3809.3701171875,3831.97998046875,4417720000,0.003566795705066178
2022-07-07,3902.6201171875,3902.6201171875,3910.6298828125,3858.85009765625,3858.85009765625,4057770000,0.014853723180930391
2022-07-08,3899.3798828125,3899.3798828125,3918.5,3869.340087890625,3888.260009765625,3521620000,-0.00083061639612735
2022-07-11,3854.429931640625,3854.429931640625,3880.93994140625,3847.219970703125,3880.93994140625,3423480000,-0.011594417660525545
2022-07-12,3818.800048828125,3818.800048828125,3873.409912109375,3802.360107421875,3851.949951171875,3817210000,-0.00928686849749371
2022-07-13,3801.780029296875,3801.780029296875,3829.43994140625,3759.070068359375,3779.669921875,4109390000,-0.00446686411181668
2022-07-14,3790.3798828125,3790.3798828125,3796.409912109375,3721.56005859375,3763.989990234375,4199690000,-0.003003138812764307
2022-07-15,3863.159912109375,3863.159912109375,3863.6201171875,3817.179931640625,3818.0,4143800000,0.01901923165863364
2022-07-18,3830.85009765625,3830.85009765625,3902.43994140625,3818.6298828125,3883.7900390625,4046870000,-0.008398742485835936
2022-07-19,3936.68994140625,3936.68994140625,3939.81005859375,3860.72998046875,3860.72998046875,4041070000,0.02725351764373082
2022-07-20,3959.89990234375,3959.89990234375,3974.1298828125,3922.030029296875,3935.320068359375,4185300000,0.0058784939410571665
2022-07-21,3998.949951171875,3998.949951171875,3999.2900390625,3927.639892578125,3955.469970703125,4132790000,0.00981306668950467
2022-07-22,3961.6298828125,3961.6298828125,4012.43994140625,3938.860107421875,3998.429931640625,3979240000,-0.009376287293813849
2022-07-25,3966.840087890625,3966.840087890625,3975.300048828125,3943.4599609375,3965.719970703125,3568340000,0.001314302973305868
2022-07-26,3921.050048828125,3921.050048828125,3953.219970703125,3910.739990234375,3953.219970703125,3778950000,-0.011610342599263359
2022-07-27,4023.610107421875,4023.610107421875,4039.56005859375,3951.429931640625,3951.429931640625,4112180000,0.025820048778629066
2022-07-28,4072.429931640625,4072.429931640625,4078.949951171875,3992.969970703125,4026.1298828125,4413000000,0.012060319791912806
2022-07-29,4130.2900390625,4130.2900390625,4140.14990234375,4079.219970703125,4087.330078125,4616360000,0.014107775781753557
2022-08-01,4118.6298828125,4118.6298828125,4144.9501953125,4096.02001953125,4112.3798828125,4202810000,-0.002827076544916728
2022-08-02,4091.18994140625,4091.18994140625,4140.47021484375,4079.81005859375,4104.2099609375,4727710000,-0.00668468837887098
2022-08-03,4155.169921875,4155.169921875,4167.66015625,4107.9599609375,4107.9599609375,4351760000,0.015517456270090707
2022-08-04,4151.93994140625,4151.93994140625,4161.2900390625,4135.419921875,4154.85009765625,4283320000,-0.0007776424495837734
2022-08-05,4145.18994140625,4145.18994140625,4151.580078125,4107.31005859375,4115.8701171875,4085940000,-0.0016270690189191196
2022-08-08,4140.06005859375,4140.06005859375,4186.6201171875,4128.97021484375,4155.93017578125,4221090000,-0.0012383171221209141
2022-08-09,4122.47021484375,4122.47021484375,4137.2998046875,4112.08984375,4133.10986328125,3913090000,-0.004257744235926498
2022-08-10,4210.240234375,4210.240234375,4211.02978515625,4177.259765625,4181.02001953125,4546010000,0.021067158460407496
2022-08-11,4207.27001953125,4207.27001953125,4257.91015625,4201.41015625,4227.39990234375,4630200000,-0.0007057229222018175
2022-08-12,4280.14990234375,4280.14990234375,4280.47021484375,4219.77978515625,4225.02001953125,3788010000,0.017174046951492668
2022-08-15,4297.14013671875,4297.14013671875,4301.7900390625,4256.89990234375,4269.3701171875,3696830000,0.003961684056233163
2022-08-16,4305.2001953125,4305.2001953125,4325.27978515625,4277.77001953125,4290.4599609375,4329820000,0.0018739228259478625
2022-08-17,4274.0400390625,4274.0400390625,4302.18017578125,4253.080078125,4280.39990234375,3885030000,-0.007264114867648021
2022-08-18,4283.740234375,4283.740234375,4292.52978515625,4261.97998046875,4273.1298828125,3340330000,0.0022669896063847975
2022-08-19,4228.47998046875,4228.47998046875,4266.31005859375,4218.7001953125,4266.31005859375,3761340000,-0.012983928713038868
2022-08-22,4137.990234375,4137.990234375,4195.080078125,4129.85986328125,4195.080078125,3907430000,-0.021632366466494565
2022-08-23,4128.72998046875,4128.72998046875,4159.77001953125,4124.02978515625,4133.08984375,3823520000,-0.002240370434437464
2022-08-24,4140.77001953125,4140.77001953125,4156.56005859375,4119.97021484375,4126.5498046875,3583630000,0.002911916698724165
2022-08-25,4199.1201171875,4199.1201171875,4200.5400390625,4147.58984375,4153.259765625,3566870000,0.013993241836107048
2022-08-26,4057.659912109375,4057.659912109375,4203.0400390625,4057.659912109375,4198.740234375,3832750000,-0.03426857631703952
2022-08-29,4030.610107421875,4030.610107421875,4062.989990234375,4017.419921875,4034.580078125,3396510000,-0.0066886751973248065
2022-08-30,3986.159912109375,3986.159912109375,4044.97998046875,3965.2099609375,4041.25,3835860000,-0.011089416492117008
2022-08-31,3955.0,3955.0,4015.3701171875,3954.530029296875,4000.669921875,4542490000,-0.007847738208153028
2022-09-01,3966.85009765625,3966.85009765625,3970.22998046875,3903.64990234375,3936.72998046875,4152250000,0.0029917522671948716
2022-09-02,3924.260009765625,3924.260009765625,4018.429931640625,3906.2099609375,3994.659912109375,3665850000,-0.010794552570724387
2022-09-06,3908.18994140625,3908.18994140625,3942.550048828125,3886.75,3930.889892578125,4127340000,-0.004103464690895143
2022-09-07,3979.8701171875,3979.8701171875,3987.889892578125,3906.030029296875,3909.429931640625,3890320000,0.018174848666169877
2022-09-08,4006.179931640625,4006.179931640625,4010.5,3944.81005859375,3959.93994140625,3966850000,0.006588966880442448
2022-09-09,4067.360107421875,4067.360107421875,4076.81005859375,4022.93994140625,4022.93994140625,3901940000,0.01515601498121106
2022-09-12,4110.41015625,4110.41015625,4119.27978515625,4083.669921875,4083.669921875,3814200000,0.010528651483995635
2022-09-13,3932.68994140625,3932.68994140625,4037.1201171875,3921.280029296875,4037.1201171875,4224550000,-0.04419916303197406
2022-09-14,3946.010009765625,3946.010009765625,3961.93994140625,3912.179931640625,3940.72998046875,4293240000,0.003381289078844715
2022-09-15,3901.35009765625,3901.35009765625,3959.139892578125,3888.280029296875,3932.409912109375,4441830000,-0.011382272168149512
2022-09-16,3873.330078125,3873.330078125,3880.949951171875,3837.080078125,3880.949951171875,7954650000,-0.007208049775663175
2022-09-19,3899.889892578125,3899.889892578125,3900.449951171875,3838.5,3849.909912109375,3766850000,0.006833697724705768
2022-09-20,3855.929931640625,3855.929931640625,3876.010009765625,3827.5400390625,3875.22998046875,4058050000,-0.011336114736600402
2022-09-21,3789.929931640625,3789.929931640625,3907.070068359375,3789.489990234375,3871.39990234375,4078330000,-0.01726467409850635
2022-09-22,3757.989990234375,3757.989990234375,3790.89990234375,3749.449951171875,3782.360107421875,4284600000,-0.008463293830453985
2022-09-23,3693.22998046875,3693.22998046875,3727.139892578125,3647.469970703125,3727.139892578125,5144270000,-0.017382828767330778
2022-09-26,3655.0400390625,3655.0400390625,3715.669921875,3644.760009765625,3682.719970703125,4886140000,-0.010394360890280502
2022-09-27,3647.2900390625,3647.2900390625,3717.530029296875,3623.2900390625,3686.43994140625,4577740000,-0.0021226109548247284
2022-09-28,3719.0400390625,3719.0400390625,3736.739990234375,3640.610107421875,3651.93994140625,4684850000,0.019481144181152356
2022-09-29,3640.469970703125,3640.469970703125,3687.010009765625,3610.39990234375,3687.010009765625,4681810000,-0.0213527948230975
2022-09-30,3585.6201171875,3585.6201171875,3671.43994140625,3584.1298828125,3633.47998046875,5645360000,-0.0151813515462093
2022-10-03,3678.429931640625,3678.429931640625,3698.35009765625,3604.929931640625,3609.780029296875,4806680000,0.02555457753093017
2022-10-04,3790.929931640625,3790.929931640625,3791.919921875,3726.4599609375,3726.4599609375,5146580000,0.030125341416799834
2022-10-05,3783.280029296875,3783.280029296875,3806.909912109375,3722.659912109375,3753.25,4293180000,-0.0020199875589381176
2022-10-06,3744.52001953125,3744.52001953125,3797.929931640625,3739.219970703125,3771.969970703125,4252100000,-0.010297922911395202
2022-10-07,3639.659912109375,3639.659912109375,3706.739990234375,3620.72998046875,3706.739990234375,4449660000,-0.028403196531478058
2022-10-10,3612.389892578125,3612.389892578125,3652.169921875,3588.10009765625,3647.510009765625,3834320000,-0.007520673133652772
2022-10-11,3588.840087890625,3588.840087890625,3640.659912109375,3568.449951171875,3595.860107421875,4759030000,-0.006540518412323781
2022-10-12,3577.030029296875,3577.030029296875,3608.340087890625,3573.860107421875,3590.830078125,4006830000,-0.0032961996501662937
2022-10-13,3669.909912109375,3669.909912109375,3685.409912109375,3491.580078125,3520.3701171875,5021680000,0.025634259307631132
2022-10-14,3583.070068359375,3583.070068359375,3712.0,3579.679931640625,3690.409912109375,4243030000,-0.023947120744528417
2022-10-17,3677.949951171875,3677.949951171875,3689.72998046875,3638.64990234375,3638.64990234375,4352780000,0.026135524557561848
2022-10-18,3719.97998046875,3719.97998046875,3762.7900390625,3686.530029296875,3746.260009765625,4483740000,0.011362768207087462
2022-10-19,3695.159912109375,3695.159912109375,3728.580078125,3666.510009765625,3703.110107421875,4223800000,-0.006694455239684375
2022-10-20,3665.780029296875,3665.780029296875,3736.0,3656.43994140625,3689.050048828125,4496620000,-0.007982686738766696
2022-10-21,3752.75,3752.75,3757.889892578125,3647.419921875,3657.10009765625,5078020000,0.023447759860447268
2022-10-24,3797.340087890625,3797.340087890625,3810.739990234375,3741.64990234375,3762.010009765625,4747930000,0.011811940205111494
2022-10-25,3859.110107421875,3859.110107421875,3862.85009765625,3799.43994140625,3799.43994140625,4843120000,0.01613577001587496
2022-10-26,3830.60009765625,3830.60009765625,3886.14990234375,3824.070068359375,3825.969970703125,4817310000,-0.007415140398989885
2022-10-27,3807.300048828125,3807.300048828125,3859.949951171875,3803.7900390625,3834.68994140625,4687320000,-0.006101185053184453
2022-10-28,3901.06005859375,3901.06005859375,3905.419921875,3808.260009765625,3808.260009765625,4459410000,0.024328036770856338
2022-10-31,3871.97998046875,3871.97998046875,3893.72998046875,3863.179931640625,3881.85009765625,4820620000,-0.007482327030336412
2022-11-01,3856.10009765625,3856.10009765625,3911.7900390625,3843.800048828125,3901.7900390625,4481210000,-0.0041096637203590055
2022-11-02,3759.68994140625,3759.68994140625,3894.43994140625,3758.679931640625,3852.89990234375,4899000000,-0.025319843737482882
2022-11-03,3719.889892578125,3719.889892578125,3750.590087890625,3698.14990234375,3733.25,4625290000,-0.010642422531956597
2022-11-04,3770.550048828125,3770.550048828125,3796.340087890625,3708.840087890625,3766.97998046875,5400180000,0.013526823285563951
2022-11-07,3806.800048828125,3806.800048828125,3813.949951171875,3764.699951171875,3780.7099609375,4341620000,0.00956806167935914
2022-11-08,3828.110107421875,3828.110107421875,3859.39990234375,3786.280029296875,3817.02001953125,4607640000,0.005582282828760321
2022-11-09,3748.570068359375,3748.570068359375,3818.199951171875,3744.219970703125,3810.93994140625,4645010000,-0.020996784712303443
2022-11-10,3956.3701171875,3956.3701171875,3958.330078125,3859.889892578125,3859.889892578125,5781260000,0.05395251566479769
2022-11-11,3992.929931640625,3992.929931640625,4001.47998046875,3944.820068359375,3963.719970703125,5593310000,0.009198312304769028
2022-11-14,3957.25,3957.25,4008.969970703125,3956.39990234375,3977.969970703125,4561930000,-0.008975940544918012
2022-11-15,3991.72998046875,3991.72998046875,4028.840087890625,3953.169921875,4006.409912109375,5015310000,0.008675376414669186
2022-11-16,3958.7900390625,3958.7900390625,3983.090087890625,3954.340087890625,3976.820068359375,4165320000,-0.008286283111873759
2022-11-17,3946.56005859375,3946.56005859375,3954.330078125,3906.5400390625,3919.260009765625,4051780000,-0.0030941046442292835
2022-11-18,3965.340087890625,3965.340087890625,3979.889892578125,3935.97998046875,3966.389892578125,4037360000,0.00474729564815821
2022-11-21,3949.93994140625,3949.93994140625,3962.0,3933.340087890625,3956.22998046875,3850690000,-0.003891249800275618
2022-11-22,4003.580078125,4003.580078125,4005.8798828125,3956.8798828125,3965.510009765625,3887990000,0.01348860626982839
2022-11-23,4027.260009765625,4027.260009765625,4033.780029296875,3998.659912109375,4000.300048828125,3279720000,0.0058972660417383116
2022-11-25,4026.1201171875,4026.1201171875,4034.02001953125,4020.760009765625,4023.340087890625,1706460000,-0.0002830842622024787
2022-11-28,3963.93994140625,3963.93994140625,4012.27001953125,3955.77001953125,4005.360107421875,3615430000,-0.015564696794064813
2022-11-29,3957.6298828125,3957.6298828125,3976.77001953125,3937.64990234375,3964.18994140625,3546040000,-0.0015931337016243704
2022-11-30,4080.110107421875,4080.110107421875,4080.110107421875,3938.580078125,3957.179931640625,6579360000,0.030478643521294944
2022-12-01,4076.570068359375,4076.570068359375,4100.509765625,4050.8701171875,4087.139892578125,4527130000,-0.0008680098296065889
2022-12-02,4071.699951171875,4071.699951171875,4080.47998046875,4026.6298828125,4040.169921875,4012620000,-0.001195374663761461
2022-12-05,3998.840087890625,3998.840087890625,4052.449951171875,3984.489990234375,4052.02001953125,4280820000,-0.01805624963097222
2022-12-06,3941.260009765625,3941.260009765625,4001.510009765625,3918.389892578125,3996.6298828125,4368380000,-0.014503869422986057
2022-12-07,3933.919921875,3933.919921875,3957.570068359375,3922.679931640625,3933.280029296875,4118050000,-0.001864107253381664
2022-12-08,3963.510009765625,3963.510009765625,3974.18994140625,3935.830078125,3947.7900390625,4006900000,0.007493634413933237
2022-12-09,3934.3798828125,3934.3798828125,3977.02001953125,3933.0400390625,3954.169921875,3888260000,-0.0073767194642132125
2022-12-12,3990.56005859375,3990.56005859375,3990.7099609375,3935.300048828125,3939.2900390625,3904130000,0.01417830729965003
2022-12-13,4019.64990234375,4019.64990234375,4100.9599609375,3993.030029296875,4069.3798828125,5079360000,0.007263223255457212
2022-12-14,3995.320068359375,3995.320068359375,4053.760009765625,3965.64990234375,4015.5400390625,4472340000,-0.006071116623835963
2022-12-15,3895.75,3895.75,3958.3701171875,3879.449951171875,3958.3701171875,4493900000,-0.02523747790182607
2022-12-16,3852.360107421875,3852.360107421875,3890.909912109375,3827.909912109375,3890.909912109375,7493660000,-0.011200239946011676
2022-12-19,3817.659912109375,3817.659912109375,3854.860107421875,3800.0400390625,3853.7900390625,3969610000,-0.0090483289411038
2022-12-20,3821.6201171875,3821.6201171875,3838.239990234375,3795.6201171875,3810.469970703125,3985370000,0.001036800697890769
2022-12-21,3878.43994140625,3878.43994140625,3889.820068359375,3839.489990234375,3839.489990234375,3775200000,0.014758548669054294
2022-12-22,3822.389892578125,3822.389892578125,3853.260009765625,3764.489990234375,3853.260009765625,3956950000,-0.014557142498145655
2022-12-23,3844.820068359375,3844.820068359375,3845.800048828125,3797.010009765625,3815.110107421875,2819280000,0.005850952271915072
2022-12-27,3829.25,3829.25,3846.64990234375,3813.219970703125,3843.340087890625,3030300000,-0.004057844034659477
2022-12-28,3783.219970703125,3783.219970703125,3848.320068359375,3780.780029296875,3829.56005859375,3083520000,-0.012093470442948605
2022-12-29,3849.280029296875,3849.280029296875,3858.18994140625,3805.449951171875,3805.449951171875,3003680000,0.01731063431499432
2022-12-30,3839.5,3839.5,3839.85009765625,3800.340087890625,3829.06005859375,2979870000,-0.002543975646110833
2023-01-03,3824.139892578125,3824.139892578125,3878.4599609375,3794.330078125,3853.2900390625,3959140000,-0.004008572481273608
2023-01-04,3852.969970703125,3852.969970703125,3873.159912109375,3815.77001953125,3840.360107421875,4414080000,0.007510694562138916
2023-01-05,3808.10009765625,3808.10009765625,3839.739990234375,3802.419921875,3839.739990234375,3893450000,-0.011713869136457158
2023-01-06,3895.080078125,3895.080078125,3906.18994140625,3809.56005859375,3823.3701171875,3923560000,0.02258383558903089
2023-01-09,3892.090087890625,3892.090087890625,3950.570068359375,3890.419921875,3910.820068359375,4311770000,-0.0007679273259905782
2023-01-10,3919.25,3919.25,3919.830078125,3877.2900390625,3888.570068359375,3851030000,0.006953997970593733
2023-01-11,3969.610107421875,3969.610107421875,3970.070068359375,3928.5400390625,3932.35009765625,4303360000,0.012767571192293676
2023-01-12,3983.169921875,3983.169921875,3997.760009765625,3937.56005859375,3977.570068359375,4440260000,0.0034100849120427303
2023-01-13,3999.090087890625,3999.090087890625,4003.949951171875,3947.669921875,3960.60009765625,3939700000,0.003988892144656051
2023-01-17,3990.969970703125,3990.969970703125,4015.389892578125,3984.570068359375,3999.280029296875,4235560000,-0.002032555430996314
2023-01-18,3928.860107421875,3928.860107421875,4014.159912109375,3926.590087890625,4002.25,4298710000,-0.015684966977744675
2023-01-19,3898.85009765625,3898.85009765625,3922.93994140625,3885.5400390625,3911.840087890625,3991500000,-0.007667671901812428
2023-01-20,3972.610107421875,3972.610107421875,3972.9599609375,3897.860107421875,3909.0400390625,4013360000,0.01874167355235196
2023-01-23,4019.81005859375,4019.81005859375,4039.31005859375,3971.639892578125,3978.139892578125,3945210000,0.011811315951328555
2023-01-24,4016.949951171875,4016.949951171875,4023.919921875,3989.7900390625,4001.739990234375,3320430000,-0.0007117563642918193
2023-01-25,4016.219970703125,4016.219970703125,4019.550048828125,3949.06005859375,3982.7099609375,3724020000,-0.00018174157346566321
2023-01-26,4060.429931640625,4060.429931640625,4061.570068359375,4013.2900390625,4036.080078125,3809590000,0.010947708029114303
2023-01-27,4070.56005859375,4070.56005859375,4094.2099609375,4048.699951171875,4053.719970703125,3907760000,0.002491734021703855
2023-01-30,4017.77001953125,4017.77001953125,4063.85009765625,4015.550048828125,4049.27001953125,3802000000,-0.013053569315292663
2023-01-31,4076.60009765625,4076.60009765625,4077.159912109375,4020.43994140625,4020.85009765625,4679320000,0.014536304416419527
2023-02-01,4119.2099609375,4119.2099609375,4148.9501953125,4037.199951171875,4070.070068359375,4856930000,0.01039805629688473
2023-02-02,4179.759765625,4179.759765625,4195.43994140625,4141.8798828125,4158.68017578125,5624360000,0.014592384626854379
2023-02-03,4136.47998046875,4136.47998046875,4182.35986328125,4123.35986328125,4136.68994140625,4694510000,-0.010408592637285455
2023-02-06,4111.080078125,4111.080078125,4124.6298828125,4093.3798828125,4119.56982421875,4114240000,-0.006159393193939262
2023-02-07,4164.0,4164.0,4176.5400390625,4088.389892578125,4105.35009765625,4355860000,0.012790364037397075
2023-02-08,4117.85986328125,4117.85986328125,4156.85009765625,4111.669921875,4153.47021484375,4029820000,-0.011142573012411353
2023-02-09,4081.5,4081.5,4156.22998046875,4069.669921875,4144.25,4270200000,-0.008869009831037385
2023-02-10,4090.4599609375,4090.4599609375,4094.360107421875,4060.7900390625,4068.919921875,3891520000,0.0021928557092171274
2023-02-13,4137.2900390625,4137.2900390625,4138.89990234375,4092.669921875,4096.6201171875,3448620000,0.011383569951155146
2023-02-14,4136.1298828125,4136.1298828125,4159.77001953125,4095.010009765625,4126.7001953125,3929200000,-0.0002804538554937624
2023-02-15,4147.60009765625,4147.60009765625,4148.10986328125,4103.97998046875,4119.5,4075980000,0.002769337533076689
2023-02-16,4090.409912109375,4090.409912109375,4136.5400390625,4089.489990234375,4114.75,4143660000,-0.013884689204881605
2023-02-17,4079.090087890625,4079.090087890625,4081.510009765625,4047.949951171875,4077.389892578125,4045480000,-0.0027712421722827342
2023-02-21,3997.340087890625,3997.340087890625,4052.35009765625,3995.18994140625,4052.35009765625,4121590000,-0.020244783973471698
2023-02-22,3991.050048828125,3991.050048828125,4017.3701171875,3976.89990234375,4001.830078125,4079320000,-0.0015747954856433837
2023-02-23,4012.320068359375,4012.320068359375,4028.300048828125,3969.18994140625,4018.60009765625,3952940000,0.005315278263237728
2023-02-24,3970.0400390625,3970.0400390625,3978.25,3943.080078125,3973.239990234375,3877700000,-0.010593464619774184
2023-02-27,3982.239990234375,3982.239990234375,4018.050048828125,3973.550048828125,3992.360107421875,3836950000,0.0030682925395522777
2023-02-28,3970.14990234375,3970.14990234375,3997.5,3968.97998046875,3977.18994140625,5043400000,-0.0030406198309477117
2023-03-01,3951.389892578125,3951.389892578125,3971.72998046875,3939.050048828125,3963.340087890625,4249480000,-0.004736464203492832
2023-03-02,3981.35009765625,3981.35009765625,3990.840087890625,3928.159912109375,3938.679931640625,4244900000,0.0075535937311959735
2023-03-03,4045.639892578125,4045.639892578125,4048.2900390625,3995.169921875,3998.02001953125,4084730000,0.01601874917648306
2023-03-06,4048.419921875,4048.419921875,4078.489990234375,4044.610107421875,4055.14990234375,4000870000,0.0006869307788483012
2023-03-07,3986.3701171875,3986.3701171875,4050.0,3980.31005859375,4048.260009765625,3922500000,-0.015445590479262547
2023-03-08,3992.010009765625,3992.010009765625,4000.409912109375,3969.760009765625,3987.550048828125,3535570000,0.0014137941356032722
2023-03-09,3918.320068359375,3918.320068359375,4017.81005859375,3908.699951171875,3998.659912109375,4445260000,-0.018631857945482354
2023-03-10,3861.590087890625,3861.590087890625,3934.050048828125,3846.320068359375,3912.77001953125,5518190000,-0.01458396943606664
2023-03-13,3855.760009765625,3855.760009765625,3905.050048828125,3808.860107421875,3835.1201171875,6558020000,-0.001510901840738768
2023-03-14,3919.2900390625,3919.2900390625,3937.2900390625,3873.6298828125,3894.010009765625,5665870000,0.016342388235363665
2023-03-15,3891.929931640625,3891.929931640625,3894.260009765625,3838.239990234375,3876.739990234375,6594010000,-0.007005363929353597
2023-03-16,3960.280029296875,3960.280029296875,3964.4599609375,3864.110107421875,3878.929931640625,5695790000,0.017409576249031722
2023-03-17,3916.639892578125,3916.639892578125,3958.909912109375,3901.27001953125,3958.68994140625,9354280000,-0.011080621273953702
2023-03-20,3951.570068359375,3951.570068359375,3956.6201171875,3916.889892578125,3917.469970703125,5347140000,0.008878869635940853
2023-03-21,4002.8701171875,4002.8701171875,4009.080078125,3971.18994140625,3975.889892578125,4920240000,0.012898647518559103
2023-03-22,3936.969970703125,3936.969970703125,4039.489990234375,3936.169921875,4002.0400390625,4533010000,-0.016600248639842885
2023-03-23,3948.719970703125,3948.719970703125,4007.659912109375,3919.050048828125,3959.2099609375,4991600000,0.0029800838691824228
2023-03-24,3970.989990234375,3970.989990234375,3972.739990234375,3909.159912109375,3939.2099609375,4583970000,0.005623963084303207
2023-03-27,3977.530029296875,3977.530029296875,4003.830078125,3970.489990234375,3982.929931640625,4233540000,0.0016455995637670831
2023-03-28,3971.27001953125,3971.27001953125,3979.199951171875,3951.530029296875,3974.1298828125,4014600000,-0.0015750832883878866
2023-03-29,4027.81005859375,4027.81005859375,4030.590087890625,3999.530029296875,3999.530029296875,4145250000,0.014136870775046802
2023-03-30,4050.830078125,4050.830078125,4057.85009765625,4032.10009765625,4046.739990234375,3930860000,0.005698999199482652
2023-03-31,4109.31005859375,4109.31005859375,4110.75,4056.179931640625,4056.179931640625,4525120000,0.014333327782036555
2023-04-03,4124.509765625,4124.509765625,4127.66015625,4098.7900390625,4102.2001953125,4234700000,0.003692022565802823
2023-04-04,4100.60009765625,4100.60009765625,4133.1298828125,4086.8701171875,4128.02978515625,4227800000,-0.005813839745162529
2023-04-05,4090.3798828125,4090.3798828125,4099.68994140625,4072.56005859375,4094.5,3968020000,-0.002495481657121423
2023-04-06,4105.02001953125,4105.02001953125,4107.31982421875,4069.840087890625,4081.14990234375,3486690000,0.0035727731328032467
2023-04-10,4109.10986328125,4109.10986328125,4109.5,4072.550048828125,4085.199951171875,3423650000,0.0009958070170100843
2023-04-11,4108.93994140625,4108.93994140625,4124.259765625,4102.60986328125,4110.2900390625,3665830000,-4.135333298352082e-05
2023-04-12,4091.949951171875,4091.949951171875,4134.3701171875,4086.93994140625,4121.72021484375,3633120000,-0.0041434563234613855
2023-04-13,4146.22021484375,4146.22021484375,4150.259765625,4099.39990234375,4100.0400390625,3596590000,0.013175510497831548
2023-04-14,4137.64013671875,4137.64013671875,4163.18994140625,4113.2001953125,4140.10986328125,3575690000,-0.0020715175845779886
2023-04-17,4151.31982421875,4151.31982421875,4151.72021484375,4123.18017578125,4137.169921875,3611180000,0.0033007035826147536
2023-04-18,4154.8701171875,4154.8701171875,4169.47998046875,4140.35986328125,4164.259765625,3536640000,0.0008548548034659753
2023-04-19,4154.52001953125,4154.52001953125,4162.56982421875,4134.490234375,4139.330078125,3572560000,-8.426554793962826e-05
2023-04-20,4129.7900390625,4129.7900390625,4148.56982421875,4114.56982421875,4130.47998046875,3772080000,-0.005970335188311131
2023-04-21,4133.52001953125,4133.52001953125,4138.02001953125,4113.85986328125,4132.14013671875,3611750000,0.0009027812573008861
2023-04-24,4137.0400390625,4137.0400390625,4142.41015625,4117.77001953125,4132.06982421875,3290940000,0.0008512167782723126
2023-04-25,4071.6298828125,4071.6298828125,4126.43017578125,4071.3798828125,4126.43017578125,3978640000,-0.01593718381857645
2023-04-26,4055.989990234375,4055.989990234375,4089.669921875,4049.35009765625,4087.780029296875,3837030000,-0.0038485835033448754
2023-04-27,4135.35009765625,4135.35009765625,4138.240234375,4075.2900390625,4075.2900390625,3750550000,0.019377193402696356
2023-04-28,4169.47998046875,4169.47998046875,4170.06005859375,4127.18017578125,4129.6298828125,4087800000,0.008219331313243467
2023-05-01,4167.8701171875,4167.8701171875,4186.919921875,4164.1201171875,4166.7900390625,3321370000,-0.0003861810485107871
2023-05-02,4119.580078125,4119.580078125,4164.10009765625,4089.719970703125,4164.10009765625,4486130000,-0.011653906680571788
2023-05-03,4090.75,4090.75,4148.2998046875,4088.860107421875,4122.25,4246510000,-0.007022908054892971
2023-05-04,4061.219970703125,4061.219970703125,4082.610107421875,4048.280029296875,4082.550048828125,4920090000,-0.007244913455062742
2023-05-05,4136.25,4136.25,4147.02001953125,4084.72998046875,4084.72998046875,4186270000,0.018306166381879797
2023-05-08,4138.1201171875,4138.1201171875,4142.2998046875,4123.81005859375,4136.97998046875,3641640000,0.0004520264848820656
2023-05-09,4119.169921875,4119.169921875,4130.35009765625,4116.64990234375,4124.25,3810140000,-0.004589938949059595
2023-05-10,4137.64013671875,4137.64013671875,4154.27978515625,4098.919921875,4143.740234375,4057160000,0.004473942241914432
2023-05-11,4130.6201171875,4130.6201171875,4132.7998046875,4109.2900390625,4132.240234375,3752900000,-0.0016980648897067581
2023-05-12,4124.080078125,4124.080078125,4143.740234375,4099.1201171875,4138.5400390625,3533740000,-0.0015845615894390477
2023-05-15,4136.27978515625,4136.27978515625,4141.25,4110.27001953125,4126.64990234375,3562170000,0.002953797680316935
2023-05-16,4109.89990234375,4109.89990234375,4135.5400390625,4109.85986328125,4127.9501953125,3654200000,-0.006398107681917463
2023-05-17,4158.77001953125,4158.77001953125,4164.669921875,4113.6201171875,4122.85009765625,4039080000,0.011820688622071574
2023-05-18,4198.0498046875,4198.0498046875,4202.2001953125,4153.5,4157.68017578125,3980500000,0.009400723063727155
2023-05-19,4191.97998046875,4191.97998046875,4212.91015625,4180.2001953125,4204.14990234375,4041900000,-0.0014469138806754414
2023-05-22,4192.6298828125,4192.6298828125,4209.22021484375,4179.68017578125,4190.77978515625,3728520000,0.00015502267980239146
2023-05-23,4145.580078125,4145.580078125,4185.68017578125,4142.5400390625,4176.7998046875,4155320000,-0.011285468768284297
2023-05-24,4115.240234375,4115.240234375,4132.9599609375,4103.97998046875,4132.9599609375,0,-0.007345512678305211
2023-05-25,4151.27978515625,4151.27978515625,4165.740234375,4129.72998046875,4155.7099609375,4147760000,0.008719456079011883
2023-05-26,4205.4501953125,4205.4501953125,4212.8701171875,4156.16015625,4156.16015625,3715460000,0.012964680931640788
2023-05-30,4205.52001953125,4205.52001953125,4231.10009765625,4192.18017578125,4226.7099609375,4228510000,1.660313066576836e-05
2023-05-31,4179.830078125,4179.830078125,4195.43994140625,4166.14990234375,4190.740234375,5980670000,-0.006127358186214099
2023-06-01,4221.02001953125,4221.02001953125,4232.43017578125,4171.64013671875,4183.02978515625,4391860000,0.009806215085853812
2023-06-02,4282.3701171875,4282.3701171875,4290.669921875,4241.009765625,4241.009765625,4454200000,0.014429812390107408
2023-06-05,4273.7900390625,4273.7900390625,4299.27978515625,4266.81982421875,4282.990234375,3813290000,-0.002005591490657713
2023-06-06,4283.85009765625,4283.85009765625,4288.330078125,4263.08984375,4271.33984375,3996560000,0.002351130233850576
2023-06-07,4267.52001953125,4267.52001953125,4299.18994140625,4263.9599609375,4285.47021484375,4537800000,-0.003819293926420617
2023-06-08,4293.93017578125,4293.93017578125,4298.009765625,4261.06982421875,4268.68994140625,3826740000,0.00616957160752325
2023-06-09,4298.85986328125,4298.85986328125,4322.6201171875,4291.7001953125,4304.8798828125,3786510000,0.0011474010230505239
2023-06-12,4338.93017578125,4338.93017578125,4340.1298828125,4304.3701171875,4308.31982421875,3945670000,0.00927797498175416
2023-06-13,4369.009765625,4369.009765625,4375.3701171875,4349.31005859375,4352.60986328125,4275400000,0.006908570725908897
2023-06-14,4372.58984375,4372.58984375,4391.81982421875,4337.85009765625,4366.2900390625,4252110000,0.0008190899801265841
2023-06-15,4425.83984375,4425.83984375,4439.2001953125,4362.60009765625,4365.330078125,4176690000,0.012104580493589997
2023-06-16,4409.58984375,4409.58984375,4448.47021484375,4407.43994140625,4440.9501953125,6848600000,-0.0036783764677510893
2023-06-20,4388.7099609375,4388.7099609375,4400.14990234375,4367.18994140625,4396.10986328125,4055790000,-0.004746353835236048
2023-06-21,4365.68994140625,4365.68994140625,4386.22021484375,4360.14013671875,4380.009765625,3709330000,-0.005259086366925201
2023-06-22,4381.89013671875,4381.89013671875,4382.25,4351.81982421875,4355.39990234375,3511000000,0.0037039303873345254
2023-06-23,4348.330078125,4348.330078125,4366.5498046875,4341.33984375,4354.169921875,6053620000,-0.007688288056502158
2023-06-26,4328.81982421875,4328.81982421875,4362.06005859375,4328.080078125,4344.83984375,3415030000,-0.004496934363132171
2023-06-27,4378.41015625,4378.41015625,4384.419921875,4335.0,4337.35986328125,3573500000,0.01139073352418076
2023-06-28,4376.85986328125,4376.85986328125,4390.35009765625,4360.22021484375,4367.47998046875,3739330000,-0.0003541393883898215
2023-06-29,4396.43994140625,4396.43994140625,4398.39013671875,4371.97021484375,4374.93994140625,3696660000,0.00446356811449
2023-06-30,4450.3798828125,4450.3798828125,4458.47998046875,4422.43994140625,4422.43994140625,3923450000,0.0121943502618858
2023-07-03,4455.58984375,4455.58984375,4456.4599609375,4442.2900390625,4450.47998046875,2034280000,0.0011699930926736418
2023-07-05,4446.81982421875,4446.81982421875,4454.06005859375,4436.60986328125,4442.0400390625,3482620000,-0.0019702580976127164
2023-07-06,4411.58984375,4411.58984375,4422.6201171875,4385.0498046875,4422.6201171875,3682020000,-0.007954061175894762
2023-07-07,4398.9501953125,4398.9501953125,4440.39013671875,4397.39990234375,4404.5400390625,3630480000,-0.002869212795733482
2023-07-10,4409.52978515625,4409.52978515625,4412.60009765625,4389.919921875,4394.22998046875,3429600000,0.002402138610626312
2023-07-11,4439.259765625,4439.259765625,4443.64013671875,4408.4599609375,4415.5498046875,3624220000,0.006719583998254874
2023-07-12,4472.16015625,4472.16015625,4488.33984375,4463.22998046875,4467.68994140625,3920290000,0.007383905235389679
2023-07-13,4510.0400390625,4510.0400390625,4517.3798828125,4489.35986328125,4491.5,3839530000,0.008434482989627111
2023-07-14,4505.419921875,4505.419921875,4527.759765625,4499.56005859375,4514.60986328125,3647450000,-0.001024932196907484
2023-07-17,4522.7900390625,4522.7900390625,4532.85009765625,4504.89990234375,4508.85986328125,3538240000,0.0038479695744204137
2023-07-18,4554.97998046875,4554.97998046875,4562.2998046875,4514.58984375,4521.77978515625,4090010000,0.007092066941428338
2023-07-19,4565.72021484375,4565.72021484375,4578.43017578125,4557.47998046875,4563.8701171875,4115670000,0.002355134827233639
2023-07-20,4534.8701171875,4534.8701171875,4564.740234375,4527.56005859375,4554.3798828125,3761770000,-0.006779827396257691
2023-07-21,4536.33984375,4536.33984375,4555.0,4535.7900390625,4550.16015625,3570190000,0.0003240420146130911
2023-07-24,4554.64013671875,4554.64013671875,4563.41015625,4541.2900390625,4543.39013671875,3856250000,0.004026038496874852
2023-07-25,4567.4599609375,4567.4599609375,4580.6201171875,4552.419921875,4555.18994140625,3812470000,0.0028107195758387046
2023-07-26,4566.75,4566.75,4582.47021484375,4547.580078125,4558.9599609375,3990290000,-0.00015545097867591856
2023-07-27,4537.41015625,4537.41015625,4607.06982421875,4528.56005859375,4598.259765625,4553210000,-0.006445393055197076
2023-07-28,4582.22998046875,4582.22998046875,4590.16015625,4564.009765625,4565.75,3981010000,0.009829375810433848
2023-07-31,4588.9599609375,4588.9599609375,4594.22021484375,4573.14013671875,4584.81982421875,4503600000,0.0014676354365687912
2023-08-01,4576.72998046875,4576.72998046875,4584.6201171875,4567.52978515625,4578.830078125,4042370000,-0.0026686453076827116
2023-08-02,4513.39013671875,4513.39013671875,4550.93017578125,4505.75,4550.93017578125,4270710000,-0.013936200638336184
2023-08-03,4501.89013671875,4501.89013671875,4519.490234375,4485.5400390625,4494.27001953125,4149120000,-0.0025512254502915274
2023-08-04,4478.02978515625,4478.02978515625,4540.33984375,4474.5498046875,4513.9599609375,4143310000,-0.0053141693739379705
2023-08-07,4518.43994140625,4518.43994140625,4519.83984375,4491.14990234375,4491.580078125,3493920000,0.008983618964856572
2023-08-08,4499.3798828125,4499.3798828125,4503.31005859375,4464.39013671875,4498.02978515625,3884910000,-0.004227205100058866
2023-08-09,4467.7099609375,4467.7099609375,4502.43994140625,4461.330078125,4501.56982421875,3803100000,-0.007063619102045116
2023-08-10,4468.830078125,4468.830078125,4527.3701171875,4457.919921875,4487.16015625,4504370000,0.00025068252108086326
2023-08-11,4464.0498046875,4464.0498046875,4476.22998046875,4443.97998046875,4450.68994140625,3753290000,-0.0010702648992294865
2023-08-14,4489.72021484375,4489.72021484375,4490.330078125,4453.43994140625,4458.1298828125,3896410000,0.005734004879419051
2023-08-15,4437.85986328125,4437.85986328125,4478.8701171875,4432.18994140625,4478.8701171875,3832250000,-0.011618139396096483
2023-08-16,4404.330078125,4404.330078125,4449.9501953125,4403.5498046875,4433.7900390625,3753910000,-0.007584081792624527
2023-08-17,4370.35986328125,4370.35986328125,4421.169921875,4364.830078125,4416.31982421875,3943700000,-0.0077428113775290805
2023-08-18,4369.7099609375,4369.7099609375,4381.81982421875,4335.31005859375,4344.8798828125,3940400000,-0.00014871788395720285
2023-08-21,4399.77001953125,4399.77001953125,4407.5498046875,4360.2998046875,4380.27978515625,3726850000,0.006855634859799785
2023-08-22,4387.5498046875,4387.5498046875,4418.58984375,4382.77001953125,4415.330078125,3522760000,-0.0027813310465456837
2023-08-23,4436.009765625,4436.009765625,4443.18017578125,4396.43994140625,4396.43994140625,3837270000,0.010984330710791359
2023-08-24,4376.31005859375,4376.31005859375,4458.2998046875,4375.5498046875,4455.16015625,3723470000,-0.01354935398400801
2023-08-25,4405.7099609375,4405.7099609375,4418.4599609375,4356.2900390625,4389.3798828125,3296180000,0.006695501060295156
2023-08-28,4433.31005859375,4433.31005859375,4439.56005859375,4414.97998046875,4426.02978515625,2957230000,0.006245078594196461
2023-08-29,4497.6298828125,4497.6298828125,4500.14013671875,4431.68017578125,4432.75,3354820000,0.014404068712056505
2023-08-30,4514.8701171875,4514.8701171875,4521.64990234375,4493.58984375,4500.33984375,3064110000,0.003825854181192944
2023-08-31,4507.66015625,4507.66015625,4532.259765625,4507.39013671875,4517.009765625,3946360000,-0.0015982129743398576
2023-09-01,4515.77001953125,4515.77001953125,4541.25,4501.35009765625,4530.60009765625,3246260000,0.001797512765518541
2023-09-05,4496.830078125,4496.830078125,4514.2900390625,4496.009765625,4510.06005859375,3526250000,-0.004202997821381205
2023-09-06,4465.47998046875,4465.47998046875,4490.35009765625,4442.3798828125,4490.35009765625,3418850000,-0.006996014491432261
2023-09-07,4451.14013671875,4451.14013671875,4457.81005859375,4430.4599609375,4434.5498046875,3763760000,-0.003216433115732967
2023-09-08,4457.490234375,4457.490234375,4473.52978515625,4448.3798828125,4451.2998046875,3259290000,0.0014256060622570594
2023-09-11,4487.4599609375,4487.4599609375,4490.77001953125,4467.89013671875,4480.97998046875,3369920000,0.006700951498135517
2023-09-12,4461.89990234375,4461.89990234375,4487.10986328125,4456.830078125,4473.27001953125,3435740000,-0.005712169023003997
2023-09-13,4467.43994140625,4467.43994140625,4479.39013671875,4453.52001953125,4462.64990234375,3529430000,0.0012408621175346041
2023-09-14,4505.10009765625,4505.10009765625,4511.990234375,4478.68994140625,4487.77978515625,3648720000,0.00839458553366625
2023-09-15,4450.31982421875,4450.31982421875,4497.97998046875,4447.2099609375,4497.97998046875,6932230000,-0.012234145842493929
2023-09-18,4453.52978515625,4453.52978515625,4466.35986328125,4442.10986328125,4445.1298828125,3161230000,0.0007210276941755188
2023-09-19,4443.9501953125,4443.9501953125,4449.85009765625,4416.60986328125,4445.41015625,3614880000,-0.0021533273615331264
2023-09-20,4402.2001953125,4402.2001953125,4461.02978515625,4401.3798828125,4452.81005859375,3308450000,-0.009439204206291041
2023-09-21,4330.0,4330.0,4375.7001953125,4329.169921875,4374.35986328125,3662340000,-0.016536918318488084
2023-09-22,4320.06005859375,4320.06005859375,4357.39990234375,4316.490234375,4341.740234375,3349570000,-0.0022982374027607495
2023-09-25,4337.43994140625,4337.43994140625,4338.509765625,4302.7001953125,4310.6201171875,3195650000,0.0040149942038066174
2023-09-26,4273.52978515625,4273.52978515625,4313.009765625,4265.97998046875,4312.8798828125,3472340000,-0.014844165482264943
2023-09-27,4274.509765625,4274.509765625,4292.06982421875,4238.6298828125,4282.6298828125,3875880000,0.00022928777229479233
2023-09-28,4299.7001953125,4299.7001953125,4317.27001953125,4264.3798828125,4269.64990234375,3846230000,0.005875877143000698
2023-09-29,4288.0498046875,4288.0498046875,4333.14990234375,4274.85986328125,4328.18017578125,3865960000,-0.002713259648289315
2023-10-02,4288.39013671875,4288.39013671875,4300.580078125,4260.2099609375,4284.52001953125,3938660000,7.936440615299324e-05
2023-10-03,4229.4501953125,4229.4501953125,4281.14990234375,4216.4501953125,4269.75,3953830000,-0.013839395863449198
2023-10-04,4263.75,4263.75,4268.5,4220.47998046875,4233.830078125,3777600000,0.008077047607828946
2023-10-05,4258.18994140625,4258.18994140625,4267.1298828125,4225.91015625,4259.31005859375,3581470000,-0.0013048811469951228
2023-10-06,4308.5,4308.5,4324.10009765625,4219.5498046875,4234.7900390625,3902030000,0.011745642093961117
2023-10-09,4335.66015625,4335.66015625,4341.72998046875,4283.7900390625,4289.02001953125,3174630000,0.006284068119387409
2023-10-10,4358.240234375,4358.240234375,4385.4599609375,4339.64013671875,4339.75,3520240000,0.005194476099985354
2023-10-11,4376.9501953125,4376.9501953125,4378.64013671875,4345.33984375,4366.58984375,3601660000,0.004283819500095073
2023-10-12,4349.60986328125,4349.60986328125,4385.85009765625,4325.43017578125,4380.93994140625,3713140000,-0.006266024940654918
2023-10-13,4327.77978515625,4327.77978515625,4377.10009765625,4311.97021484375,4360.490234375,3566560000,-0.005031495660219892
2023-10-16,4373.6298828125,4373.6298828125,4383.330078125,4342.3701171875,4342.3701171875,3409960000,0.010538642302589985
2023-10-17,4373.2001953125,4373.2001953125,4393.56982421875,4337.5400390625,4345.22998046875,3794850000,-9.824987944376507e-05
2023-10-18,4314.60009765625,4314.60009765625,4364.2001953125,4303.83984375,4357.35009765625,3686030000,-0.013490408251151898
2023-10-19,4278.0,4278.0,4339.5400390625,4269.68994140625,4321.35986328125,3969730000,-0.008519032328057976
2023-10-20,4224.16015625,4224.16015625,4276.56005859375,4223.02978515625,4273.85009765625,4004030000,-0.012665149196155915
2023-10-23,4217.0400390625,4217.0400390625,4255.83984375,4189.22021484375,4210.39990234375,3776100000,-0.0016869920654349177
2023-10-24,4247.68017578125,4247.68017578125,4259.3798828125,4219.43017578125,4235.7900390625,3821820000,0.0072395235196288195
2023-10-25,4186.77001953125,4186.77001953125,4232.419921875,4181.419921875,4232.419921875,3869370000,-0.014443434657238052
2023-10-26,4137.22998046875,4137.22998046875,4183.60009765625,4127.89990234375,4175.990234375,4277640000,-0.011903081205584871
2023-10-27,4117.3701171875,4117.3701171875,4156.7001953125,4103.77978515625,4152.93017578125,4019500000,-0.00481183857862075
2023-10-30,4166.81982421875,4166.81982421875,4177.47021484375,4132.93994140625,4139.39013671875,3911140000,0.011938474300285915
2023-10-31,4193.7998046875,4193.7998046875,4195.5498046875,4153.1201171875,4171.330078125,4249470000,0.006454084821688244
2023-11-01,4237.85986328125,4237.85986328125,4245.64013671875,4197.740234375,4201.27001953125,4224900000,0.010451194990191868
2023-11-02,4317.77978515625,4317.77978515625,4319.72021484375,4268.259765625,4268.259765625,4669780000,0.018682938934086474
2023-11-03,4358.33984375,4358.33984375,4373.6201171875,4334.22998046875,4334.22998046875,4570960000,0.00934988354455146
2023-11-06,4365.97998046875,4365.97998046875,4372.2099609375,4347.52978515625,4364.27001953125,3656340000,0.0017514577241005862
2023-11-07,4378.3798828125,4378.3798828125,4386.259765625,4355.41015625,4366.2099609375,3791230000,0.0028360934017119537
2023-11-08,4382.77978515625,4382.77978515625,4391.2001953125,4359.759765625,4384.3701171875,3729510000,0.0010044110324198868
2023-11-09,4347.35009765625,4347.35009765625,4393.39990234375,4343.93994140625,4391.41015625,3900780000,-0.008116690699068705
2023-11-10,4415.240234375,4415.240234375,4418.02978515625,4353.33984375,4364.14990234375,3665080000,0.015495759270772258
2023-11-13,4411.5498046875,4411.5498046875,4421.759765625,4393.81982421875,4406.66015625,3326240000,-0.0008361884413700847
2023-11-14,4495.7001953125,4495.7001953125,4508.669921875,4458.97021484375,4458.97021484375,4700350000,0.01889537047457725
2023-11-15,4502.8798828125,4502.8798828125,4521.169921875,4495.31005859375,4505.2998046875,4347170000,0.0015957382078471765
2023-11-16,4508.240234375,4508.240234375,4511.990234375,4487.830078125,4497.080078125,3964520000,0.0011897193967137305
2023-11-17,4514.02001953125,4514.02001953125,4520.1201171875,4499.66015625,4509.5498046875,3777240000,0.0012812279371779871
2023-11-20,4547.3798828125,4547.3798828125,4557.10986328125,4510.35986328125,4511.7001953125,3644790000,0.007363103793795633
2023-11-21,4538.18994140625,4538.18994140625,4542.14013671875,4525.509765625,4538.77001953125,3511080000,-0.002022975931757968
2023-11-22,4556.6201171875,4556.6201171875,4568.43017578125,4545.0498046875,4553.0400390625,3042810000,0.004052905094313324
2023-11-24,4559.33984375,4559.33984375,4560.31005859375,4552.7998046875,4555.83984375,1639500000,0.0005966956096450322
2023-11-27,4550.43017578125,4550.43017578125,4560.52001953125,4546.31982421875,4554.85986328125,3403990000,-0.0019560693168983586
2023-11-28,4554.89013671875,4554.89013671875,4568.14013671875,4540.509765625,4545.5498046875,3586240000,0.0009796385280502918
2023-11-29,4550.580078125,4550.580078125,4587.64013671875,4547.14990234375,4571.83984375,4418760000,-0.0009466966151019382
2023-11-30,4567.7998046875,4567.7998046875,4569.89013671875,4537.240234375,4554.8701171875,5399300000,0.003776931264994605
2023-12-01,4594.6298828125,4594.6298828125,4599.39013671875,4554.7099609375,4559.43017578125,4397120000,0.005856558953846637
2023-12-04,4569.77978515625,4569.77978515625,4572.3701171875,4546.72021484375,4564.3701171875,4369910000,-0.005423188063826943
2023-12-05,4567.18017578125,4567.18017578125,4578.56005859375,4551.68017578125,4557.25,3909950000,-0.0005690315939348026
2023-12-06,4549.33984375,4549.33984375,4590.740234375,4546.5,4586.22998046875,4245680000,-0.003913851944943747
2023-12-07,4585.58984375,4585.58984375,4590.919921875,4565.22021484375,4568.83984375,3818880000,0.007936610684821922
2023-12-08,4604.3701171875,4604.3701171875,4609.22998046875,4574.06005859375,4576.2001953125,3707010000,0.0040871341465037936
2023-12-11,4622.43994140625,4622.43994140625,4623.7099609375,4593.39013671875,4593.39013671875,3823210000,0.003916813547781492
2023-12-12,4643.7001953125,4643.7001953125,4643.93017578125,4608.08984375,4618.2998046875,3808380000,0.0045888127956924
2023-12-13,4707.08984375,4707.08984375,4709.68994140625,4643.22998046875,4646.2001953125,5063650000,0.01355834517501981
2023-12-14,4719.5498046875,4719.5498046875,4738.56982421875,4694.33984375,4721.0400390625,6314040000,0.002643565185154432
2023-12-15,4719.18994140625,4719.18994140625,4725.52978515625,4704.68994140625,4714.22998046875,8218980000,-7.625240044859478e-05
2023-12-18,4740.56005859375,4740.56005859375,4749.52001953125,4725.580078125,4725.580078125,4060340000,0.004518122263400515
2023-12-19,4768.3701171875,4768.3701171875,4768.68994140625,4743.72021484375,4743.72021484375,4026970000,0.005849267450818904
2023-12-20,4698.35009765625,4698.35009765625,4778.009765625,4697.81982421875,4764.72998046875,4201320000,-0.014793147965305628
2023-12-21,4746.75,4746.75,4748.7099609375,4708.35009765625,4724.2900390625,3431180000,0.010248769307271876
2023-12-22,4754.6298828125,4754.6298828125,4772.93994140625,4736.77001953125,4753.919921875,3046770000,0.0016586821527610754
2023-12-26,4774.75,4774.75,4784.72021484375,4758.4501953125,4758.85986328125,2513910000,0.004222761046978559
2023-12-27,4781.580078125,4781.580078125,4785.39013671875,4768.89990234375,4773.4501953125,2748450000,0.0014294356164229985
2023-12-28,4783.35009765625,4783.35009765625,4793.2998046875,4780.97998046875,4786.43994140625,2698860000,0.0003701061103271183
2023-12-29,4769.830078125,4769.830078125,4788.43017578125,4751.990234375,4782.8798828125,3126060000,-0.0028304770367338357
2024-01-02,4742.830078125,4742.830078125,4754.330078125,4722.669921875,4745.2001953125,3743050000,-0.005676660799723162
2024-01-03,4704.81005859375,4704.81005859375,4729.2900390625,4699.7099609375,4725.06982421875,3950760000,-0.008048618327197648
2024-01-04,4688.68017578125,4688.68017578125,4726.77978515625,4687.52978515625,4697.419921875,3715480000,-0.003434271663317429
2024-01-05,4697.240234375,4697.240234375,4721.490234375,4682.10986328125,4690.56982421875,3844370000,0.0018240216394339805
2024-01-08,4763.5400390625,4763.5400390625,4764.5400390625,4699.81982421875,4703.7001953125,3742320000,0.014015945436353141
2024-01-09,4756.5,4756.5,4765.47021484375,4730.35009765625,4741.93017578125,3529960000,-0.0014789938523175842
2024-01-10,4783.4501953125,4783.4501953125,4790.7998046875,4756.2001953125,4759.93994140625,3498680000,0.005649980650495912
2024-01-11,4780.240234375,4780.240234375,4798.5,4739.580078125,4792.1298828125,3759890000,-0.0006712808369611647
2024-01-12,4783.830078125,4783.830078125,4802.39990234375,4768.97998046875,4791.18017578125,3486340000,0.0007506937530339595
2024-01-16,4765.97998046875,4765.97998046875,4782.33984375,4747.1201171875,4772.35009765625,4260550000,-0.0037383190523568345
2024-01-17,4739.2099609375,4739.2099609375,4744.22998046875,4714.81982421875,4739.1298828125,3928600000,-0.005632731271107821
2024-01-18,4780.93994140625,4780.93994140625,4785.7900390625,4740.56982421875,4760.10009765625,4019000000,0.008766720726243148
2024-01-19,4839.81005859375,4839.81005859375,4842.06982421875,4785.8701171875,4796.27978515625,4287200000,0.012238308232548512
2024-01-22,4850.43017578125,4850.43017578125,4868.41015625,4844.0498046875,4853.419921875,4297610000,0.0021919211872316853
2024-01-23,4864.60009765625,4864.60009765625,4866.47998046875,4844.3701171875,4856.7998046875,3912800000,0.002917115340764486
2024-01-24,4868.5498046875,4868.5498046875,4903.68017578125,4865.93994140625,4888.56005859375,4330030000,0.0008115989762168653
2024-01-25,4894.16015625,4894.16015625,4898.14990234375,4869.33984375,4886.66015625,4020430000,0.00524657813497798
2024-01-26,4890.97021484375,4890.97021484375,4906.68994140625,4881.47021484375,4888.91015625,3353400000,-0.0006519977554263648
2024-01-29,4927.93017578125,4927.93017578125,4929.31005859375,4887.39990234375,4892.9501953125,3525160000,0.007528365505246204
2024-01-30,4924.97021484375,4924.97021484375,4931.08984375,4916.27001953125,4925.89013671875,3836130000,-0.0006008303969786162
2024-01-31,4845.64990234375,4845.64990234375,4906.75,4845.14990234375,4899.18994140625,4696120000,-0.016236851740733683
2024-02-01,4906.18994140625,4906.18994140625,4906.97021484375,4853.52001953125,4861.10986328125,4386090000,0.012416286114049784
2024-02-02,4958.60986328125,4958.60986328125,4975.2900390625,4907.990234375,4916.06005859375,3974350000,0.01062777072263312
2024-02-05,4942.81005859375,4942.81005859375,4957.18994140625,4918.08984375,4957.18994140625,4023640000,-0.0031914247092839714
2024-02-06,4954.22998046875,4954.22998046875,4957.77001953125,4934.8798828125,4950.16015625,4440880000,0.0023077459317481074
2024-02-07,4995.06005859375,4995.06005859375,4999.89013671875,4969.0498046875,4973.0498046875,4895590000,0.008207682594008628
2024-02-08,4997.91015625,4997.91015625,5000.39990234375,4987.08984375,4995.16015625,4341860000,0.000570420540090595
2024-02-09,5026.60986328125,5026.60986328125,5030.06005859375,5000.33984375,5004.169921875,3912990000,0.0057259171287955156
2024-02-12,5021.83984375,5021.83984375,5048.39013671875,5016.830078125,5026.830078125,3805740000,-0.0009494041426524416
2024-02-13,4953.169921875,4953.169921875,4971.2998046875,4920.31005859375,4967.93994140625,4302190000,-0.013768609419845444
2024-02-14,5000.6201171875,5000.6201171875,5002.52001953125,4956.4501953125,4976.43994140625,3845600000,0.009534168304216807
2024-02-15,5029.72998046875,5029.72998046875,5032.72021484375,4999.43994140625,5003.14013671875,4137970000,0.00580437267404004
2024-02-16,5005.56982421875,5005.56982421875,5038.7001953125,4999.52001953125,5031.1298828125,3833270000,-0.0048150435759610425
2024-02-20,4975.509765625,4975.509765625,4993.7099609375,4955.02001953125,4989.31982421875,4034880000,-0.0060234264658172495
2024-02-21,4981.7998046875,4981.7998046875,4983.2099609375,4946.0,4963.02978515625,3788390000,0.0012634014951035982
2024-02-22,5087.02978515625,5087.02978515625,5094.39013671875,5038.830078125,5038.830078125,4051710000,0.02090288866640342
2024-02-23,5088.7998046875,5088.7998046875,5111.06005859375,5081.4599609375,5100.919921875,3672790000,0.000347887026502183
2024-02-26,5069.52978515625,5069.52978515625,5097.66015625,5068.91015625,5093.0,3683930000,-0.003793939244668484
2024-02-27,5078.18017578125,5078.18017578125,5080.68994140625,5057.2900390625,5074.60009765625,3925950000,0.001704895538720964
2024-02-28,5069.759765625,5069.759765625,5077.3701171875,5058.35009765625,5067.2001953125,3789370000,-0.001659531321112244
2024-02-29,5096.27001953125,5096.27001953125,5104.990234375,5061.89013671875,5085.35986328125,5219740000,0.0052154704557999644
2024-03-01,5137.080078125,5137.080078125,5140.330078125,5094.16015625,5098.509765625,4748110000,0.007975936433387976
2024-03-04,5130.9501953125,5130.9501953125,5149.669921875,5127.18017578125,5130.990234375,4758440000,-0.0011939745749630112
2024-03-05,5078.64990234375,5078.64990234375,5114.5400390625,5056.81982421875,5110.52001953125,4418410000,-0.010245406275917994
2024-03-06,5104.759765625,5104.759765625,5127.97021484375,5092.22021484375,5108.02978515625,4559050000,0.005127932853001643
2024-03-07,5157.35986328125,5157.35986328125,5165.6201171875,5128.2099609375,5132.3798828125,4137980000,0.010251402284983627
2024-03-08,5123.68994140625,5123.68994140625,5189.259765625,5117.5,5164.4599609375,4208870000,-0.006549922992050337
2024-03-11,5117.93994140625,5117.93994140625,5124.66015625,5091.14013671875,5111.9599609375,3896430000,-0.0011228682680281005
2024-03-12,5175.27001953125,5175.27001953125,5179.8701171875,5114.47998046875,5134.2998046875,4080510000,0.011139512586668012
2024-03-13,5165.31005859375,5165.31005859375,5179.14013671875,5151.8798828125,5173.490234375,4282890000,-0.0019263840021219723
2024-03-14,5150.47998046875,5150.47998046875,5176.85009765625,5123.2998046875,5175.14013671875,4687970000,-0.002875221051495188
2024-03-15,5117.08984375,5117.08984375,5136.85986328125,5104.35009765625,5123.31005859375,7753670000,-0.0065040228597376655
2024-03-18,5149.419921875,5149.419921875,5175.60009765625,5145.47021484375,5154.77001953125,4036220000,0.006298184238480456
2024-03-19,5178.509765625,5178.509765625,5180.31005859375,5131.58984375,5139.08984375,4031760000,0.00563325304434312
2024-03-20,5224.6201171875,5224.6201171875,5226.18994140625,5171.5498046875,5181.68994140625,4064850000,0.008864765516360184
2024-03-21,5241.52978515625,5241.52978515625,5261.10009765625,5240.66015625,5253.43017578125,4207730000,0.003231309094528888
2024-03-22,5234.18017578125,5234.18017578125,5246.08984375,5229.8701171875,5242.47998046875,3374700000,-0.0014031718343267125
2024-03-25,5218.18994140625,5218.18994140625,5229.08984375,5216.08984375,5219.52001953125,3331360000,-0.0030596403820319297
2024-03-26,5203.580078125,5203.580078125,5235.16015625,5203.419921875,5228.85009765625,3871790000,-0.002803721982805726
2024-03-27,5248.490234375,5248.490234375,5249.259765625,5213.919921875,5226.31005859375,3850500000,0.008593595582706042
2024-03-28,5254.35009765625,5254.35009765625,5264.85009765625,5245.81982421875,5248.02978515625,3998270000,0.0011158627007616052
2024-04-01,5243.77001953125,5243.77001953125,5263.9501953125,5229.2001953125,5257.97021484375,3325930000,-0.0020156145269577246
2024-04-02,5205.81005859375,5205.81005859375,5208.33984375,5184.0498046875,5204.2900390625,3886590000,-0.007265388203672426
2024-04-03,5211.490234375,5211.490234375,5228.75,5194.3701171875,5194.3701171875,3703250000,0.001090527523337898
2024-04-04,5147.2099609375,5147.2099609375,5256.58984375,5146.06005859375,5244.0498046875,4075680000,-0.01241103561926225
2024-04-05,5204.33984375,5204.33984375,5222.18017578125,5157.2099609375,5158.9501953125,3386780000,0.011038050135699558
2024-04-08,5202.39013671875,5202.39013671875,5219.56982421875,5197.35009765625,5211.3701171875,3278180000,-0.0003747011900415767
2024-04-09,5209.91015625,5209.91015625,5224.81005859375,5160.77978515625,5217.02978515625,3400680000,0.0014444494736345207
2024-04-10,5160.64013671875,5160.64013671875,5178.43017578125,5138.7001953125,5167.8798828125,3845930000,-0.009501981832212592
2024-04-11,5199.06005859375,5199.06005859375,5211.77978515625,5138.77001953125,5172.9501953125,3509380000,0.007417221983342437
2024-04-12,5123.41015625,5123.41015625,5175.02978515625,5107.93994140625,5171.509765625,3963220000,-0.014657587802248536
2024-04-15,5061.81982421875,5061.81982421875,5168.43017578125,5052.47021484375,5149.669921875,3950210000,-0.012094195787459195
2024-04-16,5051.41015625,5051.41015625,5079.83984375,5039.830078125,5064.58984375,4006200000,-0.0020586245275039964
2024-04-17,5022.2099609375,5022.2099609375,5077.9599609375,5007.25,5068.97021484375,3596130000,-0.005797375076004185
2024-04-18,5011.1201171875,5011.1201171875,5056.66015625,5001.89013671875,5031.52001953125,3619760000,-0.0022106017004853043
2024-04-19,4967.22998046875,4967.22998046875,5019.02001953125,4953.56005859375,5005.43994140625,3878750000,-0.008797129654056974
2024-04-22,5010.60009765625,5010.60009765625,5038.83984375,4969.39990234375,4987.330078125,3820250000,0.00869335115683908
2024-04-23,5070.5498046875,5070.5498046875,5076.1201171875,5027.9599609375,5028.85009765625,3751400000,0.01189356656772209
2024-04-24,5071.6298828125,5071.6298828125,5089.47998046875,5047.02001953125,5084.85986328125,3656740000,0.00021298737793290078
2024-04-25,5048.419921875,5048.419921875,5057.75,4990.580078125,5019.8798828125,3958050000,-0.0045869342701194095
2024-04-26,5099.9599609375,5099.9599609375,5114.6201171875,5073.14013671875,5084.64990234375,3604140000,0.010157381332325343
2024-04-29,5116.169921875,5116.169921875,5123.490234375,5088.64990234375,5114.1298828125,3447450000,0.0031734080766393944
2024-04-30,5035.68994140625,5035.68994140625,5110.830078125,5035.31005859375,5103.77978515625,4082470000,-0.015855551118928123
2024-05-01,5018.39013671875,5018.39013671875,5096.1201171875,5013.4501953125,5029.02978515625,4544170000,-0.0034413534856316866
2024-05-02,5064.2001953125,5064.2001953125,5073.2099609375,5011.0498046875,5049.31982421875,4381660000,0.009087024725084856
2024-05-03,5127.7900390625,5127.7900390625,5139.1201171875,5101.22021484375,5122.77978515625,3924990000,0.012478557659508005
2024-05-06,5180.740234375,5180.740234375,5181.0,5142.419921875,5142.419921875,3683250000,0.010273173691247842
2024-05-07,5187.7001953125,5187.7001953125,5200.22998046875,5178.9599609375,5187.2001953125,3987890000,0.0013425282288256131
2024-05-08,5187.669921875,5187.669921875,5191.9501953125,5165.85986328125,5168.97998046875,3842100000,-5.835635193424912e-06
2024-05-09,5214.080078125,5214.080078125,5215.2998046875,5180.41015625,5189.02978515625,3727370000,0.005078032639106711
2024-05-10,5222.68017578125,5222.68017578125,5239.66015625,5209.68017578125,5225.490234375,3617900000,0.001648040080166728
2024-05-13,5221.419921875,5221.419921875,5237.259765625,5211.16015625,5233.080078125,4255710000,-0.00024133317386520824
2024-05-14,5246.68017578125,5246.68017578125,5250.3701171875,5217.97998046875,5221.10009765625,4763580000,0.004826148527454041
2024-05-15,5308.14990234375,5308.14990234375,5311.759765625,5263.259765625,5263.259765625,4360810000,0.01164782778729962
2024-05-16,5297.10009765625,5297.10009765625,5325.490234375,5296.18994140625,5310.06982421875,3817470000,-0.0020838374740880464
2024-05-17,5303.27001953125,5303.27001953125,5305.4501953125,5283.58984375,5303.10009765625,3578120000,0.0011640956878937513
2024-05-20,5308.1298828125,5308.1298828125,5325.31982421875,5302.39990234375,5305.35009765625,3420100000,0.0009159703084911664
2024-05-21,5321.41015625,5321.41015625,5324.31982421875,5297.8701171875,5298.68994140625,3662240000,0.0024987497668926086
2024-05-22,5307.009765625,5307.009765625,5323.18017578125,5286.009765625,5319.27978515625,3847130000,-0.0027097912093521476
2024-05-23,5267.83984375,5267.83984375,5341.8798828125,5256.93017578125,5340.259765625,3869520000,-0.007408162283471933
2024-05-24,5304.72021484375,5304.72021484375,5311.64990234375,5278.39013671875,5281.4501953125,3005510000,0.0069766490766732595
2024-05-28,5306.0400390625,5306.0400390625,5315.91015625,5280.89013671875,5315.91015625,3751540000,0.00024877090688591537
2024-05-29,5266.9501953125,5266.9501953125,5282.27001953125,5262.7001953125,5278.72998046875,3552750000,-0.007394317215742535
2024-05-30,5235.47998046875,5235.47998046875,5260.2099609375,5222.10009765625,5259.77001953125,3818750000,-0.005992957535754186
2024-05-31,5277.509765625,5277.509765625,5280.330078125,5191.68017578125,5243.2099609375,5437160000,0.007995824231928897
2024-06-03,5283.39990234375,5283.39990234375,5302.10986328125,5234.31982421875,5297.14990234375,4046920000,0.0011154602235352391
2024-06-04,5291.33984375,5291.33984375,5298.7998046875,5257.6298828125,5278.240234375,3707900000,0.0015016810037827531
2024-06-05,5354.02978515625,5354.02978515625,5354.16015625,5297.64013671875,5314.47998046875,3591460000,0.011778015849957281
2024-06-06,5352.9599609375,5352.9599609375,5362.35009765625,5335.35986328125,5357.7998046875,3609990000,-0.00019983660163685183
2024-06-07,5346.990234375,5346.990234375,5375.080078125,5331.330078125,5343.81005859375,3692760000,-0.0011158420502790662
2024-06-10,5360.7900390625,5360.7900390625,5365.7900390625,5331.52001953125,5341.22021484375,3622280000,0.002577529978240972
2024-06-11,5375.31982421875,5375.31982421875,5375.9501953125,5327.25,5353.0,3568030000,0.0027067148552095224
2024-06-12,5421.02978515625,5421.02978515625,5447.25,5409.1298828125,5409.1298828125,3962840000,0.008467720241887338
2024-06-13,5433.740234375,5433.740234375,5441.93017578125,5402.509765625,5441.93017578125,3530380000,0.00234191143711672
2024-06-14,5431.60009765625,5431.60009765625,5432.39013671875,5403.75,5424.080078125,3438650000,-0.00039393828099749413
2024-06-17,5473.22998046875,5473.22998046875,5488.5,5420.39990234375,5431.10986328125,3447840000,0.007635164372320518
2024-06-18,5487.02978515625,5487.02978515625,5490.3798828125,5471.31982421875,5476.14990234375,3544330000,0.0025181541815171163
2024-06-20,5473.169921875,5473.169921875,5505.52978515625,5455.56005859375,5499.990234375,3847060000,-0.0025291273954115403
2024-06-21,5464.6201171875,5464.6201171875,5478.31005859375,5452.02978515625,5466.77001953125,6773800000,-0.0015633517188252497
2024-06-24,5447.8701171875,5447.8701171875,5490.66015625,5447.58984375,5459.580078125,3696750000,-0.0030698791558664423
2024-06-25,5469.2998046875,5469.2998046875,5472.8798828125,5446.56005859375,5460.72998046875,3591960000,0.003925873679181344
2024-06-26,5477.89990234375,5477.89990234375,5483.14013671875,5451.8701171875,5460.7099609375,3563920000,0.0015711962247204525
2024-06-27,5482.8701171875,5482.8701171875,5490.81005859375,5467.5400390625,5473.58984375,3589530000,0.0009069098567990731
2024-06-28,5460.47998046875,5460.47998046875,5523.64013671875,5451.1201171875,5488.47998046875,7199220000,-0.0040920134623695995
2024-07-01,5475.08984375,5475.08984375,5479.5498046875,5446.52978515625,5471.080078125,3488760000,0.0026719909814295235
2024-07-02,5509.009765625,5509.009765625,5509.68994140625,5458.43017578125,5461.83984375,3329950000,0.0061762057711850496
2024-07-03,5537.02001953125,5537.02001953125,5539.27001953125,5507.419921875,5507.43994140625,2179470000,0.0050715622695336636
2024-07-05,5567.18994140625,5567.18994140625,5570.330078125,5531.6298828125,5537.91015625,3253080000,0.00543397436096954
2024-07-08,5572.85009765625,5572.85009765625,5583.10986328125,5562.509765625,5572.75,3185670000,0.0010161824764044329
2024-07-09,5576.97998046875,5576.97998046875,5590.75,5574.56982421875,5584.240234375,3232920000,0.0007407974780654752
2024-07-10,5633.91015625,5633.91015625,5635.39013671875,5586.43994140625,5591.259765625,3336100000,0.010156314878105886
2024-07-11,5584.5400390625,5584.5400390625,5642.4501953125,5576.52978515625,5635.2099609375,4020950000,-0.008801649969266724
2024-07-12,5615.35009765625,5615.35009765625,5655.56005859375,5590.43994140625,5590.759765625,3700280000,0.00550186402496512
2024-07-15,5631.22021484375,5631.22021484375,5666.93994140625,5614.75,5638.16015625,3620470000,0.0028222164233526843
2024-07-16,5667.2001953125,5667.2001953125,5669.669921875,5639.02001953125,5644.08984375,4041760000,0.0063690499714532745
2024-07-17,5588.27001953125,5588.27001953125,5622.490234375,5584.81005859375,5610.06982421875,4246450000,-0.014025441523645543
2024-07-18,5544.58984375,5544.58984375,5614.0498046875,5522.81005859375,5608.56005859375,4007510000,-0.007847112145350072
2024-07-19,5505.0,5505.0,5557.5,5497.0400390625,5543.3701171875,3760570000,-0.007165879226406085
2024-07-22,5564.41015625,5564.41015625,5570.35986328125,5529.0400390625,5544.5400390625,3375180000,0.010734217246220293
2024-07-23,5555.740234375,5555.740234375,5585.33984375,5550.89990234375,5565.2998046875,3500210000,-0.0015593176939461904
2024-07-24,5427.1298828125,5427.1298828125,5508.0400390625,5419.97998046875,5505.83984375,3945550000,-0.02342124222289286
2024-07-25,5399.22021484375,5399.22021484375,5491.58984375,5390.9501953125,5428.7001953125,4592120000,-0.005155889019717259
2024-07-26,5459.10009765625,5459.10009765625,5488.31982421875,5430.7001953125,5433.669921875,3638770000,0.011029420409570924
2024-07-29,5463.5400390625,5463.5400390625,5487.740234375,5444.43994140625,5476.5498046875,3379970000,0.0008129795718284517
2024-07-30,5436.43994140625,5436.43994140625,5489.4599609375,5401.7001953125,5478.72998046875,3777740000,-0.0049725143613676215
2024-07-31,5522.2998046875,5522.2998046875,5551.509765625,5493.75,5505.58984375,4546910000,0.015669980701917767
2024-08-01,5446.68017578125,5446.68017578125,5566.16015625,5410.419921875,5537.83984375,4703620000,-0.013788123791990166
2024-08-02,5346.56005859375,5346.56005859375,5383.89013671875,5302.02978515625,5376.6298828125,5156450000,-0.01855290660855327
2024-08-05,5186.330078125,5186.330078125,5250.89013671875,5119.259765625,5151.14013671875,5333250000,-0.0304270413923931
2024-08-06,5240.02978515625,5240.02978515625,5312.33984375,5193.56005859375,5206.419921875,4690190000,0.010300849493599515
2024-08-07,5199.5,5199.5,5330.64013671875,5195.5400390625,5293.1298828125,4558260000,-0.007764715388769489
2024-08-08,5319.31005859375,5319.31005859375,5328.02978515625,5233.85009765625,5252.56982421875,4016830000,0.02278113959089888
2024-08-09,5344.16015625,5344.16015625,5358.669921875,5300.83984375,5314.66015625,3516400000,0.004660798434381699
2024-08-12,5344.39013671875,5344.39013671875,5371.2001953125,5324.3701171875,5351.8798828125,3360160000,4.30330517200971e-05
2024-08-13,5434.43017578125,5434.43017578125,5436.5,5376.97998046875,5376.97998046875,3648980000,0.016707233419049988
2024-08-14,5455.2099609375,5455.2099609375,5463.22021484375,5415.91015625,5442.35986328125,3380050000,0.00381643656119841
2024-08-15,5543.22021484375,5543.22021484375,5546.22998046875,5501.1298828125,5501.1298828125,3723310000,0.01600448993130413
2024-08-16,5554.25,5554.25,5561.97998046875,5525.169921875,5530.5,3357690000,0.0019878023683961516
2024-08-19,5608.25,5608.25,5608.2998046875,5550.740234375,5557.22998046875,3222050000,0.009675327436177775
2024-08-20,5597.1201171875,5597.1201171875,5620.509765625,5585.5,5602.8798828125,2994420000,-0.001986527237609709
2024-08-21,5620.85009765625,5620.85009765625,5632.68017578125,5591.56982421875,5603.08984375,3119670000,0.004230714721006796
2024-08-22,5570.64013671875,5570.64013671875,5643.22021484375,5560.9501953125,5637.77001953125,2981530000,-0.00897294225665722
2024-08-23,5634.60986328125,5634.60986328125,5641.81982421875,5585.16015625,5602.490234375,3291940000,0.01141793740166443
2024-08-26,5616.83984375,5616.83984375,5651.6201171875,5602.33984375,5639.66015625,2938570000,-0.0031587101696058145
2024-08-27,5625.7998046875,5625.7998046875,5631.18017578125,5593.47998046875,5602.89013671875,2798990000,0.0015939251127232035
2024-08-28,5592.18017578125,5592.18017578125,5627.02978515625,5560.9501953125,5624.509765625,3053450000,-0.005993900794735212
2024-08-29,5591.9599609375,5591.9599609375,5646.9501953125,5583.7099609375,5607.2998046875,3065640000,-3.937984343658622e-05
2024-08-30,5648.39990234375,5648.39990234375,5651.3701171875,5581.7900390625,5612.740234375,4185850000,0.010042457079144168
2024-09-03,5528.93017578125,5528.93017578125,5623.89013671875,5504.330078125,5623.89013671875,3866350000,-0.021377963372397696
2024-09-04,5520.06982421875,5520.06982421875,5552.990234375,5503.66015625,5506.68017578125,3478140000,-0.0016038290273809634
2024-09-05,5503.41015625,5503.41015625,5546.2998046875,5480.5400390625,5520.080078125,3521650000,-0.003022581014674196
2024-09-06,5408.419921875,5408.419921875,5522.47021484375,5402.6201171875,5507.330078125,3822800000,-0.017410944507424406
2024-09-09,5471.0498046875,5471.0498046875,5484.2001953125,5434.490234375,5442.06982421875,3825940000,0.011513534435818254
2024-09-10,5495.52001953125,5495.52001953125,5497.91015625,5441.72021484375,5490.509765625,3848180000,0.004462699977793541
2024-09-11,5554.1298828125,5554.1298828125,5560.41015625,5406.9599609375,5496.419921875,3839450000,0.01060855564984334
2024-09-12,5595.759765625,5595.759765625,5600.7099609375,5535.5,5557.47998046875,3655070000,0.00746735215680267
2024-09-13,5626.02001953125,5626.02001953125,5636.27001953125,5601.64990234375,5603.33984375,3500790000,0.0053931422343560355
2024-09-16,5633.08984375,5633.08984375,5636.0498046875,5604.52978515625,5615.2099609375,3437070000,0.0012558408673102855
2024-09-17,5634.580078125,5634.580078125,5670.81005859375,5614.0498046875,5655.509765625,3443600000,0.00026451509389645083
2024-09-18,5618.259765625,5618.259765625,5689.75,5615.080078125,5641.68017578125,3691390000,-0.0029006587083132912
2024-09-19,5713.64013671875,5713.64013671875,5733.56982421875,5686.419921875,5702.6298828125,4024530000,0.016834356892725128
2024-09-20,5702.5498046875,5702.5498046875,5715.14013671875,5674.490234375,5709.64013671875,7867260000,-0.0019429136300157343
2024-09-23,5718.56982421875,5718.56982421875,5725.35986328125,5704.22021484375,5711.89990234375,3529550000,0.0028053344257131223
2024-09-24,5732.93017578125,5732.93017578125,5735.31982421875,5698.990234375,5727.66015625,3872710000,0.002508031103345345
2024-09-25,5722.259765625,5722.259765625,5741.02978515625,5712.06005859375,5733.64990234375,3624910000,-0.001862983206212128
2024-09-26,5745.3701171875,5745.3701171875,5767.3701171875,5721.009765625,5762.22021484375,4391180000,0.004030542158199222
2024-09-27,5738.169921875,5738.169921875,5763.77978515625,5727.33984375,5755.35986328125,3898530000,-0.0012540029000721238
2024-09-30,5762.47998046875,5762.47998046875,5765.14013671875,5703.52978515625,5726.52001953125,4425730000,0.004227603658441509
2024-10-01,5708.75,5708.75,5757.72998046875,5681.27978515625,5757.72998046875,4025180000,-0.009367848694454447
2024-10-02,5709.5400390625,5709.5400390625,5719.6298828125,5674.0,5698.14013671875,3829050000,0.00013838132698647728
2024-10-03,5699.93994140625,5699.93994140625,5718.77978515625,5677.3701171875,5698.18994140625,3597450000,-0.0016828286544586894
2024-10-04,5751.06982421875,5751.06982421875,5753.2099609375,5702.830078125,5737.47998046875,3479400000,0.008930255699186382
2024-10-07,5695.93994140625,5695.93994140625,5739.33984375,5686.85009765625,5737.7998046875,3637790000,-0.009632263829388773
2024-10-08,5751.1298828125,5751.1298828125,5757.60009765625,5714.56005859375,5719.14013671875,3393400000,0.009642706804694385
2024-10-09,5792.0400390625,5792.0400390625,5796.7998046875,5745.02001953125,5751.7998046875,3650340000,0.007088231016994585
2024-10-10,5780.0498046875,5780.0498046875,5795.02978515625,5764.759765625,5778.35986328125,3208790000,-0.0020722685059824846
2024-10-11,5815.02978515625,5815.02978515625,5822.1298828125,5775.08984375,5775.08984375,3208720000,0.00603360870729872
2024-10-14,5859.85009765625,5859.85009765625,5871.41015625,5829.56982421875,5829.81005859375,3005250000,0.007678114574594323
2024-10-15,5815.259765625,5815.259765625,5870.35986328125,5804.47998046875,5866.740234375,3882120000,-0.0076385660375134215
2024-10-16,5842.47021484375,5842.47021484375,5846.52001953125,5808.33984375,5816.580078125,3467230000,0.004668232782779766
2024-10-17,5841.47021484375,5841.47021484375,5878.4599609375,5840.25,5875.6201171875,3480010000,-0.00017117512853816633
2024-10-18,5864.669921875,5864.669921875,5872.169921875,5846.10986328125,5859.43017578125,3374490000,0.003963686942774387
2024-10-21,5853.97998046875,5853.97998046875,5866.919921875,5824.7900390625,5857.81982421875,3407010000,-0.001824432756419033
2024-10-22,5851.2001953125,5851.2001953125,5863.0400390625,5821.169921875,5832.7001953125,3342080000,-0.0004749666671957937
2024-10-23,5797.419921875,5797.419921875,5834.85009765625,5762.41015625,5834.5,3532650000,-0.009233824267679564
2024-10-24,5809.85986328125,5809.85986328125,5817.7998046875,5784.919921875,5817.7998046875,3543030000,0.0021434731305568283
2024-10-25,5808.1201171875,5808.1201171875,5862.81982421875,5799.97998046875,5826.75,3501280000,-0.00029949201318627087
2024-10-28,5823.52001953125,5823.52001953125,5842.919921875,5823.080078125,5833.93017578125,3691280000,0.002647934626732945
2024-10-29,5832.919921875,5832.919921875,5847.18994140625,5802.169921875,5819.68017578125,3879100000,0.0016128259449012198
2024-10-30,5813.669921875,5813.669921875,5850.93994140625,5811.27978515625,5832.64990234375,3851120000,-0.0033056916724881185
2024-10-31,5705.4501953125,5705.4501953125,5775.33984375,5702.85986328125,5775.33984375,4425660000,-0.018790134928745348
2024-11-01,5728.7998046875,5728.7998046875,5772.52001953125,5723.22021484375,5723.22021484375,3796450000,0.004084158004525459
2024-11-04,5712.68994140625,5712.68994140625,5741.43017578125,5696.509765625,5725.14990234375,3602060000,-0.0028160448131902913
2024-11-05,5782.759765625,5782.759765625,5783.43994140625,5722.10009765625,5722.43017578125,3768310000,0.012191031029563081
2024-11-06,5929.0400390625,5929.0400390625,5936.14013671875,5864.89013671875,5864.89013671875,6329530000,0.024981280957186654
2024-11-07,5973.10009765625,5973.10009765625,5983.83984375,5947.2099609375,5947.2099609375,4925740000,0.007403754173995657
2024-11-08,5995.5400390625,5995.5400390625,6012.4501953125,5976.759765625,5976.759765625,4666740000,0.0037497940357180464
2024-11-11,6001.35009765625,6001.35009765625,6017.31005859375,5986.68994140625,6008.85986328125,4333000000,0.0009685941909569238
2024-11-12,5983.990234375,5983.990234375,6009.919921875,5960.080078125,6003.60009765625,4243400000,-0.0028968514769364996
2024-11-13,5985.3798828125,5985.3798828125,6008.18994140625,5965.91015625,5985.75,4220180000,0.00023220076414018386
2024-11-14,5949.169921875,5949.169921875,5993.8798828125,5942.27978515625,5989.68017578125,4184570000,-0.006068108582244
2024-11-15,5870.6201171875,5870.6201171875,5915.31982421875,5853.009765625,5912.7900390625,4590960000,-0.013291430866793769
2024-11-18,5893.6201171875,5893.6201171875,5908.1201171875,5865.9501953125,5874.169921875,3983860000,0.003910159746206537
2024-11-19,5916.97998046875,5916.97998046875,5923.509765625,5855.2900390625,5870.0498046875,4036940000,0.003955750520596487
2024-11-20,5917.10986328125,5917.10986328125,5920.669921875,5860.56005859375,5914.33984375,3772620000,2.19506213354446e-05
2024-11-21,5948.7099609375,5948.7099609375,5963.31982421875,5887.259765625,5940.580078125,4230120000,0.005326251844288491
2024-11-22,5969.33984375,5969.33984375,5972.89990234375,5944.35986328125,5944.35986328125,4141420000,0.0034619595915364653
2024-11-25,5987.3701171875,5987.3701171875,6020.75,5963.91015625,5992.27978515625,5633150000,0.0030159278201245415
2024-11-26,6021.6298828125,6021.6298828125,6025.419921875,5992.27001953125,6000.02978515625,3835170000,0.005705697155263866
2024-11-27,5998.740234375,5998.740234375,6020.16015625,5984.8701171875,6014.10986328125,3363340000,-0.003808481083577712
2024-11-29,6032.3798828125,6032.3798828125,6044.169921875,6003.97998046875,6003.97998046875,2444420000,0.005592120396801623
2024-12-02,6047.14990234375,6047.14990234375,6053.580078125,6035.330078125,6040.10986328125,4412470000,0.0024454638805813736
2024-12-03,6049.8798828125,6049.8798828125,6052.06982421875,6033.39013671875,6042.97021484375,4095000000,0.0004513472420221813
2024-12-04,6086.490234375,6086.490234375,6089.83984375,6061.06005859375,6069.39013671875,4003390000,0.00603318162813612
2024-12-05,6075.10986328125,6075.10986328125,6094.5498046875,6072.89990234375,6089.02978515625,4212020000,-0.0018715258393823342
2024-12-06,6090.27001953125,6090.27001953125,6099.97021484375,6079.97998046875,6081.3798828125,3924830000,0.0024923453675383123
2024-12-09,6052.85009765625,6052.85009765625,6088.509765625,6048.6298828125,6083.009765625,4556460000,-0.006163167285227462
2024-12-10,6034.91015625,6034.91015625,6065.39990234375,6029.89013671875,6057.58984375,4048410000,-0.002968284314279252
2024-12-11,6084.18994140625,6084.18994140625,6092.58984375,6060.14990234375,6060.14990234375,4269950000,0.008132626411368235
2024-12-12,6051.25,6051.25,6079.68017578125,6051.25,6074.2900390625,3678010000,-0.005428731461463251
2024-12-13,6051.08984375,6051.08984375,6078.580078125,6035.77001953125,6068.169921875,3584960000,-2.646698937187397e-05
2024-12-16,6074.080078125,6074.080078125,6085.18994140625,6059.14013671875,6063.7900390625,4391100000,0.0037921550087844295
2024-12-17,6050.60986328125,6050.60986328125,6057.68017578125,6035.18994140625,6052.5498046875,4544500000,-0.0038714794806554956
2024-12-18,5872.16015625,5872.16015625,6070.669921875,5867.7900390625,6047.64990234375,5246960000,-0.02993650530451818
2024-12-19,5867.080078125,5867.080078125,5935.52001953125,5866.06982421875,5912.7099609375,4896880000,-0.0008654867505367934
2024-12-20,5930.85009765625,5930.85009765625,5982.06005859375,5832.2998046875,5842.0,8223220000,0.010810479402397299
2024-12-23,5974.06982421875,5974.06982421875,5978.25,5902.56982421875,5940.25,3593280000,0.007260849585616372
2024-12-24,6040.0400390625,6040.0400390625,6040.10009765625,5981.43994140625,5984.6298828125,1757720000,0.010982233165126825
2024-12-26,6037.58984375,6037.58984375,6049.75,6007.3701171875,6024.97021484375,2904530000,-0.0004057410882578191
2024-12-27,5970.83984375,5970.83984375,6006.169921875,5932.9501953125,6006.169921875,3159610000,-0.01111730496491221
2024-12-30,5906.93994140625,5906.93994140625,5940.7900390625,5869.16015625,5920.669921875,3433250000,-0.010759673941729728
2024-12-31,5881.6298828125,5881.6298828125,5929.740234375,5868.85986328125,5919.740234375,3128350000,-0.0042940064589823065
2025-01-02,5868.5498046875,5868.5498046875,5935.08984375,5829.52978515625,5903.259765625,3621680000,-0.002226363149448992
2025-01-03,5942.47021484375,5942.47021484375,5949.33984375,5888.66015625,5891.06982421875,3667340000,0.01251735670782609
2025-01-06,5975.3798828125,5975.3798828125,6021.0400390625,5960.009765625,5982.81005859375,4940120000,0.005522766496818171
2025-01-07,5909.02978515625,5909.02978515625,6000.68017578125,5890.68017578125,5993.259765625,4517330000,-0.011166021516637011
2025-01-08,5918.25,5918.25,5927.89013671875,5874.77978515625,5910.66015625,4441740000,0.0015591440938312422
2025-01-10,5827.0400390625,5827.0400390625,5890.35009765625,5807.77978515625,5890.35009765625,4751930000,-0.015531637650233373
2025-01-13,5836.22021484375,5836.22021484375,5838.60986328125,5773.31005859375,5782.02001953125,4421200000,0.0015742043780551176
2025-01-14,5842.91015625,5842.91015625,5871.919921875,5805.419921875,5859.27001953125,4142280000,0.001145623334164268
2025-01-15,5949.91015625,5949.91015625,5960.60986328125,5905.2099609375,5905.2099609375,4544570000,0.018147132504516373
2025-01-16,5937.33984375,5937.33984375,5964.68994140625,5930.72021484375,5963.60986328125,4285810000,-0.0021149243408667613
2025-01-17,5996.66015625,5996.66015625,6014.9599609375,5978.43994140625,5995.39990234375,4366830000,0.009941478308394033
2025-01-21,6049.240234375,6049.240234375,6051.509765625,6006.8798828125,6014.1201171875,4702920000,0.00873000944059605
2025-01-22,6086.3701171875,6086.3701171875,6100.81005859375,6076.1298828125,6081.39013671875,4323040000,0.006119181086994129
2025-01-23,6118.7099609375,6118.7099609375,6118.72998046875,6074.669921875,6076.31982421875,4432250000,0.005299419459529372
2025-01-24,6101.240234375,6101.240234375,6128.18017578125,6088.740234375,6121.43017578125,4214250000,-0.002859215984467759
2025-01-27,6012.27978515625,6012.27978515625,6017.169921875,5962.919921875,5969.0400390625,5198750000,-0.014688059032112328
2025-01-28,6067.7001953125,6067.7001953125,6074.5400390625,5994.6298828125,6026.97021484375,4473640000,0.009175644177716802
2025-01-29,6039.31005859375,6039.31005859375,6062.830078125,6012.9599609375,6057.7001953125,4115310000,-0.004689876056919602
2025-01-30,6071.169921875,6071.169921875,6086.64013671875,6027.4599609375,6050.75,4634620000,0.005261548152180238
2025-01-31,6040.52978515625,6040.52978515625,6120.91015625,6030.93017578125,6096.7900390625,4843770000,-0.005059603990267195
2025-02-03,5994.56982421875,5994.56982421875,6022.1298828125,5923.93017578125,5969.64990234375,4797210000,-0.007637690729495203
2025-02-04,6037.8798828125,6037.8798828125,6042.47998046875,5990.8701171875,5998.14013671875,4410160000,0.007198907403029114
2025-02-05,6061.47998046875,6061.47998046875,6062.85986328125,6007.06005859375,6020.4501953125,4756250000,0.003901053915613614
2025-02-06,6083.56982421875,6083.56982421875,6084.02978515625,6046.830078125,6072.22021484375,4847120000,0.003637674355266266
2025-02-07,6025.990234375,6025.990234375,6101.27978515625,6019.9599609375,6083.1298828125,4766900000,-0.0095098456936602
2025-02-10,6066.43994140625,6066.43994140625,6073.3798828125,6044.83984375,6046.39990234375,4458760000,0.006690112295455172
2025-02-11,6068.5,6068.5,6076.27978515625,6042.33984375,6049.31982421875,4324880000,0.00033952514367385523
2025-02-12,6051.97021484375,6051.97021484375,6063.0,6003.0,6025.080078125,4627960000,-0.0027275831896475754
2025-02-13,6115.06982421875,6115.06982421875,6116.91015625,6050.9501953125,6060.58984375,4763800000,0.010372313214235747
2025-02-14,6114.6298828125,6114.6298828125,6127.47021484375,6107.6201171875,6115.52001953125,4335190000,-7.19463955744955e-05
2025-02-18,6129.580078125,6129.580078125,6129.6298828125,6099.509765625,6121.60009765625,4684980000,0.002442003655551809
2025-02-19,6144.14990234375,6144.14990234375,6147.43017578125,6111.14990234375,6117.759765625,4562330000,0.0023741488668242434
2025-02-20,6117.52001953125,6117.52001953125,6134.5,6084.58984375,6134.5,4813690000,-0.004343604884290259
2025-02-21,6013.1298828125,6013.1298828125,6114.81982421875,6008.56005859375,6114.10009765625,5434560000,-0.017211396672539132
2025-02-24,5983.25,5983.25,6043.64990234375,5977.830078125,6026.68994140625,4990120000,-0.004981493566252351
2025-02-25,5955.25,5955.25,5992.64990234375,5908.490234375,5982.72998046875,5374690000,-0.004690715138395557
2025-02-26,5956.06005859375,5956.06005859375,6009.81982421875,5932.68994140625,5970.8701171875,4869580000,0.00013601502958346571
2025-02-27,5861.56982421875,5861.56982421875,5993.68994140625,5858.77978515625,5981.8798828125,5057680000,-0.015991742678524653
2025-02-28,5954.5,5954.5,5959.39990234375,5837.66015625,5856.740234375,6441140000,0.015729780420663385
2025-03-03,5849.72021484375,5849.72021484375,5986.08984375,5810.91015625,5968.330078125,5613850000,-0.017753402648308866
2025-03-04,5778.14990234375,5778.14990234375,5865.080078125,5732.58984375,5811.97998046875,6138110000,-0.012310288231505477
2025-03-05,5842.6298828125,5842.6298828125,5860.58984375,5742.35009765625,5781.35986328125,5285970000,0.011097472528735688
2025-03-06,5738.52001953125,5738.52001953125,5812.080078125,5711.64013671875,5785.8701171875,5165080000,-0.017979677107455568
2025-03-07,5770.2001953125,5770.2001953125,5783.009765625,5666.2900390625,5726.009765625,5705140000,0.005505435045454467
2025-03-10,5614.56005859375,5614.56005859375,5705.3701171875,5564.02001953125,5705.3701171875,6409370000,-0.027343541788428148
2025-03-11,5572.06982421875,5572.06982421875,5636.2998046875,5528.41015625,5603.64990234375,6221240000,-0.007596646918536578
2025-03-12,5599.2998046875,5599.2998046875,5642.18994140625,5546.08984375,5624.83984375,5219830000,0.004874967940490777
2025-03-13,5521.52001953125,5521.52001953125,5597.77978515625,5504.64990234375,5594.4501953125,5018980000,-0.013988366806464148
2025-03-14,5638.93994140625,5638.93994140625,5645.27001953125,5563.85009765625,5563.85009765625,4863180000,0.02104290595319694
2025-03-17,5675.1201171875,5675.1201171875,5703.52001953125,5631.1201171875,5635.60009765625,5031770000,0.0063956349746060355
2025-03-18,5614.66015625,5614.66015625,5654.52978515625,5597.759765625,5654.52978515625,4666270000,-0.010710667074319702
2025-03-19,5675.2900390625,5675.2900390625,5715.330078125,5622.2001953125,5632.3701171875,4660090000,0.010740608172953766
2025-03-20,5662.89013671875,5662.89013671875,5711.14990234375,5632.330078125,5646.919921875,4678420000,-0.002187283513782985
2025-03-21,5667.56005859375,5667.56005859375,5670.83984375,5603.10009765625,5630.72998046875,9367460000,0.0008243136078323211
2025-03-24,5767.56982421875,5767.56982421875,5775.14013671875,5718.080078125,5718.080078125,4517990000,0.01749211712863917
2025-03-25,5776.64990234375,5776.64990234375,5786.9501953125,5760.419921875,5775.9599609375,4467340000,0.0015730954906538206
2025-03-26,5712.2001953125,5712.2001953125,5783.6201171875,5694.41015625,5771.66015625,4183140000,-0.011219640357598032
2025-03-27,5693.31005859375,5693.31005859375,5732.27978515625,5670.93994140625,5695.64013671875,4403460000,-0.0033124610071321114
2025-03-28,5580.93994140625,5580.93994140625,5685.89013671875,5572.419921875,5679.2001953125,4513330000,-0.019934601126853548
2025-03-31,5611.85009765625,5611.85009765625,5627.56005859375,5488.72998046875,5527.91015625,5257250000,0.005523240357645722
2025-04-01,5633.06982421875,5633.06982421875,5650.56982421875,5558.52001953125,5597.52978515625,4434500000,0.0037741045552120668
2025-04-02,5670.97021484375,5670.97021484375,5695.31005859375,5571.47998046875,5580.759765625,4243830000,0.006705661429484109
2025-04-03,5396.52001953125,5396.52001953125,5499.52978515625,5390.830078125,5492.740234375,7210470000,-0.04960591182899663
2025-04-04,5074.080078125,5074.080078125,5292.14013671875,5069.89990234375,5292.14013671875,8853500000,-0.061609061898230934
2025-04-07,5062.25,5062.25,5246.56982421875,4835.0400390625,4953.7900390625,8691980000,-0.0023341946059635883
2025-04-08,4982.77001953125,4982.77001953125,5267.47021484375,4910.419921875,5193.56982421875,7408140000,-0.015825083277054855
2025-04-09,5456.89990234375,5456.89990234375,5481.33984375,4948.43017578125,4965.27978515625,9489600000,0.09089487983303646
2025-04-10,5268.0498046875,5268.0498046875,5353.14990234375,5115.27001953125,5353.14990234375,6677140000,-0.03522060702411168
2025-04-11,5363.35986328125,5363.35986328125,5381.4599609375,5220.77001953125,5255.56005859375,5602550000,0.01793038083577807
2025-04-14,5405.97021484375,5405.97021484375,5459.4599609375,5358.02001953125,5441.9599609375,5031440000,0.007913319326342991
2025-04-15,5396.6298828125,5396.6298828125,5450.41015625,5386.43994140625,5411.990234375,4317110000,-0.001729275225300909
2025-04-16,5275.7001953125,5275.7001953125,5367.240234375,5220.7900390625,5335.75,4607750000,-0.022663253964902527
2025-04-17,5282.7001953125,5282.7001953125,5328.31005859375,5255.580078125,5305.4501953125,4714880000,0.0013259586237727749
2025-04-21,5158.2001953125,5158.2001953125,5232.93994140625,5101.6298828125,5232.93994140625,4226340000,-0.02384964833401801
2025-04-22,5287.759765625,5287.759765625,5309.60986328125,5207.669921875,5207.669921875,4666950000,0.02480695212545062
2025-04-23,5375.85986328125,5375.85986328125,5469.68994140625,5356.169921875,5395.919921875,5371390000,0.016523864366879457
2025-04-24,5484.77001953125,5484.77001953125,5489.39990234375,5371.9599609375,5381.3798828125,4697710000,0.020056628082583162
2025-04-25,5525.2099609375,5525.2099609375,5528.10986328125,5455.85986328125,5489.72998046875,4236580000,0.0073460847957005125
2025-04-28,5528.75,5528.75,5553.66015625,5468.64013671875,5529.22021484375,4257880000,0.0006405015390019333
2025-04-29,5560.830078125,5560.830078125,5571.9501953125,5505.7001953125,5508.8701171875,4747150000,0.005785641545556399
2025-04-30,5569.06005859375,5569.06005859375,5581.83984375,5433.240234375,5499.43994140625,5449490000,0.0014788972519335208
2025-05-01,5604.14013671875,5604.14013671875,5658.91015625,5597.35009765625,5625.14013671875,4935270000,0.006279345716451974
2025-05-02,5686.669921875,5686.669921875,5700.7001953125,5642.27978515625,5645.8798828125,4854380000,0.014619191109112719
2025-05-05,5650.3798828125,5650.3798828125,5683.3798828125,5634.47998046875,5655.31982421875,4358260000,-0.006402047029318447
2025-05-06,5606.91015625,5606.91015625,5649.580078125,5586.0400390625,5605.8701171875,4717260000,-0.007722985278391797
2025-05-07,5631.27978515625,5631.27978515625,5654.72998046875,5578.64013671875,5614.18017578125,4987440000,0.004336938106710132
2025-05-08,5663.93994140625,5663.93994140625,5720.10009765625,5635.3798828125,5663.60009765625,5627400000,0.005783021147465641
2025-05-09,5659.91015625,5659.91015625,5691.68994140625,5644.14990234375,5679.64990234375,4645090000,-0.0007117341348763632
2025-05-12,5844.18994140625,5844.18994140625,5845.3701171875,5786.080078125,5807.2001953125,6014580000,0.03203997667702081
2025-05-13,5886.5498046875,5886.5498046875,5906.64013671875,5845.02001953125,5854.14990234375,5516290000,0.007222059020245977
2025-05-14,5892.580078125,5892.580078125,5906.5498046875,5872.10986328125,5896.740234375,5233450000,0.001023891242276054
2025-05-15,5916.93017578125,5916.93017578125,5924.2099609375,5865.16015625,5869.81982421875,4991290000,0.004123817438757677
2025-05-16,5958.3798828125,5958.3798828125,5958.6201171875,5907.35986328125,5929.08984375,4850850000,0.006980849368100189
2025-05-19,5963.60009765625,5963.60009765625,5968.60986328125,5895.68994140625,5902.8798828125,4144010000,0.0008757295660482738
2025-05-20,5940.4599609375,5940.4599609375,5953.06005859375,5909.259765625,5944.66015625,4416850000,-0.0038877770695725784
2025-05-21,5844.60986328125,5844.60986328125,5938.3701171875,5830.91015625,5910.18017578125,5254250000,-0.016266719267758897
2025-05-22,5842.009765625,5842.009765625,5878.080078125,5825.81982421875,5841.259765625,5157050000,-0.0004449700224211693
2025-05-23,5802.81982421875,5802.81982421875,5829.509765625,5767.41015625,5781.89013671875,4662820000,-0.006730899591473139
2025-05-27,5921.5400390625,5921.5400390625,5924.330078125,5854.06982421875,5854.06982421875,5366380000,0.02025258080218437
2025-05-28,5888.5498046875,5888.5498046875,5939.919921875,5881.8798828125,5925.5400390625,4665050000,-0.005586802576444734
2025-05-29,5912.169921875,5912.169921875,5943.1298828125,5873.7998046875,5939.9599609375,4569750000,0.0040031708706317415
2025-05-30,5911.68994140625,5911.68994140625,5922.14013671875,5843.66015625,5903.669921875,6378540000,-8.118845699520562e-05
2025-06-02,5935.93994140625,5935.93994140625,5937.39990234375,5861.43017578125,5896.68017578125,4832240000,0.004093651490626028
2025-06-03,5970.3701171875,5970.3701171875,5981.35009765625,5929.0,5938.56005859375,5026680000,0.005783533535368979
2025-06-04,5970.81005859375,5970.81005859375,5990.47998046875,5966.10986328125,5978.93994140625,4767050000,7.368474471916267e-05
2025-06-05,5939.2998046875,5939.2998046875,5999.7001953125,5921.2001953125,5985.669921875,5091850000,-0.005291357978698112
2025-06-06,6000.35986328125,6000.35986328125,6016.8701171875,5978.6298828125,5987.06005859375,4355710000,0.010228196215376713
2025-06-09,6005.8798828125,6005.8798828125,6021.31005859375,5994.18017578125,6004.6298828125,4642360000,0.0009195251863913659
2025-06-10,6038.81005859375,6038.81005859375,6043.009765625,6000.27978515625,6009.91015625,4882880000,0.005468012541646841
2025-06-11,6022.240234375,6022.240234375,6059.39990234375,6002.31982421875,6049.3798828125,5111550000,-0.002747660318287345
2025-06-12,6045.259765625,6045.259765625,6045.43017578125,6003.8798828125,6009.89990234375,4669500000,0.0038151330716763875
2025-06-13,5976.97021484375,5976.97021484375,6026.16015625,5963.2099609375,6000.56005859375,5258910000,-0.01136066859010289
2025-06-16,6033.10986328125,6033.10986328125,6050.830078125,6004.0,6004.0,5111710000,0.0093488231481891
2025-06-17,5982.72021484375,5982.72021484375,6023.25,5974.7998046875,6012.14990234375,4955700000,-0.008387259723643134
2025-06-18,5980.8701171875,5980.8701171875,6018.25,5971.89013671875,5987.93017578125,5106470000,-0.00030928803472058796
2025-06-20,5967.83984375,5967.83984375,6018.2001953125,5952.56005859375,5999.669921875,7451500000,-0.002181035215587759
2025-06-23,6025.169921875,6025.169921875,6028.77001953125,5943.22998046875,5969.669921875,5597000000,0.009560655071259439
2025-06-24,6092.18017578125,6092.18017578125,6101.759765625,6059.25,6061.2099609375,5443690000,0.011060328616958607
2025-06-25,6092.16015625,6092.16015625,6108.509765625,6080.08984375,6104.22998046875,5171110000,-3.286108349665331e-06
2025-06-26,6141.02001953125,6141.02001953125,6146.52001953125,6107.27001953125,6112.08984375,5308140000,0.007988131032516797
2025-06-27,6173.06982421875,6173.06982421875,6187.68017578125,6132.35009765625,6150.7001953125,7889350000,0.005205399256150098
2025-06-30,6204.9501953125,6204.9501953125,6215.080078125,6174.97021484375,6193.35986328125,5782900000,0.005151137506128882
2025-07-01,6198.009765625,6198.009765625,6210.77978515625,6177.97021484375,6187.25,6275310000,-0.0011191571098791433
2025-07-02,6227.419921875,6227.419921875,6227.60009765625,6188.2900390625,6193.8798828125,5645710000,0.0047338743064907745
2025-07-03,6279.35009765625,6279.35009765625,6284.64990234375,6246.4599609375,6246.4599609375,3378110000,0.00830437821066394
2025-07-07,6229.97998046875,6229.97998046875,6262.06982421875,6201.0,6259.0400390625,5236740000,-0.007893368104244017
2025-07-08,6225.52001953125,6225.52001953125,6242.7001953125,6217.75,6234.02978515625,5739030000,-0.0007161432504695748
2025-07-09,6263.259765625,6263.259765625,6269.16015625,6231.43017578125,6243.330078125,4813340000,0.00604380277677969
2025-07-10,6280.4599609375,6280.4599609375,6290.22021484375,6251.43994140625,6266.7998046875,5367350000,0.0027424410729257912
2025-07-11,6259.75,6259.75,6269.43994140625,6237.60009765625,6255.68017578125,4656210000,-0.0033029717732258423
2025-07-14,6268.56005859375,6268.56005859375,6273.31005859375,6239.22021484375,6255.14990234375,4722250000,0.0014064243309367943
2025-07-15,6243.759765625,6243.759765625,6302.0400390625,6241.68017578125,6295.2900390625,5133670000,-0.003964145065672561
2025-07-16,6263.7001953125,6263.7001953125,6268.1201171875,6201.58984375,6254.5,5177460000,0.0031885685253844154
2025-07-17,6297.35986328125,6297.35986328125,6304.68994140625,6262.27001953125,6263.39990234375,5512290000,0.005359380240011013
2025-07-18,6296.7900390625,6296.7900390625,6315.60986328125,6285.27001953125,6312.9501953125,5184700000,-9.049030280841674e-05
2025-07-21,6305.60009765625,6305.60009765625,6336.080078125,6303.7900390625,6304.740234375,5010840000,0.001398157005673256
2025-07-22,6309.6201171875,6309.6201171875,6316.1201171875,6281.7099609375,6306.60009765625,5662040000,0.0006373284966667569
2025-07-23,6358.91015625,6358.91015625,6360.64013671875,6317.490234375,6326.89990234375,5642510000,0.007781532145702873
2025-07-24,6363.35009765625,6363.35009765625,6381.31005859375,6360.56982421875,6368.60009765625,5282720000,0.0006979799969332514
2025-07-25,6388.64013671875,6388.64013671875,6395.81982421875,6368.52978515625,6370.009765625,4470720000,0.003966451001680552
2025-07-28,6389.77001953125,6389.77001953125,6401.06982421875,6375.7900390625,6397.68994140625,4565620000,0.00017684247126657597
2025-07-29,6370.85986328125,6370.85986328125,6409.259765625,6363.919921875,6405.6201171875,5076120000,-0.002963830197466829
2025-07-30,6362.89990234375,6362.89990234375,6396.5400390625,6336.3798828125,6381.22998046875,5375070000,-0.0012502139385094711
2025-07-31,6339.39013671875,6339.39013671875,6427.02001953125,6327.64013671875,6427.02001953125,6077080000,-0.003701662046374567
2025-08-01,6238.009765625,6238.009765625,6287.27978515625,6212.68994140625,6287.27978515625,5827150000,-0.0161213871855698
2025-08-04,6329.93994140625,6329.93994140625,6330.68994140625,6271.7099609375,6271.7099609375,4842580000,0.014629564491414495
2025-08-05,6299.18994140625,6299.18994140625,6346.0,6289.3701171875,6336.6298828125,5517410000,-0.004869703780462017
2025-08-06,6345.06005859375,6345.06005859375,6352.830078125,6301.10986328125,6309.2998046875,5408560000,0.007255522219852605
2025-08-07,6340.0,6340.0,6389.7099609375,6310.31982421875,6374.31982421875,5306090000,-0.0007977981718278668
2025-08-08,6389.4501953125,6389.4501953125,6395.16015625,6355.22021484375,6355.22021484375,4769910000,0.0077694548163894745
2025-08-11,6373.4501953125,6373.4501953125,6407.25,6364.06005859375,6389.669921875,4652400000,-0.0025072683938851073
2025-08-12,6445.759765625,6445.759765625,6446.5498046875,6385.759765625,6395.169921875,5135300000,0.011281559075170764
2025-08-13,6466.580078125,6466.580078125,6480.27978515625,6445.02001953125,6462.669921875,5195950000,0.0032248733840464015
2025-08-14,6468.5400390625,6468.5400390625,6473.919921875,6441.06982421875,6453.4599609375,4462050000,0.00030304487855445177
2025-08-15,6449.7998046875,6449.7998046875,6481.33984375,6441.85009765625,6477.3798828125,4575060000,-0.0029013399163647113
2025-08-18,6449.14990234375,6449.14990234375,6455.35009765625,6437.7001953125,6445.02001953125,4162290000,-0.00010076825773579619
2025-08-19,6411.3701171875,6411.3701171875,6456.47998046875,6400.22021484375,6446.240234375,4377440000,-0.005875329112207127
2025-08-20,6395.77978515625,6395.77978515625,6408.39990234375,6343.85986328125,6406.6201171875,4470390000,-0.002434630632264957
2025-08-21,6370.169921875,6370.169921875,6393.64990234375,6352.7099609375,6380.830078125,4013560000,-0.004012219728951123
2025-08-22,6466.91015625,6466.91015625,6478.89013671875,6384.58984375,6384.58984375,5046860000,0.015072285158779139
2025-08-25,6439.31982421875,6439.31982421875,6466.89013671875,6438.06005859375,6457.669921875,4059070000,-0.004275512539646319
2025-08-26,6465.93994140625,6465.93994140625,6468.3701171875,6429.2099609375,6435.490234375,4867680000,0.00412547371011636
2025-08-27,6481.39990234375,6481.39990234375,6487.06005859375,6457.83984375,6462.259765625,4143680000,0.0023881304533030262
2025-08-28,6501.85986328125,6501.85986328125,6508.22998046875,6466.9599609375,6483.83984375,4283760000,0.003151747441466755
2025-08-29,6460.259765625,6460.259765625,6491.759765625,6444.56982421875,6489.27978515625,4234840000,-0.006418740402792551
2025-09-02,6415.5400390625,6415.5400390625,6416.5400390625,6360.580078125,6401.509765625,4784000000,-0.006946350061030363
2025-09-03,6448.259765625,6448.259765625,6453.669921875,6416.169921875,6445.81982421875,4465360000,0.005087112302941308
2025-09-04,6502.080078125,6502.080078125,6502.5400390625,6445.97998046875,6456.60009765625,4670770000,0.008311847102873571
2025-09-05,6481.5,6481.5,6532.64990234375,6443.97998046875,6529.080078125,5066120000,-0.00317017266993674
2025-09-08,6495.14990234375,6495.14990234375,6508.669921875,6483.2900390625,6498.08984375,5211500000,0.0021037644508885675
2025-09-09,6512.60986328125,6512.60986328125,6518.22998046875,6483.080078125,6503.330078125,4798350000,0.0026845470300734414
2025-09-10,6532.0400390625,6532.0400390625,6555.97021484375,6516.33984375,6550.2900390625,5253010000,0.0029790282293981275
2025-09-11,6587.47021484375,6587.47021484375,6592.89013671875,6545.7998046875,6554.41015625,5426460000,0.008450087623093565
2025-09-12,6584.2900390625,6584.2900390625,6600.2099609375,6579.490234375,6590.66015625,4641640000,-0.00048287788142832935
2025-09-15,6615.27978515625,6615.27978515625,6619.6201171875,6602.06982421875,6603.490234375,5045020000,0.004695577726559718
2025-09-16,6606.759765625,6606.759765625,6626.990234375,6600.10986328125,6624.1298828125,5359510000,-0.0012887604333313247
2025-09-17,6600.35009765625,6600.35009765625,6624.39013671875,6551.14990234375,6604.8701171875,5805340000,-0.0009706390782443865
2025-09-18,6631.9599609375,6631.9599609375,6656.7998046875,6611.89013671875,6626.85009765625,5292400000,0.004777687836708263
2025-09-19,6664.35986328125,6664.35986328125,6671.81982421875,6630.31005859375,6647.10986328125,9125960000,0.004873523937481177
2025-09-22,6693.75,6693.75,6698.8798828125,6648.06982421875,6654.27978515625,5642620000,0.004400350714762291
2025-09-23,6656.919921875,6656.919921875,6699.52001953125,6645.580078125,6692.43994140625,5633620000,-0.005517351828739721
2025-09-24,6637.97021484375,6637.97021484375,6672.66015625,6621.759765625,6669.7900390625,5459180000,-0.0028506771652953692
2025-09-25,6604.72021484375,6604.72021484375,6619.0,6569.22021484375,6608.18994140625,5874670000,-0.005021648742526333
2025-09-26,6643.7001953125,6643.7001953125,6648.97021484375,6604.43017578125,6615.3798828125,5103110000,0.005884489130413512
2025-09-29,6661.2099609375,6661.2099609375,6677.31005859375,6644.490234375,6661.580078125,5358760000,0.002632077259912619
2025-09-30,6688.4599609375,6688.4599609375,6691.25,6641.0,6656.18994140625,6057210000,0.004082503613507919
2025-10-01,6711.2001953125,6711.2001953125,6718.47998046875,6656.2001953125,6664.919921875,6037950000,0.0033941541712235066
2025-10-02,6715.35009765625,6715.35009765625,6731.93994140625,6693.22998046875,6731.31005859375,5416130000,0.0006181636213842448
2025-10-03,6715.7900390625,6715.7900390625,6750.8701171875,6705.669921875,6722.14013671875,5713110000,6.55106568658717e-05
2025-10-06,6740.27978515625,6740.27978515625,6749.52001953125,6717.77978515625,6733.85986328125,5604460000,0.003639959282762629
2025-10-07,6714.58984375,6714.58984375,6754.490234375,6699.9599609375,6746.14013671875,5546150000,-0.003818687706853079
2025-10-08,6753.72021484375,6753.72021484375,6755.64013671875,6718.08984375,6723.8701171875,5383130000,0.005810748494187323
2025-10-09,6735.10986328125,6735.10986328125,6764.580078125,6716.169921875,6760.5,5385020000,-0.0027593739802789824
2025-10-10,6552.509765625,6552.509765625,6762.39990234375,6550.77978515625,6740.490234375,6596610000,-0.027485975439899807
2025-10-13,6654.72021484375,6654.72021484375,6668.68017578125,6620.7099609375,6622.52978515625,5303960000,0.015478263036934031
2025-10-14,6644.31005859375,6644.31005859375,6680.7001953125,6555.06982421875,6602.490234375,5666920000,-0.00156555149694257
2025-10-15,6671.06005859375,6671.06005859375,6724.1201171875,6612.10986328125,6688.27001953125,5633060000,0.004017918503427979
2025-10-16,6629.06982421875,6629.06982421875,6709.33984375,6593.990234375,6689.02001953125,6048180000,-0.006314280275141975
2025-10-17,6664.009765625,6664.009765625,6678.8798828125,6603.759765625,6613.27001953125,5358120000,0.0052568739445263
2025-10-20,6735.1298828125,6735.1298828125,6744.35009765625,6690.0498046875,6690.0498046875,4672170000,0.010615724136144117
2025-10-21,6735.35009765625,6735.35009765625,6752.16015625,6722.02978515625,6736.75,5245020000,3.269591641698797e-05
2025-10-22,6699.39990234375,6699.39990234375,6741.75,6655.68994140625,6741.33984375,5710010000,-0.005351834774743029
2025-10-23,6738.43994140625,6738.43994140625,6749.52978515625,6700.14013671875,6703.64990234375,5565750000,0.0058104798620133855
2025-10-24,6791.68994140625,6791.68994140625,6807.10986328125,6772.06982421875,6772.06982421875,5058220000,0.007871361975244856
2025-10-27,6875.16015625,6875.16015625,6877.27978515625,6843.93994140625,6845.4599609375,5290650000,0.012215141327379352
2025-10-28,6890.89013671875,6890.89013671875,6911.2998046875,6870.72998046875,6897.740234375,5695930000,0.0022853305022299255
2025-10-29,6890.58984375,6890.58984375,6920.33984375,6851.91015625,6910.9501953125,6280130000,-4.3579204733175357e-05
2025-10-30,6822.33984375,6822.33984375,6880.75,6820.68994140625,6860.5,6052700000,-0.009954191424534511
2025-10-31,6840.2001953125,6840.2001953125,6879.169921875,6814.259765625,6879.169921875,6398280000,0.0026145009178832708
2025-11-03,6851.97021484375,6851.97021484375,6882.31982421875,6820.6201171875,6882.31982421875,6065720000,0.0017192339969181521
2025-11-04,6771.5498046875,6771.5498046875,6820.2099609375,6766.7099609375,6788.52001953125,5739510000,-0.011806250392326715
2025-11-05,6796.2900390625,6796.2900390625,6829.77978515625,6763.10986328125,6769.77001953125,5939600000,0.0036468976756877185
2025-11-06,6720.31982421875,6720.31982421875,6796.68017578125,6707.509765625,6787.58984375,6051900000,-0.011241134514722728
2025-11-07,6728.7998046875,6728.7998046875,6730.10986328125,6631.43994140625,6696.18017578125,5926070000,0.0012610463474931072
2025-11-10,6832.43017578125,6832.43017578125,6841.31982421875,6770.56005859375,6785.35986328125,5366050000,0.015283626703501816
2025-11-11,6846.60986328125,6846.60986328125,6855.1298828125,6806.8701171875,6815.64013671875,4983490000,0.0020731999523923177
2025-11-12,6850.919921875,6850.919921875,6869.91015625,6829.6201171875,6867.77001953125,5293610000,0.0006293191259445972
2025-11-13,6737.490234375,6737.490234375,6828.0498046875,6724.72021484375,6826.47021484375,5473720000,-0.01669545163092778
2025-11-14,6734.10986328125,6734.10986328125,6774.31005859375,6646.8701171875,6672.14013671875,5042660000,-0.0005018514712717733
2025-11-17,6672.41015625,6672.41015625,6754.5,6638.89990234375,6713.60986328125,5204220000,-0.009204497894305158
2025-11-18,6617.31982421875,6617.31982421875,6666.6298828125,6574.31982421875,6641.18994140625,5159390000,-0.008290709844169318
2025-11-19,6642.16015625,6642.16015625,6689.75,6603.5,6625.83984375,5021610000,0.00374680773726533
2025-11-20,6538.759765625,6538.759765625,6770.35009765625,6534.0498046875,6737.93017578125,5596080000,-0.01568972611631523
2025-11-21,6602.990234375,6602.990234375,6660.0498046875,6521.919921875,6555.77001953125,5929930000,0.009775103041592069
2025-11-24,6705.1201171875,6705.1201171875,6715.75,6630.7001953125,6636.5400390625,6039740000,0.015348818899081837
2025-11-25,6765.8798828125,6765.8798828125,6776.39990234375,6659.97998046875,6697.02978515625,5003330000,0.009020886000832944
2025-11-26,6812.60986328125,6812.60986328125,6831.43994140625,6783.8701171875,6793.5498046875,4485000000,0.006882969436149685
2025-11-28,6849.08984375,6849.08984375,6850.85986328125,6819.75,6822.52001953125,2558540000,0.005340487341137372
2025-12-01,6812.6298828125,6812.6298828125,6843.64990234375,6799.93994140625,6812.2998046875,4549370000,-0.005337548746055966
2025-12-02,6829.3701171875,6829.3701171875,6851.5498046875,6806.7099609375,6830.9599609375,4582290000,0.002454221195936617
2025-12-03,6849.72021484375,6849.72021484375,6862.419921875,6810.43017578125,6815.2900390625,4736780000,0.0029753605210852863
2025-12-04,6857.1201171875,6857.1201171875,6866.47021484375,6827.1201171875,6866.47021484375,4872440000,0.001079738711974404
2025-12-05,6870.39990234375,6870.39990234375,6895.77978515625,6858.2900390625,6866.31982421875,4944560000,0.0019347688846794776
2025-12-08,6846.509765625,6846.509765625,6878.27001953125,6827.18994140625,6875.2001953125,4757130000,-0.0034833153316476935
2025-12-09,6840.509765625,6840.509765625,6864.919921875,6837.43017578125,6840.60986328125,4508050000,-0.0008767431610132386
2025-12-10,6886.68017578125,6886.68017578125,6900.669921875,6824.68994140625,6833.490234375,5526570000,0.006726880659139976
2025-12-11,6901.0,6901.0,6903.4599609375,6833.4501953125,6861.2998046875,5021060000,0.00207719198371703
2025-12-12,6827.41015625,6827.41015625,6899.85009765625,6801.7900390625,6886.85009765625,4910160000,-0.010720913458554537
2025-12-15,6816.509765625,6816.509765625,6861.58984375,6801.490234375,6860.18994140625,4975600000,-0.0015978388918367072
2025-12-16,6800.259765625,6800.259765625,6819.27001953125,6759.740234375,6800.1201171875,4983180000,-0.00238676400843967
2025-12-17,6721.43017578125,6721.43017578125,6812.259765625,6720.43017578125,6802.8798828125,5122120000,-0.01165985661137129
2025-12-18,6774.759765625,6774.759765625,6816.1298828125,6758.5,6778.06005859375,5101190000,0.007902951520479156
2025-12-19,6834.5,6834.5,6840.02001953125,6792.6201171875,6792.6201171875,8554470000,0.008779407421828872
2025-12-22,6878.490234375,6878.490234375,6882.02978515625,6855.740234375,6865.2099609375,4465030000,0.006415870575561936
2025-12-23,6909.7900390625,6909.7900390625,6910.8798828125,6868.81005859375,6872.41015625,3820560000,0.004540067046788208
2025-12-24,6932.0498046875,6932.0498046875,6937.31982421875,6904.91015625,6904.91015625,1798270000,0.003216304344700708
2025-12-26,6929.93994140625,6929.93994140625,6945.77001953125,6921.60009765625,6936.02001953125,2586550000,-0.00030440987710828846
2025-12-29,6905.740234375,6905.740234375,6920.2099609375,6888.759765625,6903.60009765625,3541750000,-0.003498162923937312
2025-12-30,6896.240234375,6896.240234375,6913.25,6893.47021484375,6900.43994140625,3309930000,-0.0013766142506534472
2025-12-31,6845.5,6845.5,6901.419921875,6844.5498046875,6898.81982421875,3261830000,-0.007384867434248815
